0.0000000000,0.0000000000,0.3000000000,-0.0299027180,0.0155470993,0.9839517247,0.1752230537,0.0075398223,-0.0018849556,0.0000000000,-1.3000000000,0.0000000000,-0.0000000000,0.0000000000,1.3000000000,0.0000000000,0.0000000000,-0.3038452864,-0.0158312358,-0.0856412575,0.3953993917,-0.0695327744,0.0112853069,-0.2611200213,-0.0284199286,-0.0684748590,0.4076066315,-0.1590721905,0.0071145035
0.0187614011,-0.0068814316,0.3000000000,-0.0283048147,0.0152412372,0.9840575672,0.1749206867,0.0075398223,-0.0018849556,0.0000000000,-1.3000000000,0.0000000000,-0.0000000000,0.0000000000,1.3000000000,0.0000000000,0.0000000000,-0.3175776497,-0.0158312358,-0.0848783106,0.4060803451,-0.0653730361,0.0102009689,-0.2752338544,-0.0295643546,-0.0711450029,0.4236278430,-0.1511502129,0.0075307412
0.0375261964,-0.0137536033,0.3000000000,-0.0268579190,0.0145632259,0.9841361749,0.1747642809,0.0075398223,-0.0018849556,0.0000000000,-1.3000000000,0.0000000000,-0.0000000000,0.0000000000,1.3000000000,0.0000000000,0.0000000000,-0.3293591145,-0.0158312358,-0.0844968334,0.4159765697,-0.0596060702,0.0085940761,-0.2893041673,-0.0303273052,-0.0753301609,0.4403572172,-0.1465652850,0.0031153435
0.0562961871,-0.0206115674,0.3000000000,-0.0249574611,0.0138523658,0.9843109939,0.1741180759,0.0075398223,-0.0018849556,0.0000000000,-1.3000000000,0.0000000000,-0.0000000000,0.0000000000,1.3000000000,0.0000000000,0.0000000000,-0.3404561711,-0.0158312358,-0.0841153562,0.4236232257,-0.0564971975,0.0099841552,-0.3038291677,-0.0326107880,-0.0768673196,0.4575530466,-0.1444834752,-0.0010410683
0.0750759659,-0.0274426831,0.3000000000,-0.0227790313,0.0136194571,0.9844932293,0.1734033089,0.0075398223,-0.0018849556,0.0000000000,-1.3000000000,0.0000000000,-0.0000000000,0.0000000000,1.3000000000,0.0000000000,0.0000000000,-0.3518531954,-0.0158312358,-0.0829854301,0.4281917971,-0.0564935692,0.0099783186,-0.3201762336,-0.0371793668,-0.0768673196,0.4765667081,-0.1443159718,-0.0022885913
0.0938654157,-0.0342471513,0.3000000000,-0.0209353843,0.0133185512,0.9846622534,0.1726979228,0.0075398223,-0.0018849556,0.0000000000,-1.3000000000,0.0000000000,-0.0000000000,0.0000000000,1.3000000000,0.0000000000,0.0000000000,-0.3631347040,-0.0158312358,-0.0818265080,0.4320210516,-0.0569958561,0.0107992604,-0.3401357880,-0.0394827202,-0.0768673196,0.4958330080,-0.1450173432,-0.0028339025
0.1126619853,-0.0410319316,0.3000000000,-0.0190493308,0.0128745905,0.9847652757,0.1723621760,0.0075398223,-0.0018849556,0.0000000000,-1.3000000000,0.0000000000,-0.0000000000,0.0000000000,1.3000000000,0.0000000000,0.0000000000,-0.3739376260,-0.0154497596,-0.0795376524,0.4320210516,-0.0574652831,0.0115674315,-0.3619135378,-0.0405775643,-0.0765354294,0.5175555963,-0.1450632185,-0.0035699911
0.1314622163,-0.0478065592,0.3000000000,-0.0170337993,0.0125612255,0.9848785537,0.1719485379,0.0075398223,-0.0018849556,0.0000000000,-1.3000000000,0.0000000000,-0.0000000000,0.0000000000,1.3000000000,0.0000000000,0.0000000000,-0.3846082837,-0.0150682842,-0.0761409747,0.4320210516,-0.0595950901,0.0129130359,-0.3856429162,-0.0436423486,-0.0764858499,0.5409400803,-0.1451451566,-0.0044797865
0.1502703072,-0.0545593329,0.3000000000,-0.0147698856,0.0125716093,0.9850219088,0.1713348894,0.0075398223,-0.0018849556,0.0000000000,-1.3000000000,0.0000000000,-0.0000000000,0.0000000000,1.3000000000,0.0000000000,0.0000000000,-0.3982367504,-0.0154497596,-0.0726710930,0.4320210516,-0.0625073947,0.0162736843,-0.4103581784,-0.0474508155,-0.0772059049,0.5682890856,-0.1461420884,-0.0061955755
0.1690882066,-0.0612847197,0.3000000000,-0.0120858932,0.0129147593,0.9852122139,0.1704231019,0.0075398223,-0.0018849556,0.0000000000,-1.3000000000,0.0000000000,-0.0000000000,0.0000000000,1.3000000000,0.0000000000,0.0000000000,-0.4141382039,-0.0165383576,-0.0715266615,0.4319652237,-0.0665076606,0.0201234907,-0.4347378970,-0.0523970593,-0.0787188701,0.6012193845,-0.1469390839,-0.0075708884
0.1879135021,-0.0679893843,0.3000000000,-0.0078876595,0.0139606968,0.9852445183,0.1703998912,0.0075398223,-0.0018849556,0.0000000000,-1.3000000000,0.0000000000,-0.0000000000,0.0000000000,1.3000000000,0.0000000000,0.0000000000,-0.4292161555,-0.0203416539,-0.0674650092,0.4345568211,-0.0659482785,0.0198111928,-0.4616193343,-0.0583546343,-0.0787746981,0.6318247117,-0.1469858675,-0.0084242983
0.2067395742,-0.0746918683,0.3000000000,-0.0025180688,0.0162460158,0.9852654097,0.1702404145,0.0075398223,-0.0018849556,0.0000000000,-1.3000000000,0.0000000000,-0.0000000000,0.0000000000,1.3000000000,0.0000000000,0.0000000000,-0.4425977382,-0.0241264737,-0.0603740672,0.4421264406,-0.0638819824,0.0234286527,-0.4858914999,-0.0694248440,-0.0791561753,0.6616545269,-0.1451539683,-0.0120124751
0.2255634028,-0.0814006489,0.3000000000,0.0047320782,0.0188725055,0.9851516572,0.1705803278,0.0075398223,-0.0018849556,0.0000000000,-1.3000000000,0.0000000000,-0.0000000000,0.0000000000,1.3000000000,0.0000000000,0.0000000000,-0.4578125094,-0.0301151572,-0.0526650364,0.4549300168,-0.0616571872,0.0242475184,-0.5061538290,-0.0798763033,-0.0795376524,0.6852780175,-0.1444708407,-0.0133448299
0.2443840129,-0.0881184548,0.3000000000,0.0122516349,0.0219593159,0.9850893475,0.1701959557,0.0075398223,-0.0018849556,0.0000000000,-1.3000000000,0.0000000000,-0.0000000000,0.0000000000,1.3000000000,0.0000000000,0.0000000000,-0.4769801533,-0.0358157335,-0.0414760355,0.4895138100,-0.0622166900,0.0244569227,-0.5273349205,-0.0920404028,-0.0781286052,0.6934486481,-0.1492895237,-0.0181096599
0.2632204765,-0.0947916182,0.3000000000,0.0194294283,0.0231965274,0.9853310169,0.1679500091,0.0075398223,-0.0022066575,0.0000000000,-1.3000000000,0.0000000000,-0.0000000000,0.0000000000,1.3000000000,0.0000000000,0.0000000000,-0.5057007945,-0.0312672561,-0.0207537822,0.5645212978,-0.0672945205,0.0289611787,-0.5499244622,-0.0949828316,-0.0803005993,0.6937133074,-0.1582582623,-0.0362008148
0.2820758836,-0.1014111217,0.3000000000,0.0240049005,0.0209263748,0.9853611611,0.1674790546,0.0075398223,-0.0043982295,0.0000000000,-1.3000000000,0.0000000000,-0.0000000000,0.0000000000,1.3000000000,0.0000000000,0.0000000000,-0.5653473521,-0.0136655583,0.0121850893,0.6916839339,-0.0778927526,0.0414935416,-0.5601071514,-0.0936522484,-0.0896581114,0.6879349399,-0.1549403815,-0.0376859318
0.3009323194,-0.1080276995,0.3000000000,0.0292883002,0.0177981899,0.9853276815,0.1671968301,0.0075398223,-0.0043982295,0.0000000000,-1.3000000000,0.0000000000,-0.0000000000,0.0000000000,1.3000000000,0.0000000000,0.0000000000,-0.6236868075,0.0111062692,0.0439912386,0.8629767111,-0.0877863324,0.0545322887,-0.5640115738,-0.0935005460,-0.0993007492,0.6768502705,-0.1351463118,-0.0353531269
0.3197898709,-0.1146410973,0.3000000000,0.0353717971,0.0154415803,0.9852050104,0.1669774865,0.0075398223,-0.0037699111,0.0000000000,-1.3000000000,0.0000000000,-0.0000000000,0.0000000000,1.3000000000,0.0000000000,0.0000000000,-0.6582568825,0.0282396038,0.0652427308,1.0268802238,-0.1013699888,0.0569218408,-0.5634358983,-0.0944151953,-0.1039520875,0.6618427235,-0.1126659722,-0.0329089897
0.3386481296,-0.1212524790,0.3000000000,0.0424707188,0.0136733330,0.9849835043,0.1667836148,0.0075398223,-0.0037699111,0.0000000000,-1.3000000000,0.0000000000,-0.0000000000,0.0000000000,1.3000000000,0.0000000000,0.0000000000,-0.6573857683,0.0310611418,0.0768964392,1.1556772205,-0.1302630490,0.0498967938,-0.5569106189,-0.0944151953,-0.1003135111,0.6407770115,-0.0855576707,-0.0228286069
0.3575081503,-0.1278588320,0.3000000000,0.0494431403,0.0126582500,0.9847259460,0.1664630768,0.0075398223,-0.0043982295,0.0000000000,-1.3000000000,0.0000000000,-0.0000000000,0.0000000000,1.3000000000,0.0000000000,0.0000000000,-0.6245913065,0.0200906610,0.0749810098,1.2231170726,-0.1751473707,0.0459830861,-0.5434540398,-0.0978274139,-0.0942349927,0.6072447278,-0.0569812389,-0.0131783129
0.3763657277,-0.1344721518,0.3000000000,0.0551937326,0.0121675891,0.9843373648,0.1669896818,0.0075398223,-0.0056548668,0.0000000000,-1.3000000000,0.0000000000,-0.0000000000,0.0000000000,1.3000000000,0.0000000000,0.0000000000,-0.5736679390,-0.0069093349,0.0690328164,1.2315748366,-0.2293479577,0.0424146431,-0.5267939756,-0.1035801158,-0.0883020847,0.5616561874,-0.0316438032,-0.0022998311
0.3952038217,-0.1411407445,0.3000000000,0.0574831074,0.0125424947,0.9839327898,0.1685664358,0.0075398223,-0.0094247777,0.0000000000,-1.3000000000,0.0000000000,-0.0000000000,0.0000000000,1.3000000000,0.0000000000,0.0000000000,-0.5080108123,-0.0414395564,0.0548045300,1.1957798203,-0.2766537207,0.0397793249,-0.5148326582,-0.1113437666,-0.0841153562,0.5095053241,-0.0229682392,0.0075967830
0.4140201569,-0.1478704776,0.3000000000,0.0554471103,0.0125219246,0.9837335602,0.1704027640,0.0075398223,-0.0094247777,0.0000000000,-1.3000000000,0.0000000000,-0.0000000000,0.0000000000,1.3000000000,0.0000000000,0.0000000000,-0.4470852127,-0.0724137015,0.0316050316,1.1188462495,-0.3011779095,0.0446295519,-0.5147479452,-0.1190070390,-0.0852597877,0.4647571888,-0.0406389364,0.0124374552
0.4328042140,-0.1546897228,0.3000000000,0.0490030537,0.0114681015,0.9835705732,0.1733669831,0.0075398223,-0.0100530963,0.0000000000,-1.3000000000,0.0000000000,-0.0000000000,0.0000000000,1.3000000000,0.0000000000,0.0000000000,-0.3931856191,-0.0892357412,-0.0012600923,1.0017031274,-0.2965374388,0.0512499445,-0.5408277179,-0.1214999631,-0.0897193533,0.4456951024,-0.0821651094,0.0210992514
0.4515674943,-0.1615660242,0.3000000000,0.0380209191,0.0071013814,0.9840481138,0.1736470268,0.0075398223,-0.0100530963,0.0000000000,-1.3000000000,0.0000000000,-0.0000000000,0.0000000000,1.3000000000,0.0000000000,0.0000000000,-0.3567214416,-0.0833550137,-0.0396290490,0.8580743143,-0.2771152518,0.0503597419,-0.5913916274,-0.1247033114,-0.1054753783,0.4754256751,-0.1248433532,0.0313665734
0.4703530807,-0.1683810661,0.3000000000,0.0238879112,0.0020628528,0.9849188035,0.1713477833,0.0075398223,-0.0100530963,0.0000000000,-1.3000000000,0.0000000000,-0.0000000000,0.0000000000,1.3000000000,0.0000000000,0.0000000000,-0.3352462037,-0.0729566315,-0.0786068063,0.7177508244,-0.3023690042,0.0640382681,-0.6710600454,-0.1336352270,-0.1188056461,0.5459120836,-0.1382719630,0.0298776590
0.4891782672,-0.1750859726,0.3000000000,0.0105047670,0.0027750022,0.9855133005,0.1692497675,0.0081681414,-0.0098437832,0.0000000000,-1.3000000000,0.0000000000,-0.0000000000,0.0000000000,1.3000000000,0.0000000000,0.0000000000,-0.3335999017,-0.0900916561,-0.0838611941,0.6312792995,-0.3882885184,0.0794313658,-0.7490260811,-0.1499830869,-0.1153965833,0.6526386987,-0.1200851617,0.0232008710
0.5079917703,-0.1818234403,0.3000000000,0.0050165799,0.0075669041,0.9848146363,0.1733715895,0.0075398223,-0.0018849556,0.0000000000,-1.3000000000,0.0000000000,-0.0000000000,0.0000000000,1.3000000000,0.0000000000,0.0000000000,-0.3521178555,-0.0881049293,-0.0686210800,0.5893033441,-0.3820719552,0.0607490669,-0.7911676033,-0.1645781026,-0.1078844701,0.7843966117,-0.0952614881,0.0183688661
0.5267749187,-0.1886452035,0.3000000000,0.0012591918,0.0043570380,0.9852032834,0.1713298601,0.0062831854,-0.0031415927,0.0000000000,-1.3000000000,0.0000000000,-0.0000000000,0.0000000000,1.3000000000,0.0000000000,0.0000000000,-0.3630161850,-0.0605913159,-0.0673304349,0.5432215835,-0.3418059621,0.0557447150,-0.8095759161,-0.1737621129,-0.1158200235,0.9350581496,-0.0779802599,0.0133656669
0.5456493159,-0.1952089633,0.3000000000,-0.0006078688,-0.0044779412,0.9870535809,0.1603271874,0.0069115036,-0.0025132741,0.0000000000,-1.3000000000,0.0000000000,-0.0000000000,0.0000000000,1.3000000000,0.0000000000,0.0000000000,-0.3758372158,-0.0425499402,-0.0718012076,0.5170139840,-0.2703065916,0.0549434737,-0.8020677344,-0.1720531770,-0.1293125001,1.0955274532,-0.0757299509,0.0089740319
0.5646790914,-0.2013077288,0.3000000000,-0.0013618882,-0.0126733167,0.9886715062,0.1495532854,0.0076853990,-0.0018849556,0.0000000000,-1.3000000000,0.0000000000,-0.0000000000,0.0000000000,1.3000000000,0.0000000000,0.0000000000,-0.3901471395,-0.0305320121,-0.0826778403,0.5000400248,-0.1902915928,0.0545811623,-0.7830065156,-0.1614944474,-0.1341770374,1.2515606202,-0.0863862590,0.0029381879
0.5837962001,-0.2071282699,0.3000000000,-0.0004184293,-0.0170797056,0.9890188670,0.1467984649,0.0086622218,-0.0031415927,0.0000000000,-1.3000000000,0.0000000000,-0.0000000000,0.0000000000,1.3000000000,0.0000000000,0.0000000000,-0.3980957723,-0.0314717330,-0.0786931988,0.4932756264,-0.1188578921,0.0534704382,-0.7523269741,-0.1432180398,-0.1367589831,1.3658403776,-0.1081300612,0.0069124344
0.6029046971,-0.2129770750,0.3000000000,0.0017681994,-0.0170076257,0.9885496213,0.1499241822,0.0081681414,-0.0025132741,0.0000000000,-1.3000000000,0.0000000000,-0.0000000000,0.0000000000,1.3000000000,0.0000000000,0.0000000000,-0.4116797805,-0.0258726789,-0.0694900919,0.4764537724,-0.0690841085,0.0488344129,-0.6998631151,-0.1291879588,-0.1380326058,1.4291396663,-0.1339780864,0.0075235507
0.6219705251,-0.2189635290,0.3000000000,0.0020339157,-0.0172959710,0.9882254299,0.1520105663,0.0075398223,-0.0025132741,0.0000000000,-1.3000000000,0.0000000000,-0.0000000000,0.0000000000,1.3000000000,0.0000000000,0.0000000000,-0.4236698716,-0.0165116389,-0.0654230565,0.4364436871,-0.0325412030,0.0386720029,-0.6298204943,-0.1070551773,-0.1476053952,1.4178977644,-0.1618401595,-0.0026652756
0.6410557240,-0.2248876728,0.3000000000,-0.0009686463,-0.0198003121,0.9889649466,0.1468173823,0.0075398223,-0.0037699111,0.0000000000,-1.3000000000,0.0000000000,-0.0000000000,0.0000000000,1.3000000000,0.0000000000,0.0000000000,-0.4193394853,-0.0081398003,-0.0700936462,0.3714482483,-0.0079319844,0.0379443052,-0.5406995518,-0.0730624981,-0.1624416901,1.3343953409,-0.1953285270,-0.0197906228
0.6602153904,-0.2305662495,0.3000000000,-0.0040945981,-0.0218705490,0.9897748214,0.1408925697,0.0081681414,-0.0031002650,0.0000000000,-1.3000000000,0.0000000000,-0.0000000000,0.0000000000,1.3000000000,0.0000000000,0.0000000000,-0.4013775684,-0.0005220301,-0.0756978038,0.2849322440,0.0036789764,0.0361587621,-0.4428631229,-0.0250419332,-0.1737621129,1.1965885981,-0.2346056426,-0.0349915829
0.6794171274,-0.2361013385,0.3000000000,-0.0064944574,-0.0204213560,0.9900044911,0.1393983420,0.0075398223,-0.0031415927,0.0000000000,-1.3000000000,0.0000000000,-0.0000000000,0.0000000000,1.3000000000,0.0000000000,0.0000000000,-0.3828339073,0.0040054931,-0.0655158396,0.2009757037,-0.0057238433,0.0303081712,-0.3528493563,0.0186510823,-0.1662253827,1.0342471035,-0.2735753391,-0.0428436442
0.6986111878,-0.2416629631,0.3000000000,-0.0105894831,-0.0156833782,0.9897371184,0.1416415583,0.0076004325,-0.0037093009,0.0000000000,-1.3000000000,0.0000000000,-0.0000000000,0.0000000000,1.3000000000,0.0000000000,0.0000000000,-0.3864046770,0.0055313953,-0.0413398098,0.1435016627,-0.0519927175,0.0199883489,-0.2766599274,0.0481462618,-0.1416678820,0.8651258383,-0.3041427611,-0.0472889706
0.7177737934,-0.2473319792,0.3000000000,-0.0184796769,-0.0074167154,0.9892523960,0.1448557590,0.0075398223,-0.0068721440,0.0000000000,-1.3000000000,0.0000000000,-0.0000000000,0.0000000000,1.3000000000,0.0000000000,0.0000000000,-0.4305199179,0.0000951511,0.0043878399,0.1627479823,-0.1114479973,0.0071928689,-0.2192524200,0.0539309963,-0.1044760680,0.6903251844,-0.3227570238,-0.0463873747
0.7368938337,-0.2531428785,0.3000000000,-0.0273341094,0.0056414317,0.9884456476,0.1489839669,0.0075398223,-0.0050272884,0.0000000000,-1.3000000000,0.0000000000,-0.0000000000,0.0000000000,1.3000000000,0.0000000000,0.0000000000,-0.5170774983,-0.0085827507,0.0753328793,0.2591982613,-0.1467048952,-0.0043579010,-0.1806336159,0.0318577007,-0.0696233354,0.5274074712,-0.3191968795,-0.0495565783
0.7559604724,-0.2591265283,0.3000000000,-0.0335098278,0.0215471756,0.9871861819,0.1545194259,0.0075398223,-0.0031415927,0.0000000000,-1.3000000000,0.0000000000,-0.0000000000,0.0000000000,1.3000000000,0.0000000000,0.0000000000,-0.6185382341,-0.0093461508,0.1295012160,0.4033695051,-0.1491359803,0.0013187461,-0.1443953135,-0.0146770709,-0.0490235039,0.3942851704,-0.3075941341,-0.0559095931
0.7749673642,-0.2652974598,0.3000000000,-0.0351530438,0.0274490100,0.9866727044,0.1564857494,0.0043982295,0.0018849556,0.0000000000,-1.3000000000,0.0000000000,-0.0000000000,0.0000000000,1.3000000000,0.0000000000,0.0000000000,-0.6891098015,0.0120846662,0.1354210486,0.5633647693,-0.1423935442,0.0264819824,-0.1474089710,0.0073447866,-0.0530905234,0.3568390546,-0.3489013481,-0.0529611223
0.7940411873,-0.2712572652,0.3000000000,-0.0336003780,0.0201897660,0.9883801232,0.1468608863,0.0075013452,0.0000000000,0.0000000000,-1.3000000000,0.0000000000,-0.0000000000,0.0000000000,1.3000000000,0.0000000000,0.0000000000,-0.7286221712,0.0390077998,0.1147268470,0.7376761549,-0.1331225643,0.0485021901,-0.1678764515,0.0048852484,-0.0771086322,0.3538419261,-0.3312355553,-0.0539842188
0.8131684663,-0.2770443905,0.3000000000,-0.0281258933,0.0224358839,0.9882686610,0.1484271503,0.0081681414,0.0043386238,0.0000000000,-1.3000000000,0.0000000000,-0.0000000000,0.0000000000,1.3000000000,0.0000000000,0.0000000000,-0.7425421476,0.0440966130,0.1029524189,0.8895971450,-0.1281024207,0.0398725790,-0.1951805158,-0.0378678369,-0.0829709321,0.3598859823,-0.2645713455,-0.0579403071
0.8322324084,-0.2830360797,0.3000000000,-0.0209315255,0.0280203786,0.9870260674,0.1567044091,0.0081681414,0.0019593011,0.0000000000,-1.3000000000,0.0000000000,-0.0000000000,0.0000000000,1.3000000000,0.0000000000,0.0000000000,-0.7290798823,0.0369478047,0.0892550897,1.0136518472,-0.1361623944,0.0308776083,-0.2291415762,-0.0814654038,-0.0788649744,0.3685155708,-0.1594484942,-0.0422618669
0.8511905800,-0.2893547038,0.3000000000,-0.0141449817,0.0303324685,0.9859243269,0.1638080661,0.0063773889,0.0000000000,0.0000000000,-1.3000000000,0.0000000000,-0.0000000000,0.0000000000,1.3000000000,0.0000000000,0.0000000000,-0.7029447880,0.0301746079,0.0646789932,1.0946062987,-0.1525184856,0.0217915875,-0.2501527177,-0.0706682099,-0.0748455592,0.3863966899,-0.1269307387,-0.0092986449
0.8700829395,-0.2958679180,0.3000000000,-0.0125315020,0.0262434932,0.9856926427,0.1660248617,0.0064168986,-0.0004946053,0.0000000000,-1.3000000000,0.0000000000,-0.0000000000,0.0000000000,1.3000000000,0.0000000000,0.0000000000,-0.6700294699,0.0220972091,0.0312203104,1.1240744609,-0.1669377648,0.0085564104,-0.2634656086,-0.0705201683,-0.0884495195,0.3890766854,-0.0979505404,-0.0087526817
0.8889866279,-0.3023480881,0.3000000000,-0.0132612106,0.0247759471,0.9863026417,0.1625342786,0.0069115036,-0.0018849556,0.0000000000,-1.3000000000,0.0000000000,-0.0000000000,0.0000000000,1.3000000000,0.0000000000,0.0000000000,-0.6248725790,0.0053500267,0.0079234253,1.1179265726,-0.1730444205,0.0008158886,-0.2815195732,-0.0768673196,-0.0922232761,0.3746183701,-0.0667124387,-0.0096961701
0.9079419233,-0.3086757668,0.3000000000,-0.0159491187,0.0250526354,0.9868214706,0.1590640632,0.0075398223,-0.0018849556,0.0000000000,-1.3000000000,0.0000000000,-0.0000000000,0.0000000000,1.3000000000,0.0000000000,0.0000000000,-0.5746317830,-0.0123216915,-0.0067826541,1.0725489067,-0.1692456181,0.0007019634,-0.3052033720,-0.0816434116,-0.0854428824,0.3513160636,-0.0688995466,-0.0042815033
0.9269314641,-0.3149000248,0.3000000000,-0.0209515776,0.0258247020,0.9868823438,0.1579789719,0.0075398223,-0.0025132741,0.0000000000,-1.3000000000,0.0000000000,-0.0000000000,0.0000000000,1.3000000000,0.0000000000,0.0000000000,-0.5182094814,-0.0277570413,-0.0164065787,0.9991438305,-0.1655801667,0.0068640699,-0.3270277473,-0.0850659173,-0.0793437839,0.3238633626,-0.0801463956,0.0045198305
0.9459147093,-0.3211434468,0.3000000000,-0.0277470637,0.0237086103,0.9865398598,0.1593960702,0.0075398223,-0.0031415927,0.0000000000,-1.3000000000,0.0000000000,-0.0000000000,0.0000000000,1.3000000000,0.0000000000,0.0000000000,-0.4544178176,-0.0356679633,-0.0315158546,0.8983450389,-0.1588362496,0.0093783010,-0.3527182686,-0.0800389326,-0.0720279440,0.3063737405,-0.0772103130,0.0209294319
0.9648945351,-0.3273972628,0.3000000000,-0.0335727099,0.0190732828,0.9867120590,0.1578239391,0.0069115036,0.0000000000,0.0000000000,-1.3000000000,0.0000000000,-0.0000000000,0.0000000000,1.3000000000,0.0000000000,0.0000000000,-0.3967670059,-0.0295291781,-0.0586268500,0.7842406198,-0.1319282324,0.0160244246,-0.3767774601,-0.0757053073,-0.0696192905,0.3030999051,-0.0628869881,0.0347921812
0.9839106786,-0.3335396214,0.3000000000,-0.0400698102,0.0123618876,0.9872290491,0.1536892923,0.0069115036,-0.0018849556,0.0000000000,-1.3000000000,0.0000000000,-0.0000000000,0.0000000000,1.3000000000,0.0000000000,0.0000000000,-0.3386624209,-0.0161901065,-0.0813195634,0.6705410632,-0.1066699731,0.0276562398,-0.4191187085,-0.0680933818,-0.0696192905,0.3251677794,-0.0484101804,0.0374113008
1.0029892392,-0.3394849687,0.3000000000,-0.0454927466,0.0087431039,0.9879287842,0.1478197734,0.0075398223,-0.0006283185,0.0000000000,-1.3000000000,0.0000000000,-0.0000000000,0.0000000000,1.3000000000,0.0000000000,0.0000000000,-0.3127697884,-0.0121687332,-0.0919740930,0.5657582994,-0.1665160025,0.0295087985,-0.4758958015,-0.0733587579,-0.0599284611,0.3757216666,-0.0448372565,0.0350818000
1.0221088881,-0.3452972826,0.3000000000,-0.0494677320,0.0075277427,0.9879980951,0.1461370614,0.0075398223,0.0000000000,0.0000000000,-1.3000000000,0.0000000000,-0.0000000000,0.0000000000,1.3000000000,0.0000000000,0.0000000000,-0.2863803683,-0.0087523854,-0.0875055349,0.4890667332,-0.1932602972,0.0126594243,-0.5434183861,-0.0807251816,-0.0474506006,0.4583525767,-0.0466423086,0.0322979042
1.0412469426,-0.3510486807,0.3000000000,-0.0524362646,0.0050729002,0.9881696776,0.1440326075,0.0075398223,0.0000000000,0.0000000000,-1.3000000000,0.0000000000,-0.0000000000,0.0000000000,1.3000000000,0.0000000000,0.0000000000,-0.2861891543,-0.0074387733,-0.0813900357,0.4336534552,-0.2133829639,0.0232926045,-0.6112098147,-0.0860777298,-0.0394277234,0.5721395665,-0.0468903407,0.0332922898
1.0604140844,-0.3567023104,0.3000000000,-0.0532915905,0.0033762271,0.9885847094,0.1408860527,0.0075398223,0.0018849556,0.0000000000,-1.3000000000,0.0000000000,-0.0000000000,0.0000000000,1.3000000000,0.0000000000,0.0000000000,-0.3038933489,-0.0078202486,-0.0707156337,0.4083455327,-0.2279542660,0.0304890085,-0.6744503312,-0.0930920520,-0.0379568152,0.7075216605,-0.0468903407,0.0332922898
1.0796122014,-0.3622499298,0.3000000000,-0.0520622748,0.0041705084,0.9888856260,0.1392025328,0.0075398223,0.0012566370,0.0000000000,-1.3000000000,0.0000000000,-0.0000000000,0.0000000000,1.3000000000,0.0000000000,0.0000000000,-0.3252666344,-0.0089646755,-0.0554082432,0.4081599785,-0.2142234019,0.0306958938,-0.7282012654,-0.0949685531,-0.0381664117,0.8573749485,-0.0476304204,0.0338376210
1.0988093334,-0.3678009414,0.3000000000,-0.0474338385,0.0033542262,0.9888270472,0.1412793362,0.0078365702,0.0018849556,0.0000000000,-1.3000000000,0.0000000000,-0.0000000000,0.0000000000,1.3000000000,0.0000000000,0.0000000000,-0.3432751280,-0.0070572975,-0.0397051707,0.4108385829,-0.1827577472,0.0338068307,-0.7655474262,-0.1008791389,-0.0402245265,1.0141113855,-0.0511643829,0.0322009242
1.1179693383,-0.3734786515,0.3000000000,-0.0417501368,0.0028186444,0.9885350705,0.1450772058,0.0075398223,0.0018849556,0.0000000000,-1.3000000000,0.0000000000,-0.0000000000,0.0000000000,1.3000000000,0.0000000000,0.0000000000,-0.3560694311,-0.0053596560,-0.0303653029,0.4150263960,-0.1554254436,0.0348347963,-0.7848479468,-0.1020447090,-0.0446136413,1.1529550949,-0.0641716938,0.0281692629
1.1370893377,-0.3792896971,0.3000000000,-0.0363636304,0.0024773503,0.9882638215,0.1483447617,0.0075398223,0.0000000000,0.0000000000,-1.3000000000,0.0000000000,-0.0000000000,0.0000000000,1.3000000000,0.0000000000,0.0000000000,-0.3671017855,-0.0021665457,-0.0265125502,0.4148546457,-0.1307413827,0.0330363506,-0.7812080443,-0.1015067085,-0.0555927844,1.2589137730,-0.0838053695,0.0251947029
1.1561767609,-0.3852069482,0.3000000000,-0.0319795399,0.0022724731,0.9880793826,0.1505698459,0.0075398223,0.0000000000,0.0000000000,-1.3000000000,0.0000000000,-0.0000000000,0.0000000000,1.3000000000,0.0000000000,0.0000000000,-0.3762186535,0.0037612724,-0.0268940255,0.4103839140,-0.1054721016,0.0335031145,-0.7551469660,-0.0997558534,-0.0682609305,1.3143275816,-0.1074283051,0.0206621294
1.1752466257,-0.3911805972,0.3000000000,-0.0281978648,0.0015007833,0.9881318727,0.1509901657,0.0075398223,0.0000000000,0.0000000000,-1.3000000000,0.0000000000,-0.0000000000,0.0000000000,1.3000000000,0.0000000000,0.0000000000,-0.3853779958,0.0096245801,-0.0302242595,0.3973736663,-0.0781482112,0.0294854640,-0.7056004454,-0.0961833586,-0.0835277900,1.3191216481,-0.1330593810,0.0128114282
1.1943232230,-0.3971327005,0.3000000000,-0.0264696089,0.0008848499,0.9883631344,0.1497894902,0.0075398223,0.0000000000,0.0000000000,-1.3000000000,0.0000000000,-0.0000000000,0.0000000000,1.3000000000,0.0000000000,0.0000000000,-0.3900587559,0.0163231853,-0.0408480937,0.3698802286,-0.0511901454,0.0244630502,-0.6360793445,-0.0887431151,-0.0955095717,1.2734749211,-0.1600573303,0.0042258018
1.2134205337,-0.4030179561,0.3000000000,-0.0266086485,0.0002692297,0.9887218208,0.1473806919,0.0075398223,0.0000000000,0.0000000000,-1.3000000000,0.0000000000,-0.0000000000,0.0000000000,1.3000000000,0.0000000000,0.0000000000,-0.3898006954,0.0216767803,-0.0532045957,0.3279232052,-0.0291554618,0.0173244207,-0.5540597692,-0.0751058395,-0.1036940220,1.1838871453,-0.1888343628,-0.0040139195
1.2325546244,-0.4087824249,0.3000000000,-0.0270710970,0.0010998043,0.9892270674,0.1438601935,0.0075398223,0.0000000000,0.0000000000,-1.3000000000,0.0000000000,-0.0000000000,0.0000000000,1.3000000000,0.0000000000,0.0000000000,-0.3908216953,0.0265125502,-0.0628691751,0.2791779204,-0.0153553230,0.0139113072,-0.4626797493,-0.0564483669,-0.1033377201,1.0603154285,-0.2125149263,-0.0093420785
1.2517236782,-0.4144296151,0.3000000000,-0.0285199733,0.0039414457,0.9895274939,0.1414440348,0.0079959087,0.0000000000,0.0000000000,-1.3000000000,0.0000000000,-0.0000000000,0.0000000000,1.3000000000,0.0000000000,0.0000000000,-0.3975527115,0.0261310749,-0.0629250635,0.2410373412,-0.0160220414,0.0011231082,-0.3747880662,-0.0367755898,-0.0919849749,0.9200463540,-0.2234413811,-0.0103456688
1.2709154408,-0.4199991894,0.3000000000,-0.0320643148,0.0110011332,0.9895447858,0.1401854900,0.0075398223,0.0000000000,0.0000000000,-1.3000000000,0.0000000000,-0.0000000000,0.0000000000,1.3000000000,0.0000000000,0.0000000000,-0.4272612708,0.0208831860,-0.0523531855,0.2377607049,-0.0254444733,-0.0128385577,-0.3006833706,-0.0325233902,-0.0664643163,0.7746476546,-0.2170574675,-0.0039427302
1.2901114106,-0.4255542753,0.3000000000,-0.0373479126,0.0204233956,0.9890673864,0.1411868388,0.0075398223,0.0000000000,0.0000000000,-1.3000000000,0.0000000000,-0.0000000000,0.0000000000,1.3000000000,0.0000000000,0.0000000000,-0.4819714770,0.0150682842,-0.0301217264,0.2886044904,-0.0287086034,-0.0195636541,-0.2570585703,-0.0447822624,-0.0377923522,0.6320422024,-0.2436496229,-0.0074308976
1.3092819792,-0.4311962833,0.3000000000,-0.0420704554,0.0260524971,0.9882309252,0.1447445425,0.0075398223,0.0037699111,0.0000000000,-1.3000000000,0.0000000000,-0.0000000000,0.0000000000,1.3000000000,0.0000000000,0.0000000000,-0.5538892512,0.0193246036,-0.0148880197,0.3815615405,-0.0264246571,-0.0118375107,-0.2371079975,-0.0378967274,-0.0314717330,0.5265095620,-0.3098070913,-0.0014909156
1.3284149966,-0.4369642939,0.3000000000,-0.0462993108,0.0297499949,0.9873745438,0.1485355913,0.0075398223,0.0025646589,0.0000000000,-1.3000000000,0.0000000000,-0.0000000000,0.0000000000,1.3000000000,0.0000000000,0.0000000000,-0.6263721816,0.0185327625,-0.0051187224,0.5079445894,-0.0221020224,-0.0037259760,-0.2276125594,-0.0367187982,-0.0415460865,0.4587626460,-0.3424622690,-0.0060472790
1.3475261100,-0.4428046133,0.3000000000,-0.0467473084,0.0289394376,0.9875279573,0.1475321380,0.0069115036,0.0062831854,0.0000000000,-1.3000000000,0.0000000000,-0.0000000000,0.0000000000,1.3000000000,0.0000000000,0.0000000000,-0.6804695238,0.0207459290,-0.0028165789,0.6515785981,-0.0209988596,0.0060425397,-0.2403612975,-0.0303273052,-0.0629751692,0.4472355920,-0.3089296386,-0.0118950279
1.3666711053,-0.4485327910,0.3000000000,-0.0442193670,0.0280780424,0.9881425228,0.1443281875,0.0075398223,0.0043982295,0.0000000000,-1.3000000000,0.0000000000,-0.0000000000,0.0000000000,1.3000000000,0.0000000000,0.0000000000,-0.7167970316,0.0162127111,-0.0009536889,0.7951046406,-0.0295298205,0.0112894575,-0.2625377678,-0.0337215372,-0.0811806971,0.4468986094,-0.2322341665,-0.0078241651
1.3858342736,-0.4541999953,0.3000000000,-0.0391277007,0.0282089717,0.9883139181,0.1445990190,0.0075398223,0.0050265482,0.0000000000,-1.3000000000,0.0000000000,-0.0000000000,0.0000000000,1.3000000000,0.0000000000,0.0000000000,-0.7303491498,0.0165657615,-0.0024795912,0.9180373838,-0.0433382973,0.0168269226,-0.2882758515,-0.0318532065,-0.0917732947,0.4518719888,-0.1820114245,-0.0248386653
1.4049665753,-0.4599703113,0.3000000000,-0.0348423974,0.0266275476,0.9879086785,0.1487058306,0.0075398223,0.0050265482,0.0000000000,-1.3000000000,0.0000000000,-0.0000000000,0.0000000000,1.3000000000,0.0000000000,0.0000000000,-0.7260753630,0.0113595707,-0.0036240178,1.0118198391,-0.0618391793,0.0122570669,-0.3027641953,-0.0304333479,-0.0951781496,0.4497810168,-0.1329782150,-0.0218708898
1.4240511343,-0.4658967008,0.3000000000,-0.0311473254,0.0256160814,0.9875443708,0.1520847664,0.0075398223,0.0043982295,0.0000000000,-1.3000000000,0.0000000000,-0.0000000000,0.0000000000,1.3000000000,0.0000000000,0.0000000000,-0.7113319086,0.0001221770,-0.0076466511,1.0753945000,-0.0836314349,0.0031813396,-0.3132085538,-0.0276569780,-0.1001716111,0.4328890399,-0.0882814013,-0.0261851919
1.4431043469,-0.4719232129,0.3000000000,-0.0283703001,0.0254242042,0.9873632324,0.1538264710,0.0075398223,0.0043982295,0.0000000000,-1.3000000000,0.0000000000,-0.0000000000,0.0000000000,1.3000000000,0.0000000000,0.0000000000,-0.6806977124,-0.0166225525,-0.0135480553,1.1011291742,-0.1077349415,-0.0044707187,-0.3133821487,-0.0291828793,-0.1039520875,0.4044980820,-0.0521366846,-0.0264939377
1.4621507171,-0.4779713544,0.3000000000,-0.0272087798,0.0258842656,0.9874737933,0.1532488001,0.0075398223,0.0031415927,0.0000000000,-1.3000000000,0.0000000000,-0.0000000000,0.0000000000,1.3000000000,0.0000000000,0.0000000000,-0.6388925719,-0.0337262034,-0.0139238574,1.0931611670,-0.1275324082,-0.0070920730,-0.3133821487,-0.0322260882,-0.1031891331,0.3687820772,-0.0283015753,-0.0233832276
1.4812176046,-0.4839544047,0.3000000000,-0.0274117432,0.0271709158,0.9878633013,0.1504540980,0.0075398223,0.0025132741,0.0000000000,-1.3000000000,0.0000000000,-0.0000000000,0.0000000000,1.3000000000,0.0000000000,0.0000000000,-0.5886647849,-0.0500844555,-0.0135622764,1.0597672122,-0.1415778080,-0.0076348727,-0.3133821487,-0.0394628258,-0.1028076634,0.3269725307,-0.0158320413,-0.0220467170
1.5003247708,-0.4898074857,0.3000000000,-0.0286520847,0.0290462474,0.9883049431,0.1469309805,0.0075398223,0.0025132741,0.0000000000,-1.3000000000,0.0000000000,-0.0000000000,0.0000000000,1.3000000000,0.0000000000,0.0000000000,-0.5309152315,-0.0660972342,-0.0116350045,1.0050893688,-0.1517686551,-0.0078944266,-0.3137340543,-0.0455271448,-0.0997558534,0.2839525755,-0.0165415165,-0.0198629183
1.5194681354,-0.4955411681,0.3000000000,-0.0316596513,0.0299201201,0.9885088959,0.1447501838,0.0075398223,0.0025132741,0.0000000000,-1.3000000000,0.0000000000,-0.0000000000,0.0000000000,1.3000000000,0.0000000000,0.0000000000,-0.4671224781,-0.0779690501,-0.0123552543,0.9292601844,-0.1560948855,-0.0021653447,-0.3219852971,-0.0486808326,-0.0970855281,0.2443379227,-0.0193866609,-0.0125401132
1.5386239619,-0.5012331446,0.3000000000,-0.0348910664,0.0270542806,0.9885215653,0.1444845813,0.0075398223,0.0025132741,0.0000000000,-1.3000000000,0.0000000000,-0.0000000000,0.0000000000,1.3000000000,0.0000000000,0.0000000000,-0.4032333884,-0.0822588949,-0.0183488140,0.8350895427,-0.1519900325,0.0044889103,-0.3379743999,-0.0471122302,-0.0915161432,0.2174539858,-0.0051980755,-0.0030174178
1.5577813364,-0.5069199083,0.3000000000,-0.0369577078,0.0238484116,0.9885133489,0.1445916324,0.0075398223,0.0025132741,0.0000000000,-1.3000000000,0.0000000000,-0.0000000000,0.0000000000,1.3000000000,0.0000000000,0.0000000000,-0.3316291591,-0.0765939097,-0.0354518426,0.7287959681,-0.1322898387,0.0061830907,-0.3583455180,-0.0452588822,-0.0849323410,0.2024808353,0.0090991684,0.0150396932
1.5769336488,-0.5126236959,0.3000000000,-0.0397156199,0.0185827326,0.9884843216,0.1448312725,0.0075398223,0.0018849556,0.0000000000,-1.3000000000,0.0000000000,-0.0000000000,0.0000000000,1.3000000000,0.0000000000,0.0000000000,-0.2616022091,-0.0651880685,-0.0557549321,0.6151110466,-0.1110041965,0.0167531523,-0.3956649010,-0.0406271443,-0.0886198228,0.2146837537,0.0148208340,0.0170017689
1.5960957135,-0.5182945494,0.3000000000,-0.0438179930,0.0145876578,0.9887188233,0.1424860422,0.0075398223,0.0012566370,0.0000000000,-1.3000000000,0.0000000000,-0.0000000000,0.0000000000,1.3000000000,0.0000000000,0.0000000000,-0.2278935610,-0.0649380260,-0.0778046446,0.5036569452,-0.1547844338,0.0390460289,-0.4465932848,-0.0449977462,-0.0925078169,0.2612669960,0.0073311786,0.0161885704
1.6152726870,-0.5239148666,0.3000000000,-0.0469832885,0.0129501943,0.9886525018,0.1420953687,0.0075398223,0.0012566370,0.0000000000,-1.3000000000,0.0000000000,-0.0000000000,0.0000000000,1.3000000000,0.0000000000,0.0000000000,-0.2034382200,-0.0632350319,-0.0766875100,0.4238168075,-0.1826362589,0.0417782736,-0.5127846509,-0.0585346484,-0.0932707712,0.3446110666,-0.0116855804,0.0184453781
1.6344567848,-0.5295108075,0.3000000000,-0.0484319049,0.0113209356,0.9887414825,0.1411257165,0.0075398223,0.0018849556,0.0000000000,-1.3000000000,0.0000000000,-0.0000000000,0.0000000000,1.3000000000,0.0000000000,0.0000000000,-0.2055875916,-0.0634064430,-0.0708729496,0.3690254998,-0.2039493955,0.0501966695,-0.5895653993,-0.0749044805,-0.0926170518,0.4681435559,-0.0277104660,0.0138759012
1.6536499628,-0.5350755223,0.3000000000,-0.0490489817,0.0094820301,0.9888915186,0.1399923315,0.0075398223,0.0018849556,0.0000000000,-1.3000000000,0.0000000000,-0.0000000000,0.0000000000,1.3000000000,0.0000000000,0.0000000000,-0.2244248321,-0.0660665128,-0.0655425545,0.3460465735,-0.2255059802,0.0701048468,-0.6666469030,-0.0908854031,-0.0876681339,0.6182409383,-0.0341683155,0.0071102535
1.6728580319,-0.5405886101,0.3000000000,-0.0478083859,0.0093463124,0.9890933605,0.1390011830,0.0075398223,0.0018849556,0.0000000000,-1.3000000000,0.0000000000,-0.0000000000,0.0000000000,1.3000000000,0.0000000000,0.0000000000,-0.2588277705,-0.0700007603,-0.0532647940,0.3531011790,-0.2166290390,0.0750822933,-0.7317595288,-0.1054290323,-0.0831144100,0.7810052805,-0.0307253429,0.0104993428
1.6920661032,-0.5461017085,0.3000000000,-0.0443839445,0.0080515779,0.9892016750,0.1394463475,0.0075398223,0.0018849556,0.0000000000,-1.3000000000,0.0000000000,-0.0000000000,0.0000000000,1.3000000000,0.0000000000,0.0000000000,-0.2888964006,-0.0677119121,-0.0424232190,0.3766595385,-0.1850029047,0.0684654750,-0.7798554190,-0.1151261822,-0.0734578241,0.9461635979,-0.0279698633,0.0138638522
1.7112682884,-0.5516352684,0.3000000000,-0.0392376075,0.0051995870,0.9893739911,0.1399016804,0.0075398223,0.0018849556,0.0000000000,-1.3000000000,0.0000000000,-0.0000000000,0.0000000000,1.3000000000,0.0000000000,0.0000000000,-0.3187886692,-0.0635964499,-0.0394094076,0.4015688636,-0.1628299177,0.0726029783,-0.8037248770,-0.1195925847,-0.0663400908,1.0959636673,-0.0314260332,0.0123070365
1.7304701019,-0.5571701236,0.3000000000,-0.0343897307,0.0015882723,0.9896269580,0.1394751157,0.0075398223,0.0012566370,0.0000000000,-1.3000000000,0.0000000000,-0.0000000000,0.0000000000,1.3000000000,0.0000000000,0.0000000000,-0.3427057819,-0.0552938489,-0.0354571213,0.4210386875,-0.1468743576,0.0664452800,-0.8075636442,-0.1188296303,-0.0658045337,1.2191865928,-0.0413597514,0.0175702298
1.7496740589,-0.5626975371,0.3000000000,-0.0303431786,-0.0012959511,0.9897240628,0.1397279198,0.0075398223,0.0012566370,0.0000000000,-1.3000000000,0.0000000000,-0.0000000000,0.0000000000,1.3000000000,0.0000000000,0.0000000000,-0.3604251773,-0.0482843412,-0.0356679633,0.4276202478,-0.1280639501,0.0625928721,-0.7928030879,-0.1163638862,-0.0671258537,1.3038526908,-0.0574480931,0.0268016117
1.7688660928,-0.5682661762,0.3000000000,-0.0268303672,-0.0032714576,0.9895940788,0.1413258230,0.0075398223,0.0012566370,0.0000000000,-1.3000000000,0.0000000000,-0.0000000000,0.0000000000,1.3000000000,0.0000000000,0.0000000000,-0.3728699034,-0.0408291064,-0.0350845278,0.4257379350,-0.1045621966,0.0583268617,-0.7609651974,-0.1133094606,-0.0726486460,1.3446451737,-0.0787109959,0.0278108305
1.7880426597,-0.5738878695,0.3000000000,-0.0241110202,-0.0048678509,0.9895107899,0.1423494272,0.0075398223,0.0012566370,0.0000000000,-1.3000000000,0.0000000000,-0.0000000000,0.0000000000,1.3000000000,0.0000000000,0.0000000000,-0.3843152356,-0.0322453687,-0.0381422113,0.4139276690,-0.0755960493,0.0523656338,-0.7094392543,-0.1123445481,-0.0837125128,1.3462538811,-0.1044016096,0.0219220798
1.8072068690,-0.5795515449,0.3000000000,-0.0227935007,-0.0056600406,0.9893946891,0.1433407459,0.0075398223,0.0012566370,0.0000000000,-1.3000000000,0.0000000000,-0.0000000000,0.0000000000,1.3000000000,0.0000000000,0.0000000000,-0.3928951255,-0.0263464960,-0.0434141617,0.3866568854,-0.0452275207,0.0492062415,-0.6440182497,-0.1114155462,-0.0975836899,1.3079023923,-0.1335836892,0.0162835128
1.8263672181,-0.5852282775,0.3000000000,-0.0221014794,-0.0059022638,0.9894570725,0.1430083548,0.0075398223,0.0012566370,0.0000000000,-1.3000000000,0.0000000000,-0.0000000000,0.0000000000,1.3000000000,0.0000000000,0.0000000000,-0.3934920132,-0.0202530273,-0.0580357259,0.3413359314,-0.0177382587,0.0406131919,-0.5640147513,-0.1016466147,-0.1096045724,1.2290659691,-0.1655264695,0.0122320688
1.8455423441,-0.5908548066,0.3000000000,-0.0221326239,-0.0058793669,0.9898340354,0.1403715152,0.0075398223,0.0012566370,0.0000000000,-1.3000000000,0.0000000000,-0.0000000000,0.0000000000,1.3000000000,0.0000000000,0.0000000000,-0.3903225385,-0.0157135467,-0.0736410149,0.2844143804,-0.0000029029,0.0290614806,-0.4756188501,-0.0794767781,-0.1176852062,1.1128859236,-0.1987930440,0.0066854039
1.8647561685,-0.5963476533,0.3000000000,-0.0228006629,-0.0046999391,0.9903559883,0.1365761937,0.0075398223,0.0012566370,0.0000000000,-1.3000000000,0.0000000000,-0.0000000000,0.0000000000,1.3000000000,0.0000000000,0.0000000000,-0.3868958303,-0.0132960895,-0.0885819545,0.2291149564,0.0018207271,0.0231466027,-0.3822366482,-0.0524047423,-0.1121852941,0.9755811187,-0.2272867010,-0.0000729256
1.8840144098,-0.6016826322,0.3000000000,-0.0245849530,-0.0004422011,0.9908748641,0.1325231609,0.0077866107,0.0012566370,0.0000000000,-1.3000000000,0.0000000000,-0.0000000000,0.0000000000,1.3000000000,0.0000000000,0.0000000000,-0.3992003808,-0.0159810700,-0.0936522484,0.1967324540,-0.0131607502,0.0094185140,-0.3017613710,-0.0310222297,-0.0903145542,0.8303099516,-0.2413116258,0.0037240206
1.9033120827,-0.6068732512,0.3000000000,-0.0275510063,0.0063957209,0.9911649653,0.1295841364,0.0075398223,0.0012566370,0.0000000000,-1.3000000000,0.0000000000,-0.0000000000,0.0000000000,1.3000000000,0.0000000000,0.0000000000,-0.4337296476,-0.0205440314,-0.0806582830,0.2139321760,-0.0365931759,-0.0122350300,-0.2419311060,-0.0281059983,-0.0591605643,0.6929426583,-0.2358884196,0.0040848127
1.9226296574,-0.6119894441,0.3000000000,-0.0316547628,0.0158528042,0.9908768230,0.1300376340,0.0075398223,0.0014130230,0.0000000000,-1.3000000000,0.0000000000,-0.0000000000,0.0000000000,1.3000000000,0.0000000000,0.0000000000,-0.5053508953,-0.0236523257,-0.0505488790,0.2880030825,-0.0526621339,-0.0241434811,-0.2069521665,-0.0333791114,-0.0367191266,0.5655492742,-0.2464002923,-0.0032868082
1.9419196472,-0.6172084489,0.3000000000,-0.0350932253,0.0208642118,0.9900714498,0.1345052955,0.0075398223,0.0043982295,0.0000000000,-1.3000000000,0.0000000000,-0.0000000000,0.0000000000,1.3000000000,0.0000000000,0.0000000000,-0.5855370635,-0.0124396013,-0.0311214923,0.4026645021,-0.0604568463,-0.0162497050,-0.1932381901,-0.0269148486,-0.0288014039,0.4817898869,-0.3029917323,-0.0028616844
1.9611467035,-0.6226543830,0.3000000000,-0.0370579506,0.0226730570,0.9890202715,0.1412499323,0.0075398223,0.0033423067,0.0000000000,-1.3000000000,0.0000000000,-0.0000000000,0.0000000000,1.3000000000,0.0000000000,0.0000000000,-0.6624455245,-0.0022967997,-0.0179982268,0.5581781995,-0.0624755729,-0.0000227207,-0.1976573165,-0.0206076254,-0.0362931622,0.4308925302,-0.3222645548,-0.0060312661
1.9803230813,-0.6282766797,0.3000000000,-0.0358545829,0.0207611307,0.9888626019,0.1429481685,0.0069115036,0.0062831854,0.0000000000,-1.3000000000,0.0000000000,-0.0000000000,0.0000000000,1.3000000000,0.0000000000,0.0000000000,-0.7241864998,0.0071489316,-0.0099258341,0.7271187877,-0.0641607484,0.0089298972,-0.2147483215,-0.0131609067,-0.0583433505,0.4279164577,-0.2804543364,-0.0185934895
1.9994993180,-0.6338995046,0.3000000000,-0.0325437848,0.0196917553,0.9891090678,0.1421843484,0.0070091710,0.0043982295,0.0000000000,-1.3000000000,0.0000000000,-0.0000000000,0.0000000000,1.3000000000,0.0000000000,0.0000000000,-0.7648199581,0.0055313953,-0.0070572975,0.8882895736,-0.0650986297,0.0082024428,-0.2433428675,-0.0139238574,-0.0813007435,0.4320803482,-0.2135555911,-0.0180453113
2.0186771746,-0.6395167898,0.3000000000,-0.0279074063,0.0200949381,0.9890829035,0.1432912421,0.0075398223,0.0043982295,0.0000000000,-1.3000000000,0.0000000000,-0.0000000000,0.0000000000,1.3000000000,0.0000000000,0.0000000000,-0.7861496466,0.0050902718,-0.0074387733,1.0240128325,-0.0700254820,0.0062143769,-0.2671403976,-0.0166538346,-0.0965015190,0.4331058434,-0.1659849110,-0.0323438791
2.0378208834,-0.6452491671,0.3000000000,-0.0239999352,0.0200248674,0.9886222606,0.1471361060,0.0075398223,0.0043982295,0.0000000000,-1.3000000000,0.0000000000,-0.0000000000,0.0000000000,1.3000000000,0.0000000000,0.0000000000,-0.7845472444,-0.0009109170,-0.0040197504,1.1275044958,-0.0803385430,0.0096313894,-0.2843330029,-0.0173571371,-0.1077383296,0.4206480675,-0.1193176154,-0.0330962238
2.0569140970,-0.6511475622,0.3000000000,-0.0202221299,0.0204124585,0.9880420202,0.1514838715,0.0075398223,0.0037394554,0.0000000000,-1.3000000000,0.0000000000,-0.0000000000,0.0000000000,1.3000000000,0.0000000000,0.0000000000,-0.7603235959,-0.0105460500,-0.0017166400,1.1917238350,-0.0957862034,0.0058256466,-0.2928009760,-0.0177571031,-0.1188666120,0.3960144340,-0.0778456971,-0.0342493389
2.0759701157,-0.6571651925,0.3000000000,-0.0181021856,0.0217266549,0.9877516853,0.1534498993,0.0075398223,0.0031415927,0.0000000000,-1.3000000000,0.0000000000,-0.0000000000,0.0000000000,1.3000000000,0.0000000000,0.0000000000,-0.7205219345,-0.0246901392,-0.0005722133,1.2083025952,-0.1143000946,0.0004375674,-0.2954528034,-0.0215958520,-0.1272645740,0.3604514847,-0.0511787601,-0.0358018656
2.0950183584,-0.6632074329,0.3000000000,-0.0168609501,0.0239160087,0.9878208699,0.1528190496,0.0075398223,0.0031415927,0.0000000000,-1.3000000000,0.0000000000,-0.0000000000,0.0000000000,1.3000000000,0.0000000000,0.0000000000,-0.6707305863,-0.0440898550,0.0028610667,1.1914859530,-0.1336807080,-0.0021374703,-0.2954528034,-0.0292005379,-0.1317998022,0.3186639522,-0.0366498687,-0.0329239131
2.1140885861,-0.6691798190,0.3000000000,-0.0173912982,0.0265857971,0.9881983993,0.1498487965,0.0075398223,0.0025132741,0.0000000000,-1.3000000000,0.0000000000,-0.0000000000,0.0000000000,1.3000000000,0.0000000000,0.0000000000,-0.6087669524,-0.0653889717,0.0028610667,1.1485207567,-0.1538074631,-0.0013991594,-0.2984978039,-0.0371870477,-0.1344633179,0.2787224323,-0.0390058830,-0.0304277792
2.1332002685,-0.6750181542,0.3000000000,-0.0204783258,0.0271762571,0.9886682915,0.1462090921,0.0075398223,0.0006079936,0.0000000000,-1.3000000000,0.0000000000,-0.0000000000,0.0000000000,1.3000000000,0.0000000000,0.0000000000,-0.5398069344,-0.0817894879,0.0024795912,1.0811700611,-0.1738650814,-0.0002145848,-0.3114130703,-0.0394827202,-0.1367589831,0.2493683065,-0.0385870201,-0.0304111438
2.1523651968,-0.6806791063,0.3000000000,-0.0228500674,0.0255067371,0.9893723607,0.1413138798,0.0075398223,0.0018849556,0.0000000000,-1.3000000000,0.0000000000,-0.0000000000,0.0000000000,1.3000000000,0.0000000000,0.0000000000,-0.4673253735,-0.0867856890,-0.0016680645,0.9962933723,-0.1901015204,0.0037478422,-0.3292098427,-0.0436303748,-0.1356631338,0.2304633742,-0.0307759155,-0.0176414358
2.1715740206,-0.6861894885,0.3000000000,-0.0253223235,0.0240871464,0.9897145503,0.1387216576,0.0075398223,0.0012566370,0.0000000000,-1.3000000000,0.0000000000,-0.0000000000,0.0000000000,1.3000000000,0.0000000000,0.0000000000,-0.3785978720,-0.0841153562,-0.0096627257,0.8896207648,-0.1881009821,0.0014773642,-0.3566432300,-0.0456187790,-0.1288453501,0.2173152180,-0.0279567712,-0.0137852206
2.1907936766,-0.6916620653,0.3000000000,-0.0284081195,0.0204165744,0.9896791007,0.1389655348,0.0075398223,0.0012566370,0.0000000000,-1.3000000000,0.0000000000,-0.0000000000,0.0000000000,1.3000000000,0.0000000000,0.0000000000,-0.2850597799,-0.0789118176,-0.0206075916,0.7624527107,-0.1612703305,0.0028175867,-0.3911275750,-0.0376667543,-0.1226900937,0.2186848130,-0.0324687514,-0.0141558513
2.2100020020,-0.6971742558,0.3000000000,-0.0337799829,0.0140305956,0.9894713576,0.1400303094,0.0075398223,0.0006283185,0.0000000000,-1.3000000000,0.0000000000,-0.0000000000,0.0000000000,1.3000000000,0.0000000000,0.0000000000,-0.2053641222,-0.0588575998,-0.0439601373,0.6265128977,-0.1280603355,0.0138049309,-0.4349927200,-0.0307087824,-0.1293302905,0.2457004801,-0.0337999916,-0.0100280217
2.2292167114,-0.7026641019,0.3000000000,-0.0398386007,0.0095447512,0.9895580841,0.1381903825,0.0075398223,0.0030276782,0.0000000000,-1.3000000000,0.0000000000,-0.0000000000,0.0000000000,1.3000000000,0.0000000000,0.0000000000,-0.1671721989,-0.0598749130,-0.0645909415,0.4943690450,-0.1870210685,0.0421490682,-0.4987479584,-0.0388245963,-0.1374527741,0.3044385904,-0.0396278594,-0.0008921919
2.2484330064,-0.7081484664,0.3000000000,-0.0447018889,0.0089081877,0.9893285553,0.1383885656,0.0075398223,0.0025132741,0.0000000000,-1.3000000000,0.0000000000,-0.0000000000,0.0000000000,1.3000000000,0.0000000000,0.0000000000,-0.1404929923,-0.0575624310,-0.0550424637,0.4021684964,-0.2212830143,0.0365896079,-0.5753278044,-0.0546721314,-0.1394293159,0.3968027956,-0.0486434358,0.0010320152
2.2676597450,-0.7135960781,0.3000000000,-0.0482586549,0.0075393750,0.9894100397,0.1366822354,0.0075398223,0.0037699111,0.0000000000,-1.3000000000,0.0000000000,-0.0000000000,0.0000000000,1.3000000000,0.0000000000,0.0000000000,-0.1429663329,-0.0577009659,-0.0490196086,0.3408149368,-0.2446103634,0.0516731330,-0.6545696526,-0.0707748713,-0.1371404529,0.5251088950,-0.0512788682,-0.0062973969
2.2869060878,-0.7189739948,0.3000000000,-0.0499077652,0.0061675763,0.9896339481,0.1345207222,0.0075398223,0.0037699111,0.0000000000,-1.3000000000,0.0000000000,-0.0000000000,0.0000000000,1.3000000000,0.0000000000,0.0000000000,-0.1606819087,-0.0599840970,-0.0441587262,0.3154861356,-0.2636509770,0.0693937797,-0.7304728645,-0.0834389741,-0.1330425305,0.6753834442,-0.0490675470,-0.0090754748
2.3061718615,-0.7242819246,0.3000000000,-0.0489077407,0.0069328044,0.9897426702,0.1340500499,0.0075398223,0.0043982295,0.0000000000,-1.3000000000,0.0000000000,-0.0000000000,0.0000000000,1.3000000000,0.0000000000,0.0000000000,-0.1934130748,-0.0636210916,-0.0325509234,0.3257198506,-0.2455290313,0.0684783564,-0.7897245632,-0.0971507645,-0.1178307950,0.8332076011,-0.0457986046,-0.0046752355
2.3254318461,-0.7296108296,0.3000000000,-0.0456259630,0.0051653209,0.9898571914,0.1344408108,0.0075398223,0.0037699111,0.0000000000,-1.3000000000,0.0000000000,-0.0000000000,0.0000000000,1.3000000000,0.0000000000,0.0000000000,-0.2277342564,-0.0583473492,-0.0226609767,0.3541749840,-0.2129967076,0.0680494116,-0.8283122753,-0.1031891331,-0.0966304136,0.9893302465,-0.0411605748,0.0027573137
2.3446944645,-0.7349302047,0.3000000000,-0.0409721288,0.0020395985,0.9901949479,0.1335331040,0.0075398223,0.0037699111,0.0000000000,-1.3000000000,0.0000000000,-0.0000000000,0.0000000000,1.3000000000,0.0000000000,0.0000000000,-0.2632473333,-0.0527140772,-0.0207904167,0.3878695667,-0.1933027817,0.0671133773,-0.8451487460,-0.1012817547,-0.0851394981,1.1335615147,-0.0394020249,0.0122607066
2.3639779011,-0.7401735068,0.3000000000,-0.0367487116,-0.0014144291,0.9907415994,0.1306851747,0.0075398223,0.0031415927,0.0000000000,-1.3000000000,0.0000000000,-0.0000000000,0.0000000000,1.3000000000,0.0000000000,0.0000000000,-0.2910247037,-0.0455489281,-0.0200274661,0.4136129843,-0.1784878178,0.0618918328,-0.8414789610,-0.1012817547,-0.0779743520,1.2469575310,-0.0455216655,0.0161233339
2.3832848217,-0.7453297443,0.3000000000,-0.0336949821,-0.0036903976,0.9910293204,0.1292745729,0.0075398223,0.0025132741,0.0000000000,-1.3000000000,0.0000000000,-0.0000000000,0.0000000000,1.3000000000,0.0000000000,0.0000000000,-0.3078751841,-0.0402026418,-0.0149822265,0.4244345661,-0.1631686453,0.0584133911,-0.8258271004,-0.1005188078,-0.0737724881,1.3119246201,-0.0552262157,0.0185114642
2.4025944033,-0.7504760274,0.3000000000,-0.0304709304,-0.0053395777,0.9910100303,0.1301619422,0.0075398223,0.0025132741,0.0000000000,-1.3000000000,0.0000000000,-0.0000000000,0.0000000000,1.3000000000,0.0000000000,0.0000000000,-0.3222430586,-0.0311594439,-0.0059820571,0.4249983527,-0.1402433809,0.0576895521,-0.7885781744,-0.0992182384,-0.0741969943,1.3484123288,-0.0704556609,0.0269171989
2.4218770990,-0.7557219289,0.3000000000,-0.0296271023,-0.0055900082,0.9905116519,0.1340807743,0.0075398223,0.0018849556,0.0000000000,-1.3000000000,0.0000000000,-0.0000000000,0.0000000000,1.3000000000,0.0000000000,0.0000000000,-0.3390280049,-0.0260440888,-0.0040054931,0.4138485577,-0.1143517149,0.0542920319,-0.7379110078,-0.0993743837,-0.0753414184,1.3420477673,-0.0880243684,0.0274639549
2.4411167696,-0.7611235209,0.3000000000,-0.0288573224,-0.0049538918,0.9900182528,0.1378643285,0.0075398223,0.0018849556,0.0000000000,-1.3000000000,0.0000000000,-0.0000000000,0.0000000000,1.3000000000,0.0000000000,0.0000000000,-0.3509712061,-0.0194506838,-0.0122300641,0.3936507779,-0.0845033823,0.0522905772,-0.6726498668,-0.1001373306,-0.0768673196,1.2977021794,-0.1090404473,0.0254361764
2.4603276781,-0.7666267047,0.3000000000,-0.0288593653,-0.0048050980,0.9898684722,0.1389404758,0.0075398223,0.0025132741,0.0000000000,-1.3000000000,0.0000000000,-0.0000000000,0.0000000000,1.3000000000,0.0000000000,0.0000000000,-0.3582045908,-0.0146886810,-0.0314661153,0.3595500637,-0.0576275188,0.0410759506,-0.5922614085,-0.0968957258,-0.0810616811,1.2114018101,-0.1328658776,0.0226164864
2.4795496404,-0.7720910551,0.3000000000,-0.0290852123,-0.0045191716,0.9902893725,0.1358697396,0.0075398223,0.0025132741,0.0000000000,-1.3000000000,0.0000000000,-0.0000000000,0.0000000000,1.3000000000,0.0000000000,0.0000000000,-0.3570732065,-0.0104905777,-0.0539304344,0.3124069683,-0.0339449738,0.0290755481,-0.4998565306,-0.0837822380,-0.0886688862,1.0918005094,-0.1581773402,0.0196581184
2.4988219832,-0.7773746243,0.3000000000,-0.0299612361,-0.0033459398,0.9910619840,0.1299510405,0.0075398223,0.0018849556,0.0000000000,-1.3000000000,0.0000000000,-0.0000000000,0.0000000000,1.3000000000,0.0000000000,0.0000000000,-0.3561074138,-0.0087989617,-0.0721895200,0.2591814928,-0.0158496637,0.0196375108,-0.4013406453,-0.0643787240,-0.0881458756,0.9535203819,-0.1800196414,0.0150467787
2.5181539071,-0.7824360122,0.3000000000,-0.0311220827,-0.0004341464,0.9916531035,0.1251213406,0.0077974418,0.0018849556,0.0000000000,-1.3000000000,0.0000000000,-0.0000000000,0.0000000000,1.3000000000,0.0000000000,0.0000000000,-0.3610856919,-0.0095025610,-0.0848096552,0.2182192364,-0.0130688508,0.0077155707,-0.3165826392,-0.0458800483,-0.0744029590,0.8086287726,-0.1894942969,0.0145609364
2.5375271704,-0.7873369773,0.3000000000,-0.0330709798,0.0057340246,0.9919554660,0.1220564817,0.0075398223,0.0018849556,0.0000000000,-1.3000000000,0.0000000000,-0.0000000000,0.0000000000,1.3000000000,0.0000000000,0.0000000000,-0.3862244863,-0.0156003994,-0.0843461932,0.2143394106,-0.0192613014,-0.0025254490,-0.2503877550,-0.0383382924,-0.0462083935,0.6756213613,-0.1836063306,0.0179011122
2.5569095288,-0.7922019528,0.3000000000,-0.0363623554,0.0122629441,0.9915415675,0.1239867705,0.0087964591,0.0040173752,0.0000000000,-1.3000000000,0.0000000000,-0.0000000000,0.0000000000,1.3000000000,0.0000000000,0.0000000000,-0.4378582520,-0.0160624665,-0.0716886376,0.2635931738,-0.0258605302,-0.0148046529,-0.2219090226,-0.0506957552,-0.0231602567,0.5551460591,-0.2119206868,0.0151178939
2.5762596422,-0.7971934778,0.3000000000,-0.0381569444,0.0157849097,0.9909044019,0.1280755653,0.0073322749,0.0043982295,0.0000000000,-1.3000000000,0.0000000000,-0.0000000000,0.0000000000,1.3000000000,0.0000000000,0.0000000000,-0.5079105443,-0.0106200338,-0.0570340398,0.3656064045,-0.0373009832,-0.0183208268,-0.2101317424,-0.0460972604,-0.0185015649,0.4745115336,-0.2426440796,0.0242317138
2.5955708782,-0.8023333478,0.3000000000,-0.0394890953,0.0177671457,0.9903170329,0.1318981209,0.0075398223,0.0025132741,0.0000000000,-1.3000000000,0.0000000000,-0.0000000000,0.0000000000,1.3000000000,0.0000000000,0.0000000000,-0.5863600649,-0.0066758222,-0.0432304765,0.5119928453,-0.0502779835,-0.0064236122,-0.2133904457,-0.0378446973,-0.0300128291,0.4238760640,-0.2567684042,0.0145873621
2.6148471775,-0.8076028109,0.3000000000,-0.0396579180,0.0176090445,0.9899126720,0.1348705781,0.0075398223,0.0037699111,0.0000000000,-1.3000000000,0.0000000000,-0.0000000000,0.0000000000,1.3000000000,0.0000000000,0.0000000000,-0.6611759257,-0.0028610667,-0.0340536887,0.6804352801,-0.0609245019,0.0122291053,-0.2296063095,-0.0320579377,-0.0510757477,0.4072251320,-0.2503050834,0.0099460859
2.6341040272,-0.8129430339,0.3000000000,-0.0385994895,0.0159565791,0.9899788395,0.1348976069,0.0069115036,0.0037699111,0.0000000000,-1.3000000000,0.0000000000,-0.0000000000,0.0000000000,1.3000000000,0.0000000000,0.0000000000,-0.7187119227,-0.0005722133,-0.0293719061,0.8488190030,-0.0674219586,0.0215409041,-0.2556899836,-0.0291828793,-0.0727707375,0.4088472635,-0.2067997567,0.0029389831
2.6533671281,-0.8182606629,0.3000000000,-0.0350979508,0.0154264439,0.9901995379,0.1342945783,0.0075398223,0.0037699111,0.0000000000,-1.3000000000,0.0000000000,-0.0000000000,0.0000000000,1.3000000000,0.0000000000,0.0000000000,-0.7538241811,-0.0005722133,-0.0199416522,0.9968521976,-0.0711078815,0.0215526750,-0.2825302245,-0.0291828793,-0.0917066486,0.4095140100,-0.1598204824,-0.0091442382
2.6726272428,-0.8235890710,0.3000000000,-0.0309640394,0.0151694315,0.9901508164,0.1356925841,0.0075398223,0.0037699111,0.0000000000,-1.3000000000,0.0000000000,-0.0000000000,0.0000000000,1.3000000000,0.0000000000,0.0000000000,-0.7641384901,-0.0026273715,-0.0133946016,1.1105320479,-0.0781397426,0.0104622427,-0.2995631222,-0.0295643546,-0.1021924900,0.4043331470,-0.1171045034,-0.0135523141
2.6918649518,-0.8289977686,0.3000000000,-0.0266073312,0.0153338976,0.9899467716,0.1380663282,0.0075398223,0.0037699111,0.0000000000,-1.3000000000,0.0000000000,-0.0000000000,0.0000000000,1.3000000000,0.0000000000,0.0000000000,-0.7457936935,-0.0110832562,-0.0109424540,1.1806283520,-0.0928918512,0.0035512393,-0.3100896914,-0.0310902577,-0.1047150344,0.3861326632,-0.0769407271,-0.0138824722
2.7110791628,-0.8344893999,0.3000000000,-0.0230584411,0.0161829297,0.9898100796,0.1395794663,0.0075398223,0.0030606413,0.0000000000,-1.3000000000,0.0000000000,-0.0000000000,0.0000000000,1.3000000000,0.0000000000,0.0000000000,-0.7073363799,-0.0248017679,-0.0112535283,1.2021710536,-0.1138749132,0.0052873392,-0.3126192093,-0.0338097337,-0.1047150344,0.3568095145,-0.0480973192,-0.0145195830
2.7302914350,-0.8399878266,0.3000000000,-0.0201890130,0.0177035368,0.9900041126,0.1384588230,0.0075398223,0.0024373854,0.0000000000,-1.3000000000,0.0000000000,-0.0000000000,0.0000000000,1.3000000000,0.0000000000,0.0000000000,-0.6564465721,-0.0416204726,-0.0104445028,1.1873555202,-0.1352767124,0.0054861918,-0.3115208481,-0.0415283229,-0.1050504365,0.3197879742,-0.0324982073,-0.0121879513
2.7495277260,-0.8454015108,0.3000000000,-0.0189536616,0.0200081540,0.9904133849,0.1353578939,0.0075398223,0.0012474708,0.0000000000,-1.3000000000,0.0000000000,-0.0000000000,0.0000000000,1.3000000000,0.0000000000,0.0000000000,-0.5963424284,-0.0597287508,-0.0082017239,1.1433894333,-0.1549459814,0.0050972153,-0.3145321528,-0.0513195909,-0.1024261862,0.2835825417,-0.0301768993,-0.0131824208
2.7687998160,-0.8506863482,0.3000000000,-0.0204768151,0.0205415295,0.9908152263,0.1320754817,0.0075398223,0.0000000000,0.0000000000,-1.3000000000,0.0000000000,-0.0000000000,0.0000000000,1.3000000000,0.0000000000,0.0000000000,-0.5255101067,-0.0715620575,-0.0085832002,1.0744357498,-0.1737036500,0.0071489605,-0.3275675575,-0.0547594382,-0.1001373306,0.2549279268,-0.0278422252,-0.0087567405
2.7881139373,-0.8558153561,0.3000000000,-0.0228756672,0.0195842005,0.9913040951,0.1280990006,0.0075398223,0.0000000000,0.0000000000,-1.3000000000,0.0000000000,-0.0000000000,0.0000000000,1.3000000000,0.0000000000,0.0000000000,-0.4491108531,-0.0764706066,-0.0127641872,0.9859383847,-0.1867467177,0.0088906419,-0.3468758048,-0.0589227274,-0.0967192942,0.2344776965,-0.0217756997,0.0022628614
2.8074552640,-0.8608409890,0.3000000000,-0.0260832587,0.0178241835,0.9914393513,0.1266884949,0.0075398223,0.0000000000,0.0000000000,-1.3000000000,0.0000000000,-0.0000000000,0.0000000000,1.3000000000,0.0000000000,0.0000000000,-0.3592805690,-0.0749652241,-0.0203983903,0.8724073641,-0.1806232171,0.0067444936,-0.3743813295,-0.0585564971,-0.0887088941,0.2187920527,-0.0224614902,0.0053231485
2.8267933567,-0.8658790351,0.3000000000,-0.0301124305,0.0142710461,0.9911352504,0.1286098523,0.0075398223,0.0000000000,0.0000000000,-1.3000000000,0.0000000000,-0.0000000000,0.0000000000,1.3000000000,0.0000000000,0.0000000000,-0.2725349357,-0.0650767938,-0.0352160611,0.7347835507,-0.1486888893,0.0064091208,-0.4074481668,-0.0509622014,-0.0852597877,0.2217752072,-0.0243434162,0.0071215069
2.8461099652,-0.8709988645,0.3000000000,-0.0358844681,0.0079626669,0.9909275619,0.1292728432,0.0075398223,0.0000000000,0.0000000000,-1.3000000000,0.0000000000,-0.0000000000,0.0000000000,1.3000000000,0.0000000000,0.0000000000,-0.2036262874,-0.0531712425,-0.0590964663,0.5874503664,-0.1546768328,0.0291080422,-0.4531408085,-0.0511746716,-0.0938999362,0.2521923842,-0.0291500418,0.0179540655
2.8654377948,-0.8760761615,0.3000000000,-0.0410694974,0.0057794860,0.9909108356,0.1279672218,0.0075398223,0.0018849556,0.0000000000,-1.3000000000,0.0000000000,-0.0000000000,0.0000000000,1.3000000000,0.0000000000,0.0000000000,-0.1722322924,-0.0589379705,-0.0677119121,0.4598570254,-0.2123085240,0.0425030518,-0.5115016544,-0.0630083482,-0.0993324325,0.3125850824,-0.0382876552,0.0223757236
2.8847674019,-0.8811467075,0.3000000000,-0.0453499324,0.0049900743,0.9908414341,0.1270894777,0.0075398223,0.0018849556,0.0000000000,-1.3000000000,0.0000000000,-0.0000000000,0.0000000000,1.3000000000,0.0000000000,0.0000000000,-0.1475840740,-0.0554567662,-0.0613706007,0.3748515121,-0.2347474927,0.0412638116,-0.5875154782,-0.0763420744,-0.1012817547,0.4077426890,-0.0433844332,0.0132527218
2.9041059456,-0.8861830760,0.3000000000,-0.0486112181,0.0036604289,0.9907439319,0.1266886428,0.0075398223,0.0025132741,0.0000000000,-1.3000000000,0.0000000000,-0.0000000000,0.0000000000,1.3000000000,0.0000000000,0.0000000000,-0.1578740714,-0.0581131345,-0.0597009249,0.3212490510,-0.2566390882,0.0647687440,-0.6635452998,-0.0866619169,-0.0997558534,0.5385755640,-0.0414537437,0.0065893439
2.9234479746,-0.8912060359,0.3000000000,-0.0496655997,0.0040513623,0.9907441775,0.1262651554,0.0081681414,0.0036599400,0.0000000000,-1.3000000000,0.0000000000,-0.0000000000,0.0000000000,1.3000000000,0.0000000000,0.0000000000,-0.1819351412,-0.0652895207,-0.0534161419,0.3086709193,-0.2548968427,0.0720811147,-0.7331481751,-0.0965037486,-0.0953116841,0.6910426031,-0.0372638403,0.0110142636
2.9427818806,-0.8962601419,0.3000000000,-0.0476834456,0.0045125522,0.9906275373,0.1279179747,0.0075398223,0.0025132741,0.0000000000,-1.3000000000,0.0000000000,-0.0000000000,0.0000000000,1.3000000000,0.0000000000,0.0000000000,-0.2143121974,-0.0643713840,-0.0434829792,0.3246513950,-0.2195674803,0.0631843595,-0.7856802584,-0.1068183851,-0.0798159107,0.8523262313,-0.0312162229,0.0204653631
2.9621056136,-0.9013530352,0.3000000000,-0.0436358760,0.0026026624,0.9907965138,0.1281070050,0.0075398223,0.0031415927,0.0000000000,-1.3000000000,0.0000000000,-0.0000000000,0.0000000000,1.3000000000,0.0000000000,0.0000000000,-0.2499045260,-0.0620660858,-0.0425345227,0.3547339959,-0.1888807689,0.0728198011,-0.8202104636,-0.1085297912,-0.0681696916,1.0126262639,-0.0263178728,0.0280216244
2.9814497568,-0.9063675841,0.3000000000,-0.0398164795,-0.0006261469,0.9915143921,0.1237475906,0.0075398223,0.0018849556,0.0000000000,-1.3000000000,0.0000000000,-0.0000000000,0.0000000000,1.3000000000,0.0000000000,0.0000000000,-0.2853104363,-0.0564406358,-0.0448233783,0.3851705522,-0.1729157304,0.0687523326,-0.8336282877,-0.1081483141,-0.0616947968,1.1535022198,-0.0261466073,0.0334010938
3.0008430860,-0.9111883448,0.3000000000,-0.0365678094,-0.0036574893,0.9922507994,0.1186919088,0.0075398223,0.0018849556,0.0000000000,-1.3000000000,0.0000000000,-0.0000000000,0.0000000000,1.3000000000,0.0000000000,0.0000000000,-0.3105212408,-0.0529297057,-0.0448233783,0.4057946892,-0.1590936515,0.0627601770,-0.8300907253,-0.1081483141,-0.0597009249,1.2607772867,-0.0333420997,0.0352807818
3.0202739800,-0.9158556412,0.3000000000,-0.0330203875,-0.0063855052,0.9926581034,0.1161842029,0.0075398223,0.0018849556,0.0000000000,-1.3000000000,0.0000000000,-0.0000000000,0.0000000000,1.3000000000,0.0000000000,0.0000000000,-0.3268464330,-0.0460761921,-0.0400809720,0.4151277492,-0.1414549909,0.0653911660,-0.8142553198,-0.1052049013,-0.0589379705,1.3228269565,-0.0448979848,0.0390109516
3.0397033379,-0.9205292632,0.3000000000,-0.0314763091,-0.0074176407,0.9923180520,0.1194114916,0.0081681414,0.0018849556,0.0000000000,-1.3000000000,0.0000000000,-0.0000000000,0.0000000000,1.3000000000,0.0000000000,0.0000000000,-0.3468492373,-0.0385804180,-0.0294250048,0.4123053889,-0.1180670791,0.0599375411,-0.7772015881,-0.0987324927,-0.0600823984,1.3496091286,-0.0618766666,0.0396847436
3.0590881655,-0.9253840402,0.3000000000,-0.0299498283,-0.0070021528,0.9917320387,0.1245854769,0.0075398223,0.0018849556,0.0000000000,-1.3000000000,0.0000000000,-0.0000000000,0.0000000000,1.3000000000,0.0000000000,0.0000000000,-0.3635249765,-0.0316200896,-0.0280384533,0.4032408680,-0.0887723158,0.0592235802,-0.7316489939,-0.0974670053,-0.0641302743,1.3377711726,-0.0832772566,0.0367006216
3.0784264398,-0.9304212011,0.3000000000,-0.0291676192,-0.0066940017,0.9912379154,0.1286539369,0.0075398223,0.0018849556,0.0000000000,-1.3000000000,0.0000000000,-0.0000000000,0.0000000000,1.3000000000,0.0000000000,0.0000000000,-0.3772740686,-0.0265160454,-0.0364239234,0.3811063018,-0.0609861376,0.0541710725,-0.6662784972,-0.0989929065,-0.0675194259,1.2909429936,-0.1079038276,0.0323001587
3.0977397202,-0.9355535906,0.3000000000,-0.0283357932,-0.0064879560,0.9912121572,0.1290482414,0.0075398223,0.0018849556,0.0000000000,-1.3000000000,0.0000000000,-0.0000000000,0.0000000000,1.3000000000,0.0000000000,0.0000000000,-0.3809033334,-0.0217464344,-0.0549208412,0.3441165412,-0.0343563718,0.0440843279,-0.5846625020,-0.0953712158,-0.0802959481,1.2045695947,-0.1358653581,0.0273673071
3.1170732643,-0.9406088529,0.3000000000,-0.0279620913,-0.0061818935,0.9917555997,0.1249029071,0.0075398223,0.0018849556,0.0000000000,-1.3000000000,0.0000000000,-0.0000000000,0.0000000000,1.3000000000,0.0000000000,0.0000000000,-0.3753976662,-0.0192645155,-0.0765479164,0.2937407100,-0.0110280011,0.0311920583,-0.4916023751,-0.0810014872,-0.0909304523,1.0863636242,-0.1657013507,0.0217637986
3.1364545305,-0.9454778786,0.3000000000,-0.0282249388,-0.0046863195,0.9924087297,0.1196089646,0.0075398223,0.0018849556,0.0000000000,-1.3000000000,0.0000000000,-0.0000000000,0.0000000000,1.3000000000,0.0000000000,0.0000000000,-0.3714028026,-0.0177386124,-0.0935795275,0.2400119116,-0.0023573199,0.0184113839,-0.4019211709,-0.0605547765,-0.0921445271,0.9534078550,-0.1917476210,0.0165221335
3.1558843856,-0.9501493575,0.3000000000,-0.0284642863,-0.0002916215,0.9928932514,0.1155538432,0.0075398223,0.0018849556,0.0000000000,-1.3000000000,0.0000000000,-0.0000000000,0.0000000000,1.3000000000,0.0000000000,0.0000000000,-0.3747900597,-0.0211718921,-0.1039520875,0.1997314558,-0.0070893908,0.0098632494,-0.3121388589,-0.0416050056,-0.0728860001,0.8056500063,-0.2071989749,0.0149576885
3.1753425281,-0.9547017735,0.3000000000,-0.0297204278,0.0064559180,0.9930309731,0.1138617746,0.0075398223,0.0018849556,0.0000000000,-1.3000000000,0.0000000000,-0.0000000000,0.0000000000,1.3000000000,0.0000000000,0.0000000000,-0.4013170242,-0.0246051736,-0.0962015844,0.2071459746,-0.0216297066,-0.0056180003,-0.2490242935,-0.0392687330,-0.0445813926,0.6744530204,-0.2014644237,0.0165436831
3.1948037471,-0.9592409719,0.3000000000,-0.0330271207,0.0135740796,0.9925626473,0.1163801737,0.0081681414,0.0025132741,0.0000000000,-1.3000000000,0.0000000000,-0.0000000000,0.0000000000,1.3000000000,0.0000000000,0.0000000000,-0.4635221137,-0.0246785361,-0.0776009347,0.2676784399,-0.0334098362,-0.0239678052,-0.2185708168,-0.0448233783,-0.0279064076,0.5562793893,-0.2258028870,0.0099447686
3.2142286142,-0.9639331733,0.3000000000,-0.0353350333,0.0169696922,0.9919349228,0.1205345341,0.0075398223,0.0037699111,0.0000000000,-1.3000000000,0.0000000000,-0.0000000000,0.0000000000,1.3000000000,0.0000000000,0.0000000000,-0.5423625722,-0.0155315319,-0.0606274190,0.3868293201,-0.0423658489,-0.0237629868,-0.2106971577,-0.0363628350,-0.0234607458,0.4727301578,-0.2639883421,0.0145098484
3.2336127145,-0.9687909557,0.3000000000,-0.0372773570,0.0179846094,0.9912969101,0.1249695506,0.0075398223,0.0018849556,0.0000000000,-1.3000000000,0.0000000000,-0.0000000000,0.0000000000,1.3000000000,0.0000000000,0.0000000000,-0.6253573748,-0.0104389590,-0.0447717574,0.5440418427,-0.0494043745,-0.0044781402,-0.2168277167,-0.0285126748,-0.0373898494,0.4254327304,-0.2785242506,0.0034864280
3.2529672842,-0.9737653571,0.3000000000,-0.0369864051,0.0163930941,0.9912027866,0.1260170944,0.0075398223,0.0037699111,0.0000000000,-1.3000000000,0.0000000000,-0.0000000000,0.0000000000,1.3000000000,0.0000000000,0.0000000000,-0.6960561148,-0.0009536889,-0.0316742995,0.7198543482,-0.0551513527,0.0113515707,-0.2360202525,-0.0210317960,-0.0601600240,0.4180465571,-0.2514870108,-0.0046106566
3.2723264697,-0.9787217550,0.3000000000,-0.0344469998,0.0151473361,0.9915030632,0.1245216370,0.0075398223,0.0037699111,0.0000000000,-1.3000000000,0.0000000000,-0.0000000000,0.0000000000,1.3000000000,0.0000000000,0.0000000000,-0.7463846143,-0.0005722133,-0.0208788618,0.8876928410,-0.0606741972,0.0145040270,-0.2636134593,-0.0207904167,-0.0835569935,0.4183856082,-0.1949698276,-0.0084319218
3.2916923545,-0.9836519364,0.3000000000,-0.0305452425,0.0153679708,0.9915378129,0.1252340977,0.0075398223,0.0031415927,0.0000000000,-1.3000000000,0.0000000000,-0.0000000000,0.0000000000,1.3000000000,0.0000000000,0.0000000000,-0.7732602130,0.0008373911,-0.0133097863,1.0309606969,-0.0640729267,0.0128780682,-0.2852366952,-0.0224326176,-0.0984625488,0.4170272186,-0.1502131138,-0.0226591612
3.3110336904,-0.9886773419,0.3000000000,-0.0264194111,0.0160966813,0.9911438187,0.1291388484,0.0075398223,0.0033075995,0.0000000000,-1.3000000000,0.0000000000,-0.0000000000,0.0000000000,1.3000000000,0.0000000000,0.0000000000,-0.7742837193,-0.0050708111,-0.0073379843,1.1376792804,-0.0736459294,0.0131708355,-0.3011966264,-0.0249866489,-0.1044343520,0.4075849438,-0.1091816580,-0.0252222084
3.3303339139,-0.9938584569,0.3000000000,-0.0230021225,0.0173023968,0.9907498281,0.1326133764,0.0075398223,0.0031415927,0.0000000000,-1.3000000000,0.0000000000,-0.0000000000,0.0000000000,1.3000000000,0.0000000000,0.0000000000,-0.7518812738,-0.0180696191,-0.0090474271,1.1992329147,-0.0909782458,0.0081871283,-0.3119390202,-0.0258323512,-0.1070866420,0.3872733925,-0.0709009859,-0.0240993504
3.3496093026,-0.9991313568,0.3000000000,-0.0205014273,0.0188287320,0.9906284048,0.1337181135,0.0075398223,0.0025132741,0.0000000000,-1.3000000000,0.0000000000,-0.0000000000,0.0000000000,1.3000000000,0.0000000000,0.0000000000,-0.7139119855,-0.0323187911,-0.0104905777,1.2137387537,-0.1116118433,0.0036769658,-0.3145265877,-0.0313230483,-0.1125773399,0.3564693680,-0.0471113890,-0.0260016120
3.3688882295,-1.0043912748,0.3000000000,-0.0183000288,0.0210618343,0.9908754600,0.1318610283,0.0075398223,0.0018849556,0.0000000000,-1.3000000000,0.0000000000,-0.0000000000,0.0000000000,1.3000000000,0.0000000000,0.0000000000,-0.6594475303,-0.0505007142,-0.0082017239,1.1931543748,-0.1345665309,0.0017781049,-0.3137636483,-0.0399988661,-0.1165407822,0.3154464687,-0.0314836435,-0.0239625797
3.3881997716,-1.0095299929,0.3000000000,-0.0184628642,0.0226926550,0.9913525803,0.1279227408,0.0075398223,0.0000000000,0.0000000000,-1.3000000000,0.0000000000,-0.0000000000,0.0000000000,1.3000000000,0.0000000000,0.0000000000,-0.5942940571,-0.0671251663,-0.0066758222,1.1472283518,-0.1564865025,0.0025611227,-0.3185175554,-0.0448821143,-0.1153963506,0.2785207388,-0.0276591017,-0.0183037723
3.4075540433,-1.0145052906,0.3000000000,-0.0204207236,0.0224855072,0.9919096561,0.1232583877,0.0075398223,0.0000000000,0.0000000000,-1.3000000000,0.0000000000,-0.0000000000,0.0000000000,1.3000000000,0.0000000000,0.0000000000,-0.5198471656,-0.0742557546,-0.0066758222,1.0782098414,-0.1774689258,0.0039154276,-0.3323095045,-0.0516899377,-0.1127847856,0.2507903364,-0.0217294527,-0.0100534975
3.4269548501,-1.0192960248,0.3000000000,-0.0230503507,0.0217687531,0.9923266081,0.1195102739,0.0075398223,0.0000000000,0.0000000000,-1.3000000000,0.0000000000,-0.0000000000,0.0000000000,1.3000000000,0.0000000000,0.0000000000,-0.4384652920,-0.0792292487,-0.0082017239,0.9899693370,-0.1925035319,0.0052364648,-0.3517489364,-0.0540153263,-0.1092196721,0.2304192835,-0.0156006049,-0.0003378874
3.4463824106,-1.0239772361,0.3000000000,-0.0253288313,0.0200277686,0.9924942628,0.1179511644,0.0075398223,0.0000000000,0.0000000000,-1.3000000000,0.0000000000,-0.0000000000,0.0000000000,1.3000000000,0.0000000000,0.0000000000,-0.3479567881,-0.0818038509,-0.0154950737,0.8775997737,-0.1879340911,0.0014141809,-0.3780101167,-0.0524528883,-0.0989022783,0.2152976395,-0.0161782466,0.0014922487
3.4658082480,-1.0286655940,0.3000000000,-0.0288278170,0.0165171315,0.9922709267,0.1195598148,0.0075398223,0.0000000000,0.0000000000,-1.3000000000,0.0000000000,-0.0000000000,0.0000000000,1.3000000000,0.0000000000,0.0000000000,-0.2571158830,-0.0734082153,-0.0307432153,0.7414693108,-0.1556992473,0.0004247606,-0.4088285150,-0.0463406713,-0.0948052807,0.2165045941,-0.0181076208,0.0033018574
3.4852187170,-1.0334172076,0.3000000000,-0.0344023609,0.0100373622,0.9921273616,0.1199959469,0.0075398223,0.0000000000,0.0000000000,-1.3000000000,0.0000000000,-0.0000000000,0.0000000000,1.3000000000,0.0000000000,0.0000000000,-0.1825442055,-0.0585576621,-0.0524493934,0.5968412236,-0.1410530099,0.0190106558,-0.4533755294,-0.0429148349,-0.1050947641,0.2447101624,-0.0216934757,0.0099592118
3.5046432882,-1.0381107381,0.3000000000,-0.0391031227,0.0065170324,0.9922769374,0.1175370306,0.0075398223,0.0012655442,0.0000000000,-1.3000000000,0.0000000000,-0.0000000000,0.0000000000,1.3000000000,0.0000000000,0.0000000000,-0.1501430793,-0.0635102702,-0.0631342009,0.4672682232,-0.2036249114,0.0447651013,-0.5139572060,-0.0535756847,-0.1142411108,0.3033610378,-0.0295696317,0.0134060450
3.5240798232,-1.0427545542,0.3000000000,-0.0446880222,0.0057150517,0.9922280014,0.1159910004,0.0075398223,0.0006645194,0.0000000000,-1.3000000000,0.0000000000,-0.0000000000,0.0000000000,1.3000000000,0.0000000000,0.0000000000,-0.1265250740,-0.0593194477,-0.0547856980,0.3801764938,-0.2270801618,0.0383645092,-0.5894683974,-0.0679834878,-0.1173037291,0.3970728599,-0.0381339306,0.0041257215
3.5435316533,-1.0473338965,0.3000000000,-0.0479373797,0.0037428084,0.9922343904,0.1147123079,0.0075398223,0.0012566370,0.0000000000,-1.3000000000,0.0000000000,-0.0000000000,0.0000000000,1.3000000000,0.0000000000,0.0000000000,-0.1321316041,-0.0596760905,-0.0490692772,0.3231673840,-0.2506160371,0.0596928789,-0.6703280799,-0.0783187251,-0.1157778278,0.5257329674,-0.0391698750,-0.0045031800
3.5629851899,-1.0519060049,0.3000000000,-0.0508021218,0.0025378504,0.9920595527,0.1150241178,0.0075398223,0.0012566370,0.0000000000,-1.3000000000,0.0000000000,-0.0000000000,0.0000000000,1.3000000000,0.0000000000,0.0000000000,-0.1513916350,-0.0634340480,-0.0407087751,0.3020195372,-0.2632675675,0.0759834352,-0.7425704174,-0.0844152025,-0.1123445481,0.6775846088,-0.0329550892,-0.0022856771
3.5824357338,-1.0564908216,0.3000000000,-0.0503387865,0.0032813230,0.9919944618,0.1157679889,0.0075398223,0.0025132741,0.0000000000,-1.3000000000,0.0000000000,-0.0000000000,0.0000000000,1.3000000000,0.0000000000,0.0000000000,-0.1859427290,-0.0650925894,-0.0304803349,0.3126946206,-0.2413039988,0.0714778865,-0.8018216719,-0.0958390774,-0.1015368040,0.8361501261,-0.0273968804,0.0072030171
3.6018729257,-1.0611318892,0.3000000000,-0.0467716004,0.0018995328,0.9920218583,0.1170531577,0.0075398223,0.0025132741,0.0000000000,-1.3000000000,0.0000000000,-0.0000000000,0.0000000000,1.3000000000,0.0000000000,0.0000000000,-0.2228052474,-0.0619897768,-0.0243020809,0.3420503121,-0.2089811464,0.0731977301,-0.8391913422,-0.1016632318,-0.0854165552,0.9930880231,-0.0221533865,0.0174353180
3.6213122933,-1.0657638287,0.3000000000,-0.0418767914,-0.0004702400,0.9924488615,0.1152882060,0.0075398223,0.0025132741,0.0000000000,-1.3000000000,0.0000000000,-0.0000000000,0.0000000000,1.3000000000,0.0000000000,0.0000000000,-0.2584558931,-0.0578881393,-0.0233661525,0.3782392051,-0.1894811625,0.0720379880,-0.8525993838,-0.1012817547,-0.0770565071,1.1341532111,-0.0199106641,0.0249640315
3.6407798069,-1.0702757980,0.3000000000,-0.0373060511,-0.0036374709,0.9930853142,0.1112501057,0.0075398223,0.0025132741,0.0000000000,-1.3000000000,0.0000000000,-0.0000000000,0.0000000000,1.3000000000,0.0000000000,0.0000000000,-0.2869092172,-0.0522489457,-0.0230792705,0.4070740288,-0.1739016547,0.0660765255,-0.8470400562,-0.1016632318,-0.0709412483,1.2454854034,-0.0247922829,0.0247712368
3.6602788660,-1.0746495752,0.3000000000,-0.0336858206,-0.0061424064,0.9935065948,0.1084996883,0.0075398223,0.0018849556,0.0000000000,-1.3000000000,0.0000000000,-0.0000000000,0.0000000000,1.3000000000,0.0000000000,0.0000000000,-0.3078978521,-0.0453098783,-0.0197510168,0.4215111711,-0.1555763883,0.0656482172,-0.8290043107,-0.1009002849,-0.0663960618,1.3124557613,-0.0356015806,0.0307253845
3.6797900107,-1.0789692344,0.3000000000,-0.0309505028,-0.0078318010,0.9935448401,0.1088548573,0.0081681414,0.0018849556,0.0000000000,-1.3000000000,0.0000000000,-0.0000000000,0.0000000000,1.3000000000,0.0000000000,0.0000000000,-0.3230281022,-0.0400004121,-0.0126022830,0.4229337672,-0.1357199507,0.0631264646,-0.7921883568,-0.0979165845,-0.0638971552,1.3419493040,-0.0525912784,0.0369784960
3.6992819900,-1.0833743838,0.3000000000,-0.0300463761,-0.0079179191,0.9931913968,0.1122736443,0.0075398223,0.0018849556,0.0000000000,-1.3000000000,0.0000000000,-0.0000000000,0.0000000000,1.3000000000,0.0000000000,0.0000000000,-0.3401925278,-0.0320361358,-0.0079117129,0.4124587237,-0.1103047417,0.0608885395,-0.7466915342,-0.0989014418,-0.0661860108,1.3347595309,-0.0733685323,0.0372370836
3.7187410147,-1.0879228390,0.3000000000,-0.0298365338,-0.0072449387,0.9927657382,0.1160753257,0.0075398223,0.0018849556,0.0000000000,-1.3000000000,0.0000000000,-0.0000000000,0.0000000000,1.3000000000,0.0000000000,0.0000000000,-0.3561676001,-0.0286341350,-0.0148540776,0.3942417413,-0.0823170275,0.0576880841,-0.6874159667,-0.0993743837,-0.0672233312,1.2960367286,-0.0971683725,0.0327392589
3.7381758100,-1.0925739526,0.3000000000,-0.0299338210,-0.0068564567,0.9926434795,0.1171148065,0.0075398223,0.0018849556,0.0000000000,-1.3000000000,0.0000000000,-0.0000000000,0.0000000000,1.3000000000,0.0000000000,0.0000000000,-0.3647782887,-0.0225224784,-0.0312347308,0.3620974034,-0.0567178415,0.0542982855,-0.6122317136,-0.0983330319,-0.0735062798,1.2217573985,-0.1240220341,0.0283217094
3.7576164601,-1.0972004510,0.3000000000,-0.0302852442,-0.0068887650,0.9929180446,0.1146695497,0.0075398223,0.0018849556,0.0000000000,-1.3000000000,0.0000000000,-0.0000000000,0.0000000000,1.3000000000,0.0000000000,0.0000000000,-0.3627103329,-0.0193823318,-0.0537711847,0.3163218600,-0.0375716387,0.0443108394,-0.5255220194,-0.0882835614,-0.0834982476,1.1153449568,-0.1517224727,0.0252091979
3.7770898829,-1.1016867980,0.3000000000,-0.0309272260,-0.0056833917,0.9934193437,0.1101327074,0.0075398223,0.0018849556,0.0000000000,-1.3000000000,0.0000000000,-0.0000000000,0.0000000000,1.3000000000,0.0000000000,0.0000000000,-0.3604392555,-0.0182556948,-0.0732730912,0.2640273208,-0.0225161973,0.0280482378,-0.4339955884,-0.0700261093,-0.0877945059,0.9835573699,-0.1774484217,0.0212118447
3.7966070032,-1.1059790426,0.3000000000,-0.0314924049,-0.0028871282,0.9939242503,0.1054252231,0.0075398223,0.0018849556,0.0000000000,-1.3000000000,0.0000000000,-0.0000000000,0.0000000000,1.3000000000,0.0000000000,0.0000000000,-0.3626798055,-0.0177386124,-0.0874888508,0.2204814885,-0.0198853691,0.0152591554,-0.3466075760,-0.0499894343,-0.0769869003,0.8443506265,-0.1935737232,0.0168688278
3.8161609253,-1.1101004792,0.3000000000,-0.0324147284,0.0022982587,0.9942922523,0.1016214565,0.0075398223,0.0018849556,0.0000000000,-1.3000000000,0.0000000000,-0.0000000000,0.0000000000,1.3000000000,0.0000000000,0.0000000000,-0.3799292811,-0.0225471820,-0.0896066282,0.2064183991,-0.0272407157,0.0084386503,-0.2730667240,-0.0380271820,-0.0508368521,0.7126474871,-0.1893551484,0.0242384513
3.8357366674,-1.1141172582,0.3000000000,-0.0344798989,0.0092287592,0.9942180037,0.1012745169,0.0081681414,0.0018849556,0.0000000000,-1.3000000000,0.0000000000,-0.0000000000,0.0000000000,1.3000000000,0.0000000000,0.0000000000,-0.4228732782,-0.0246051736,-0.0786382691,0.2441178706,-0.0351510324,-0.0080755318,-0.2287147817,-0.0464174941,-0.0254565373,0.5908360643,-0.1960851678,0.0227518338
3.8552953164,-1.1182160574,0.3000000000,-0.0361379090,0.0139838626,0.9936505404,0.1056272065,0.0075398223,0.0040411099,0.0000000000,-1.3000000000,0.0000000000,-0.0000000000,0.0000000000,1.3000000000,0.0000000000,0.0000000000,-0.4908563068,-0.0170881508,-0.0643911188,0.3363424023,-0.0456815699,-0.0172883858,-0.2177442873,-0.0459156385,-0.0153975942,0.4946596866,-0.2317253922,0.0267304850
3.8748185715,-1.1224803568,0.3000000000,-0.0377940956,0.0160893452,0.9931021328,0.1098220978,0.0075398223,0.0025132741,0.0000000000,-1.3000000000,0.0000000000,-0.0000000000,0.0000000000,1.3000000000,0.0000000000,0.0000000000,-0.5741775530,-0.0135423820,-0.0526064869,0.4775550982,-0.0541467158,-0.0143004093,-0.2111714786,-0.0354648473,-0.0204584589,0.4381544742,-0.2499755563,0.0246787729
3.8943094778,-1.1268903093,0.3000000000,-0.0383814849,0.0168386758,0.9927330918,0.1128021677,0.0075398223,0.0034580392,0.0000000000,-1.3000000000,0.0000000000,-0.0000000000,0.0000000000,1.3000000000,0.0000000000,0.0000000000,-0.6521574480,-0.0047656671,-0.0413873194,0.6483815743,-0.0642134862,0.0004287557,-0.2260298173,-0.0307060041,-0.0433058073,0.4089376243,-0.2536843947,0.0180336022
3.9137793495,-1.1313923192,0.3000000000,-0.0380371829,0.0157409078,0.9926138318,0.1141191372,0.0075398223,0.0031415927,0.0000000000,-1.3000000000,0.0000000000,-0.0000000000,0.0000000000,1.3000000000,0.0000000000,0.0000000000,-0.7178076000,-0.0017166400,-0.0326842735,0.8188646443,-0.0713176561,0.0113408533,-0.2483269745,-0.0261310749,-0.0646124430,0.4070003403,-0.2237385858,0.0118009056
3.9332484343,-1.1358977572,0.3000000000,-0.0353168871,0.0151252442,0.9927973702,0.1134783071,0.0075398223,0.0031415927,0.0000000000,-1.3000000000,0.0000000000,-0.0000000000,0.0000000000,1.3000000000,0.0000000000,0.0000000000,-0.7602381464,-0.0020981156,-0.0253591344,0.9730612572,-0.0755247344,0.0151661034,-0.2748711101,-0.0261310749,-0.0856592422,0.4076066315,-0.1738863263,0.0028352241
3.9527190419,-1.1403966070,0.3000000000,-0.0313484522,0.0153039995,0.9928484841,0.1141707043,0.0075398223,0.0031415927,0.0000000000,-1.3000000000,0.0000000000,-0.0000000000,0.0000000000,1.3000000000,0.0000000000,0.0000000000,-0.7781676425,-0.0033908184,-0.0197309140,1.0963586923,-0.0778054163,0.0109161381,-0.2952829710,-0.0272755008,-0.1000524070,0.4042582664,-0.1300667410,-0.0066872753
3.9721743800,-1.1449609780,0.3000000000,-0.0269350005,0.0157074865,0.9927270572,0.1162788482,0.0075398223,0.0031415927,0.0000000000,-1.3000000000,0.0000000000,-0.0000000000,0.0000000000,1.3000000000,0.0000000000,0.0000000000,-0.7681502690,-0.0130649089,-0.0154497596,1.1790411592,-0.0856399519,0.0048766908,-0.3068010782,-0.0277997170,-0.1062409431,0.3878191513,-0.0863836110,-0.0082010168
3.9916099567,-1.1496087677,0.3000000000,-0.0230194224,0.0166087359,0.9925642867,0.1183655056,0.0075398223,0.0025132741,0.0000000000,-1.3000000000,0.0000000000,-0.0000000000,0.0000000000,1.3000000000,0.0000000000,0.0000000000,-0.7354043066,-0.0254463214,-0.0131609067,1.2146572207,-0.1017849527,0.0035035571,-0.3108267473,-0.0300607480,-0.1081483141,0.3605287299,-0.0515050844,-0.0097512698
4.0110348384,-1.1543011271,0.3000000000,-0.0200140805,0.0179686387,0.9926193880,0.1182510684,0.0075398223,0.0018849556,0.0000000000,-1.3000000000,0.0000000000,-0.0000000000,0.0000000000,1.3000000000,0.0000000000,0.0000000000,-0.6875243844,-0.0416799428,-0.0104905777,1.2091784044,-0.1223212951,0.0045518640,-0.3107118309,-0.0356892816,-0.1117158634,0.3239995384,-0.0299720976,-0.0100891536
4.0304723096,-1.1589409625,0.3000000000,-0.0182215923,0.0202182373,0.9929060241,0.1157446492,0.0075398223,0.0012566370,0.0000000000,-1.3000000000,0.0000000000,-0.0000000000,0.0000000000,1.3000000000,0.0000000000,0.0000000000,-0.6308895728,-0.0610948006,-0.0080965699,1.1760572968,-0.1435994431,0.0038402836,-0.3111984530,-0.0450336863,-0.1134889722,0.2860088092,-0.0243936219,-0.0080713202
4.0499415590,-1.1634454240,0.3000000000,-0.0191024664,0.0216827395,0.9933044046,0.1118539865,0.0075398223,0.0000000000,0.0000000000,-1.3000000000,0.0000000000,-0.0000000000,0.0000000000,1.3000000000,0.0000000000,0.0000000000,-0.5649043978,-0.0761916261,-0.0051499200,1.1209212792,-0.1647844952,0.0049649255,-0.3202162668,-0.0517771902,-0.1099684408,0.2533484605,-0.0225576467,-0.0018547305
4.0694503386,-1.1677753577,0.3000000000,-0.0213367585,0.0210418303,0.9938036915,0.1070336713,0.0075398223,0.0000000000,0.0000000000,-1.3000000000,0.0000000000,-0.0000000000,0.0000000000,1.3000000000,0.0000000000,0.0000000000,-0.4898498739,-0.0835125398,-0.0054513297,1.0432908466,-0.1862476773,0.0080689910,-0.3393413663,-0.0547417402,-0.1080682496,0.2312659974,-0.0189009844,0.0039206972
4.0889933798,-1.1719481804,0.3000000000,-0.0237933700,0.0195470704,0.9940937508,0.1040644138,0.0075398223,0.0012566370,0.0000000000,-1.3000000000,0.0000000000,-0.0000000000,0.0000000000,1.3000000000,0.0000000000,0.0000000000,-0.4056512141,-0.0852597877,-0.0102175068,0.9458768846,-0.1951373667,0.0076591652,-0.3632449994,-0.0543602668,-0.0980131433,0.2147446614,-0.0198693063,0.0074361832
4.1085446877,-1.1760822508,0.3000000000,-0.0264868890,0.0167759729,0.9939802724,0.1049772807,0.0075398223,0.0000000000,0.0000000000,-1.3000000000,0.0000000000,-0.0000000000,0.0000000000,1.3000000000,0.0000000000,0.0000000000,-0.3148705052,-0.0803005993,-0.0210867493,0.8234641883,-0.1811059350,0.0055028753,-0.3908200247,-0.0494436537,-0.0880152563,0.2088578641,-0.0235800488,0.0109684977
4.1280792448,-1.1802946700,0.3000000000,-0.0309360663,0.0108481028,0.9936715568,0.1074342392,0.0075398223,0.0000000000,0.0000000000,-1.3000000000,0.0000000000,-0.0000000000,0.0000000000,1.3000000000,0.0000000000,0.0000000000,-0.2278350380,-0.0652511467,-0.0404175807,0.6768641104,-0.1390561286,0.0055500035,-0.4280020608,-0.0408796889,-0.0937382029,0.2264110533,-0.0297827935,0.0172880022
4.1476071492,-1.1845378044,0.3000000000,-0.0384027552,0.0043889951,0.9937305396,0.1049074823,0.0075398223,0.0007006017,0.0000000000,-1.3000000000,0.0000000000,-0.0000000000,0.0000000000,1.3000000000,0.0000000000,0.0000000000,-0.1682020198,-0.0571183674,-0.0633097440,0.5339088115,-0.1735388977,0.0361357482,-0.4892693818,-0.0441920815,-0.1059472370,0.2790324586,-0.0324481842,0.0213737141
4.1671513054,-1.1887055611,0.3000000000,-0.0437003443,0.0031336349,0.9935807458,0.1042965092,0.0075398223,0.0036961879,0.0000000000,-1.3000000000,0.0000000000,-0.0000000000,0.0000000000,1.3000000000,0.0000000000,0.0000000000,-0.1402156591,-0.0592746874,-0.0625736903,0.4214546780,-0.2252732893,0.0394081888,-0.5641885969,-0.0579278266,-0.1112448844,0.3610411745,-0.0397058731,0.0154826582
4.1867036044,-1.1928349433,0.3000000000,-0.0485976201,0.0021131827,0.9934643743,0.1032586208,0.0075398223,0.0037699111,0.0000000000,-1.3000000000,0.0000000000,-0.0000000000,0.0000000000,1.3000000000,0.0000000000,0.0000000000,-0.1310552957,-0.0574120693,-0.0543602668,0.3447679309,-0.2456655536,0.0470654804,-0.6433460079,-0.0711820865,-0.1131075025,0.4749736120,-0.0432550336,0.0056744933
4.2062608912,-1.1969406470,0.3000000000,-0.0510344007,0.0007687619,0.9934008550,0.1027114411,0.0075398223,0.0034174300,0.0000000000,-1.3000000000,0.0000000000,-0.0000000000,0.0000000000,1.3000000000,0.0000000000,0.0000000000,-0.1410761521,-0.0604173403,-0.0509735186,0.3062737195,-0.2650231473,0.0706086328,-0.7140616378,-0.0806355429,-0.1110326522,0.6058527034,-0.0410609044,0.0050090556
4.2258218804,-1.2010286734,0.3000000000,-0.0515089255,0.0020634259,0.9933661182,0.1027926458,0.0075398223,0.0043982295,0.0000000000,-1.3000000000,0.0000000000,-0.0000000000,0.0000000000,1.3000000000,0.0000000000,0.0000000000,-0.1681472830,-0.0665674806,-0.0417477265,0.3023670691,-0.2525225990,0.0753080935,-0.7812381047,-0.0917806383,-0.1016155407,0.7682084018,-0.0349391997,0.0077324763
4.2453759556,-1.2051496182,0.3000000000,-0.0484431648,0.0017074688,0.9933931838,0.1040207991,0.0075398223,0.0037699111,0.0000000000,-1.3000000000,0.0000000000,-0.0000000000,0.0000000000,1.3000000000,0.0000000000,0.0000000000,-0.2046616375,-0.0650415793,-0.0345235355,0.3255893886,-0.2176317424,0.0717234686,-0.8230335116,-0.0989929065,-0.0837338790,0.9264133573,-0.0254673641,0.0109138880
