0.0000000000,0.0000000000,0.3000000000,-0.0290804705,-0.0076406903,0.9994405064,0.0146499226,0.0075398223,-0.0056548668,0.0000000000,-1.3000000000,0.0000000000,-0.0000000000,0.0000000000,1.3000000000,0.0000000000,0.0000000000,-0.1985580176,0.1459143907,-0.1001373306,0.3370336592,-0.1667914093,-0.0717410818,-0.3019379079,-0.0154497596,0.0112535283,0.5350194573,-0.2852936387,-0.0467023142
0.0005713801,0.0199923201,0.3000000000,-0.0275931211,-0.0082974992,0.9994972323,0.0132307935,0.0075398223,-0.0056548668,0.0000000000,-1.3000000000,0.0000000000,-0.0000000000,0.0000000000,1.3000000000,0.0000000000,0.0000000000,-0.2137860596,0.1653309131,-0.1001373306,0.3594864768,-0.1529245963,-0.0890397004,-0.3095596457,-0.0287704186,0.0268630402,0.5289468086,-0.2872882071,-0.0406605544
0.0010753859,0.0399864461,0.3000000000,-0.0262363820,-0.0081335297,0.9995592197,0.0112634026,0.0075398223,-0.0056548668,0.0000000000,-1.3000000000,0.0000000000,-0.0000000000,0.0000000000,1.3000000000,0.0000000000,0.0000000000,-0.2396895384,0.1809713706,-0.0982299522,0.3971904555,-0.1395169435,-0.1030039559,-0.3065349898,-0.0455378644,0.0428675354,0.5015465140,-0.2861315815,-0.0328777057
0.0014898612,0.0599826228,0.3000000000,-0.0245741976,-0.0063445743,0.9996383615,0.0088882715,0.0075398223,-0.0050265482,0.0000000000,-1.3000000000,0.0000000000,-0.0000000000,0.0000000000,1.3000000000,0.0000000000,0.0000000000,-0.2773269806,0.1882385378,-0.0929285897,0.4530496732,-0.1279035832,-0.1090253093,-0.2943869839,-0.0619111859,0.0562086984,0.4517906692,-0.2813103076,-0.0297018128
0.0017978861,0.0799807141,0.3000000000,-0.0228294297,-0.0018277030,0.9997191348,0.0060932886,0.0075398223,-0.0050265482,0.0000000000,-1.3000000000,0.0000000000,-0.0000000000,0.0000000000,1.3000000000,0.0000000000,0.0000000000,-0.3244723054,0.1878445096,-0.0762975262,0.5293520633,-0.1349210864,-0.1187783806,-0.2750141012,-0.0729881855,0.0563642182,0.3949583745,-0.2605756623,0.0135369643
0.0020032136,0.0999801407,0.3000000000,-0.0193033043,-0.0014810809,0.9998023868,0.0045140034,0.0075398223,-0.0050265482,0.0000000000,-1.3000000000,0.0000000000,-0.0000000000,0.0000000000,1.3000000000,0.0000000000,0.0000000000,-0.3693686438,0.2003366993,-0.0587709923,0.6160071261,-0.1563303832,-0.1160034955,-0.2548494120,-0.0523717043,0.0426203207,0.3771314749,-0.2082613950,0.0581475940
0.0021292834,0.1199802015,0.3000000000,-0.0140669237,-0.0046494792,0.9998889069,0.0016364289,0.0075398223,-0.0050265482,0.0000000000,-1.3000000000,0.0000000000,-0.0000000000,0.0000000000,1.3000000000,0.0000000000,0.0000000000,-0.4090352984,0.2032314715,-0.0352401107,0.7096350303,-0.1885038489,-0.1012552941,-0.2399010019,-0.0302330568,0.0339041985,0.3680767691,-0.1855441858,0.0144443572
0.0021413546,0.1399806621,0.3000000000,-0.0085635823,-0.0059047664,0.9999454024,-0.0009954690,0.0075398223,-0.0050265482,0.0000000000,-1.3000000000,0.0000000000,-0.0000000000,0.0000000000,1.3000000000,0.0000000000,0.0000000000,-0.4399876332,0.1885623814,-0.0059572687,0.8047884115,-0.2198072141,-0.1031012249,-0.2281749909,-0.0100318215,0.0303273052,0.3543217163,-0.1846227557,0.0123876410
0.0021128349,0.1599811248,0.3000000000,-0.0039536335,-0.0067310168,0.9999695022,0.0002384572,0.0081681414,-0.0050265482,0.0000000000,-1.3000000000,0.0000000000,-0.0000000000,0.0000000000,1.3000000000,0.0000000000,0.0000000000,-0.4637802051,0.1621957096,0.0269449552,0.8787341055,-0.2533719077,-0.1025179130,-0.2114315226,0.0063910132,0.0288014039,0.3445664837,-0.1865026684,0.0084902958
0.0021843265,0.1799814531,0.3000000000,0.0015122164,-0.0067280854,0.9999704717,0.0033914309,0.0075398223,-0.0050265482,0.0000000000,-1.3000000000,0.0000000000,-0.0000000000,0.0000000000,1.3000000000,0.0000000000,0.0000000000,-0.4713815644,0.1255500161,0.0621359558,0.9132376193,-0.2863696092,-0.0928607837,-0.1901952647,0.0172200761,0.0243607577,0.3278394198,-0.1863091160,0.0039206397
0.0023502013,0.1999812507,0.3000000000,0.0059998261,-0.0070202626,0.9999466512,0.0046274012,0.0075398223,-0.0056548668,0.0000000000,-1.3000000000,0.0000000000,-0.0000000000,0.0000000000,1.3000000000,0.0000000000,0.0000000000,-0.4589611161,0.0869059329,0.0951462184,0.9096002549,-0.3131528962,-0.0825471913,-0.1700074854,0.0267173860,0.0145702921,0.3051381434,-0.1856638854,-0.0011292712
0.0025165689,0.2199810467,0.3000000000,0.0089692174,-0.0073935207,0.9999242616,0.0040447671,0.0075398223,-0.0056548668,0.0000000000,-1.3000000000,0.0000000000,-0.0000000000,0.0000000000,1.3000000000,0.0000000000,0.0000000000,-0.4317733550,0.0439920548,0.1257417690,0.8764613611,-0.3343838993,-0.0726369087,-0.1490330797,0.0342545225,0.0052395912,0.2774778844,-0.1859827472,-0.0036589177
0.0026638370,0.2399809931,0.3000000000,0.0101218376,-0.0095329229,0.9998973868,0.0034478579,0.0075398223,-0.0069115036,0.0000000000,-1.3000000000,0.0000000000,-0.0000000000,0.0000000000,1.3000000000,0.0000000000,0.0000000000,-0.3927502560,0.0041246840,0.1488575989,0.8132661012,-0.3486125830,-0.0626571515,-0.1289546120,0.0482460687,0.0010517046,0.2455987095,-0.1871803505,-0.0031868415
0.0028222701,0.2599808474,0.3000000000,0.0101415276,-0.0145061271,0.9998302809,0.0051118561,0.0075398223,-0.0069115036,0.0000000000,-1.3000000000,0.0000000000,-0.0000000000,0.0000000000,1.3000000000,0.0000000000,0.0000000000,-0.3479896912,-0.0140688056,0.1521362724,0.7170979413,-0.3489226394,-0.0537282751,-0.1112917011,0.0694361290,-0.0064392949,0.2179599021,-0.1913213500,-0.0059542528
0.0030934879,0.2799794384,0.3000000000,0.0077414783,-0.0245638661,0.9996245457,0.0093516679,0.0075398223,-0.0075398223,0.0000000000,-1.3000000000,0.0000000000,-0.0000000000,0.0000000000,1.3000000000,0.0000000000,0.0000000000,-0.2924141831,0.0057963515,0.1328408778,0.5944526340,-0.3395686991,-0.0387274518,-0.1089629427,0.0981134342,-0.0297193774,0.2181166245,-0.1910028274,-0.0130760634
0.0035634702,0.2999743084,0.3000000000,0.0038249449,-0.0388079752,0.9991327507,0.0145964842,0.0075398223,-0.0075398223,0.0000000000,-1.3000000000,0.0000000000,-0.0000000000,0.0000000000,1.3000000000,0.0000000000,0.0000000000,-0.2414050259,0.0565250541,0.1080242508,0.4725676219,-0.3203964162,0.0068941425,-0.1363844684,0.1174301148,-0.0563986697,0.2744879003,-0.1807513338,-0.0297902352
0.0042226509,0.3199638774,0.3000000000,0.0034622386,-0.0417575968,0.9989417564,0.0189653185,0.0081681414,-0.0018849556,0.0000000000,-1.3000000000,0.0000000000,-0.0000000000,0.0000000000,1.3000000000,0.0000000000,0.0000000000,-0.2143206287,0.0482871596,0.1140383117,0.4409323468,-0.2776858468,0.0756206066,-0.1805523183,0.0794461476,-0.0619897768,0.3735025816,-0.1734464383,-0.0499492451
0.0050888645,0.3399455063,0.3000000000,0.0039065752,-0.0400935668,0.9988905132,0.0243923595,0.0071368160,-0.0043982295,0.0000000000,-1.3000000000,0.0000000000,-0.0000000000,0.0000000000,1.3000000000,0.0000000000,0.0000000000,-0.1838750905,0.0695325550,0.0967618705,0.4004742321,-0.2398452114,0.0116419978,-0.2345457603,0.0198194563,-0.0612268262,0.4929048256,-0.1700853279,-0.0669952763
0.0061340504,0.3599186385,0.3000000000,0.0045528821,-0.0397865140,0.9988203577,0.0274626579,0.0075398223,-0.0043982295,0.0000000000,-1.3000000000,0.0000000000,-0.0000000000,0.0000000000,1.3000000000,0.0000000000,0.0000000000,-0.1564602264,0.0777744092,0.0765367755,0.3573114227,-0.2271789942,0.0109144983,-0.2740815283,-0.0569114383,-0.0592262409,0.5907398644,-0.1626291495,-0.0789369833
0.0072137892,0.3798899567,0.3000000000,0.0041550606,-0.0398118110,0.9988505009,0.0263710458,0.0069115036,-0.0050265482,0.0000000000,-1.3000000000,0.0000000000,-0.0000000000,0.0000000000,1.3000000000,0.0000000000,0.0000000000,-0.1329262797,0.0730525702,0.0680099135,0.3229666373,-0.2191716732,0.0318220311,-0.2901956272,-0.1392030829,-0.0511415156,0.6436923904,-0.1489938865,-0.0858081433
0.0082346438,0.3998643728,0.3000000000,0.0057222300,-0.0385360766,0.9989219146,0.0252435238,0.0075398223,-0.0050265482,0.0000000000,-1.3000000000,0.0000000000,-0.0000000000,0.0000000000,1.3000000000,0.0000000000,0.0000000000,-0.1094249796,0.0745784715,0.0613864082,0.3054684494,-0.2129971226,0.0332039115,-0.2846468671,-0.2176515320,-0.0345584997,0.6396759716,-0.1285507122,-0.0823495360
0.0092052707,0.4198412896,0.3000000000,0.0078285106,-0.0352663045,0.9990616995,0.0238898064,0.0075398223,-0.0050265482,0.0000000000,-1.3000000000,0.0000000000,-0.0000000000,0.0000000000,1.3000000000,0.0000000000,0.0000000000,-0.0910088375,0.0812341035,0.0585564971,0.2943352976,-0.2107237387,0.0174189990,-0.2606083675,-0.2858082532,-0.0175815235,0.5837854245,-0.1005480978,-0.0708611379
0.0101336863,0.4398202191,0.3000000000,0.0084452809,-0.0338708092,0.9991193358,0.0232808594,0.0075398223,-0.0066212531,0.0000000000,-1.3000000000,0.0000000000,-0.0000000000,0.0000000000,1.3000000000,0.0000000000,0.0000000000,-0.0796848400,0.0956176862,0.0579987989,0.2830113117,-0.2159390578,0.0127581554,-0.2190125378,-0.3433114534,0.0012170057,0.4991938421,-0.0677411911,-0.0568177218
0.0110225895,0.4598009397,0.3000000000,0.0073883151,-0.0333936433,0.9991742156,0.0219354556,0.0075398223,-0.0069115036,0.0000000000,-1.3000000000,0.0000000000,-0.0000000000,0.0000000000,1.3000000000,0.0000000000,0.0000000000,-0.0696388776,0.1155381157,0.0585564971,0.2750732609,-0.2184867559,0.0030165174,-0.1723537571,-0.3792990608,0.0239643916,0.4015767536,-0.0365140166,-0.0404811808
0.0118729290,0.4797833414,0.3000000000,0.0057793349,-0.0346910747,0.9991623891,0.0209200590,0.0075398223,-0.0065956840,0.0000000000,-1.3000000000,0.0000000000,-0.0000000000,0.0000000000,1.3000000000,0.0000000000,0.0000000000,-0.0553089133,0.1432521307,0.0581750199,0.2647410039,-0.2128844127,-0.0086139892,-0.1302638118,-0.3965458469,0.0545600752,0.3026766514,-0.0129333037,-0.0212283185
0.0126877941,0.4997672243,0.3000000000,0.0035093311,-0.0374595044,0.9990798157,0.0205910657,0.0075398223,-0.0062831854,0.0000000000,-1.3000000000,0.0000000000,-0.0000000000,0.0000000000,1.3000000000,0.0000000000,0.0000000000,-0.0417622219,0.1774282114,0.0574120693,0.2492662101,-0.2053113429,-0.0290312346,-0.0957176295,-0.4003585875,0.0841527643,0.2188781242,0.0019888262,-0.0013650694
0.0135221060,0.5197503031,0.3000000000,0.0019025070,-0.0416585296,0.9989021923,0.0213391087,0.0075398223,-0.0062831854,0.0000000000,-1.3000000000,0.0000000000,-0.0000000000,0.0000000000,1.3000000000,0.0000000000,0.0000000000,-0.0263328641,0.2165371406,0.0566491187,0.2327111297,-0.1955361533,-0.0509629635,-0.0720739922,-0.3941471696,0.1099617206,0.1599073430,0.0102398981,0.0120907088
0.0143843551,0.5397321970,0.3000000000,0.0005753219,-0.0467700366,0.9986689263,0.0217395549,0.0075398223,-0.0062831854,0.0000000000,-1.3000000000,0.0000000000,-0.0000000000,0.0000000000,1.3000000000,0.0000000000,0.0000000000,-0.0088215916,0.2611360243,0.0558861680,0.2230042297,-0.1811833045,-0.0735423689,-0.0540423285,-0.3711120499,0.1353444005,0.1187500888,0.0117646708,0.0294438191
0.0152182198,0.5597152869,0.3000000000,-0.0004134065,-0.0514218868,0.9984774254,0.0199612014,0.0075398223,-0.0062831854,0.0000000000,-1.3000000000,0.0000000000,-0.0000000000,0.0000000000,1.3000000000,0.0000000000,0.0000000000,-0.0064705636,0.3037000796,0.0534210983,0.2200968714,-0.1619253076,-0.0949048914,-0.0425635659,-0.3345085183,0.1521651761,0.0959991829,0.0061211378,0.0512099636
0.0159745334,0.5797014563,0.3000000000,-0.0010911607,-0.0554837013,0.9983009352,0.0177654435,0.0075398223,-0.0062831854,0.0000000000,-1.3000000000,0.0000000000,-0.0000000000,0.0000000000,1.3000000000,0.0000000000,0.0000000000,-0.0104436227,0.3459542767,0.0473264464,0.2272889892,-0.1350446584,-0.1098699093,-0.0332118505,-0.2959017906,0.1586703496,0.0886930674,-0.0013557194,0.0719824893
0.0166359352,0.5996909841,0.3000000000,-0.0013583977,-0.0575251577,0.9982293886,0.0150697972,0.0075398223,-0.0062831854,0.0000000000,-1.3000000000,0.0000000000,-0.0000000000,0.0000000000,1.3000000000,0.0000000000,0.0000000000,-0.0194957120,0.3782561130,0.0401300726,0.2408093242,-0.1025742423,-0.1239744026,-0.0326161608,-0.2513288087,0.1588845700,0.0930048929,-0.0068334336,0.0776556151
0.0171660319,0.6196843990,0.3000000000,-0.0009022770,-0.0561114051,0.9983639316,0.0109615824,0.0075398223,-0.0062831854,0.0000000000,-1.3000000000,0.0000000000,-0.0000000000,0.0000000000,1.3000000000,0.0000000000,0.0000000000,-0.0350725372,0.4006098739,0.0279128097,0.2629390704,-0.0732003430,-0.1330604205,-0.0326161608,-0.2096253586,0.1569771916,0.1048825597,-0.0036928335,0.0759305184
0.0175490461,0.6396812097,0.3000000000,-0.0007988354,-0.0544559596,0.9984705888,0.0095075532,0.0075398223,-0.0062831854,0.0000000000,-1.3000000000,0.0000000000,-0.0000000000,0.0000000000,1.3000000000,0.0000000000,0.0000000000,-0.0411596257,0.4061713239,0.0241632948,0.2716916611,-0.0663808667,-0.1333640227,-0.0326161608,-0.2002237895,0.1565957069,0.1090320717,-0.0008406674,0.0729126233
0.0179219328,0.6596782210,0.3000000000,-0.0007919628,-0.0543830318,0.9984750828,0.0094534429,0.0075398223,-0.0062831854,0.0000000000,-1.3000000000,0.0000000000,-0.0000000000,0.0000000000,1.3000000000,0.0000000000,0.0000000000,-0.0413631831,0.4062934565,0.0240818719,0.2720580651,-0.0662276834,-0.1332249808,-0.0326161608,-0.1998980979,0.1565957069,0.1091949175,-0.0006845156,0.0727908716
0.0182948195,0.6796752324,0.3000000000,-0.0007850901,-0.0543101036,0.9984795686,0.0093993325,0.0075398223,-0.0062831854,0.0000000000,-1.3000000000,0.0000000000,-0.0000000000,0.0000000000,1.3000000000,0.0000000000,0.0000000000,-0.0415667406,0.4064155890,0.0240004490,0.2724244691,-0.0660745001,-0.1330859390,-0.0326161608,-0.1995724063,0.1565957069,0.1093577633,-0.0005283638,0.0726691199
0.0186677062,0.6996722437,0.3000000000,-0.0007782175,-0.0542371749,0.9984840460,0.0093452221,0.0075398223,-0.0062831854,0.0000000000,-1.3000000000,0.0000000000,-0.0000000000,0.0000000000,1.3000000000,0.0000000000,0.0000000000,-0.0417702980,0.4065377216,0.0239190261,0.2727908732,-0.0659213167,-0.1329468971,-0.0326161608,-0.1992467147,0.1565957069,0.1095206091,-0.0003722120,0.0725473683
0.0190405929,0.7196692550,0.3000000000,-0.0007713448,-0.0541642458,0.9984885151,0.0092911116,0.0075398223,-0.0062831854,0.0000000000,-1.3000000000,0.0000000000,-0.0000000000,0.0000000000,1.3000000000,0.0000000000,0.0000000000,-0.0419738554,0.4066598542,0.0238376032,0.2731572772,-0.0657681334,-0.1328078552,-0.0326161608,-0.1989210232,0.1565957069,0.1096834549,-0.0002160602,0.0724256166
0.0194134796,0.7396662663,0.3000000000,-0.0007644721,-0.0540913162,0.9984929759,0.0092370009,0.0075398223,-0.0062831854,0.0000000000,-1.3000000000,0.0000000000,-0.0000000000,0.0000000000,1.3000000000,0.0000000000,0.0000000000,-0.0421774129,0.4067819867,0.0237561803,0.2735236812,-0.0656149501,-0.1326688134,-0.0326161608,-0.1985953316,0.1565957069,0.1098463006,-0.0000599084,0.0723038649
0.0197863663,0.7596632776,0.3000000000,-0.0007575994,-0.0540183862,0.9984974284,0.0091828903,0.0075398223,-0.0062831854,0.0000000000,-1.3000000000,0.0000000000,-0.0000000000,0.0000000000,1.3000000000,0.0000000000,0.0000000000,-0.0423809703,0.4069041193,0.0236747574,0.2738900852,-0.0654617668,-0.1325297715,-0.0326161608,-0.1982696400,0.1565957069,0.1100091464,0.0000962434,0.0721821132
0.0201592530,0.7796602889,0.3000000000,-0.0007507268,-0.0539454557,0.9985018726,0.0091287795,0.0075398223,-0.0062831854,0.0000000000,-1.3000000000,0.0000000000,-0.0000000000,0.0000000000,1.3000000000,0.0000000000,0.0000000000,-0.0425845278,0.4070262518,0.0235933345,0.2742564892,-0.0653085834,-0.1323907296,-0.0326161608,-0.1979439484,0.1565957069,0.1101719922,0.0002523952,0.0720603615
0.0205321397,0.7996573002,0.3000000000,-0.0007438541,-0.0538725248,0.9985063085,0.0090746687,0.0075398223,-0.0062831854,0.0000000000,-1.3000000000,0.0000000000,-0.0000000000,0.0000000000,1.3000000000,0.0000000000,0.0000000000,-0.0427880852,0.4071483844,0.0235119116,0.2746228933,-0.0651554001,-0.1322516878,-0.0326161608,-0.1976182568,0.1565957069,0.1103348380,0.0004085470,0.0719386098
0.0208569616,0.8196549820,0.3000000000,0.0001738623,-0.0412451536,0.9991469087,0.0020644166,0.0075398223,-0.0062831854,0.0000000000,-1.3000000000,0.0000000000,-0.0000000000,0.0000000000,1.3000000000,0.0000000000,0.0000000000,-0.0803896556,0.4056636170,0.0242415079,0.3316536332,-0.0721662489,-0.1207989676,-0.0364487263,-0.1729635373,0.1447343454,0.1362491081,0.0299501102,0.0548068749
0.0207093150,0.8396548081,0.3000000000,0.0105192493,-0.0126417907,0.9998555501,-0.0042906240,0.0075398223,-0.0069115036,0.0000000000,-1.3000000000,0.0000000000,-0.0000000000,0.0000000000,1.3000000000,0.0000000000,0.0000000000,-0.3472885095,-0.0251449582,0.1405737400,0.7144461639,-0.3786771515,-0.0440886759,-0.0308653473,-0.0406487648,0.0515100092,0.1471704077,-0.1556767907,0.0476620648
0.0205336281,0.8596545256,0.3000000000,0.0110134518,-0.0226249982,0.9996766050,-0.0036740613,0.0075398223,-0.0075398223,0.0000000000,-1.3000000000,0.0000000000,-0.0000000000,0.0000000000,1.3000000000,0.0000000000,0.0000000000,-0.3296181886,-0.0394827202,0.1267150517,0.6367107614,-0.3580569531,-0.0313050803,-0.0238840777,-0.0026308561,0.0351818487,0.1371823095,-0.1597259364,0.0380825394
0.0204337970,0.8796547230,0.3000000000,0.0089973755,-0.0382292707,0.9992284872,0.0000237642,0.0075398223,-0.0081681414,0.0000000000,-1.3000000000,0.0000000000,-0.0000000000,0.0000000000,1.3000000000,0.0000000000,0.0000000000,-0.2928681535,-0.0063142876,0.0922777497,0.5230363851,-0.3283710209,-0.0183673544,-0.0431789340,0.0421331067,0.0164298525,0.1666256011,-0.1611713378,0.0233533364
0.0205549186,0.8996546847,0.3000000000,0.0084461951,-0.0512625515,0.9986247960,0.0070234887,0.0076141818,-0.0056548668,0.0000000000,-1.3000000000,0.0000000000,-0.0000000000,0.0000000000,1.3000000000,0.0000000000,0.0000000000,-0.2644833140,0.0057571274,0.0920360539,0.4696065642,-0.2776922936,0.1061054906,-0.0680730831,0.0441258763,0.0071024439,0.2322227016,-0.1500027918,0.0051024596
0.0209760120,0.9196505575,0.3000000000,0.0095465063,-0.0516271865,0.9985179368,0.0143327522,0.0075398223,-0.0056548668,0.0000000000,-1.3000000000,0.0000000000,-0.0000000000,0.0000000000,1.3000000000,0.0000000000,0.0000000000,-0.2371003520,0.0234507739,0.0829759181,0.4457707903,-0.2409055174,0.0767837696,-0.0985981334,0.0086014821,0.0089663375,0.2969471342,-0.1377722256,-0.0225414001
0.0216564983,0.9396393983,0.3000000000,0.0120213385,-0.0509710123,0.9984440998,0.0191526203,0.0070083501,-0.0056548668,0.0000000000,-1.3000000000,0.0000000000,-0.0000000000,0.0000000000,1.3000000000,0.0000000000,0.0000000000,-0.2078611482,0.0352276906,0.0697368880,0.4085760922,-0.2264084749,0.0283031231,-0.1223503917,-0.0514533039,0.0067934203,0.3600670269,-0.1218671910,-0.0425977915
0.0224043015,0.9596259001,0.3000000000,0.0138821144,-0.0513115597,0.9984126791,0.0186153957,0.0069115036,-0.0056548668,0.0000000000,-1.3000000000,0.0000000000,-0.0000000000,0.0000000000,1.3000000000,0.0000000000,0.0000000000,-0.1728407641,0.0425697215,0.0600471995,0.3654683117,-0.2211118500,0.0415011012,-0.1348692039,-0.1310073667,-0.0002083372,0.4123075233,-0.1016625449,-0.0592757346
0.0230468904,0.9796160217,0.3000000000,0.0166463563,-0.0515214485,0.9984156430,0.0153180638,0.0069198294,-0.0043982295,0.0000000000,-1.3000000000,0.0000000000,-0.0000000000,0.0000000000,1.3000000000,0.0000000000,0.0000000000,-0.1412962553,0.0455913838,0.0547366854,0.3339515125,-0.2094356254,0.0591834555,-0.1348414949,-0.2101134958,-0.0001907378,0.4201700369,-0.0764364812,-0.0667721485
0.0235974203,0.9996089308,0.3000000000,0.0206438099,-0.0479285679,0.9985321780,0.0144974152,0.0075398223,-0.0044188855,0.0000000000,-1.3000000000,0.0000000000,-0.0000000000,0.0000000000,1.3000000000,0.0000000000,0.0000000000,-0.1130322564,0.0524654293,0.0520714112,0.3137009433,-0.1949105917,0.0584175401,-0.1202677447,-0.2842342711,0.0036490998,0.3922221941,-0.0451376867,-0.0678069020
0.0241397198,1.0196020670,0.3000000000,0.0233132332,-0.0442979045,0.9986394374,0.0146103687,0.0075398223,-0.0056548668,0.0000000000,-1.3000000000,0.0000000000,-0.0000000000,0.0000000000,1.3000000000,0.0000000000,0.0000000000,-0.0986451047,0.0638410294,0.0532158390,0.2954977042,-0.1923276722,0.0476526231,-0.0963786995,-0.3486797963,0.0169195360,0.3486238275,-0.0109788357,-0.0631424435
0.0246598237,1.0395957885,0.3000000000,0.0242478560,-0.0430655638,0.9986877582,0.0134223835,0.0075398223,-0.0056548668,0.0000000000,-1.3000000000,0.0000000000,-0.0000000000,0.0000000000,1.3000000000,0.0000000000,0.0000000000,-0.0875691207,0.0825177586,0.0551232174,0.2840392601,-0.1963866677,0.0427722175,-0.0750111602,-0.3972043466,0.0382665960,0.2975035749,0.0203718842,-0.0516403793
0.0251290077,1.0595907687,0.3000000000,0.0229682679,-0.0427082017,0.9987513682,0.0120071945,0.0075398223,-0.0056548668,0.0000000000,-1.3000000000,0.0000000000,-0.0000000000,0.0000000000,1.3000000000,0.0000000000,0.0000000000,-0.0784784298,0.1081889838,0.0573694686,0.2723531970,-0.1981202360,0.0271046161,-0.0583454241,-0.4271877501,0.0677099732,0.2460759219,0.0436118993,-0.0379570965
0.0255649031,1.0795865080,0.3000000000,0.0223198922,-0.0438729452,0.9987140086,0.0121373884,0.0075398223,-0.0056548668,0.0000000000,-1.3000000000,0.0000000000,-0.0000000000,0.0000000000,1.3000000000,0.0000000000,0.0000000000,-0.0632314798,0.1369848067,0.0581750199,0.2551136952,-0.1984112582,0.0119847506,-0.0460067139,-0.4434264113,0.0973113588,0.1964831828,0.0570125977,-0.0231414114
0.0260531697,1.0995810160,0.3000000000,0.0215102591,-0.0458239051,0.9986113936,0.0145863989,0.0075398223,-0.0056548668,0.0000000000,-1.3000000000,0.0000000000,-0.0000000000,0.0000000000,1.3000000000,0.0000000000,0.0000000000,-0.0458663015,0.1714347745,0.0645201161,0.2350315036,-0.1957911313,-0.0111552466,-0.0365242381,-0.4528622266,0.1223177528,0.1562993870,0.0644744924,-0.0098074816
0.0266593380,1.1195722886,0.3000000000,0.0209156413,-0.0483951127,0.9984551360,0.0175439553,0.0075398223,-0.0056548668,0.0000000000,-1.3000000000,0.0000000000,-0.0000000000,0.0000000000,1.3000000000,0.0000000000,0.0000000000,-0.0287319944,0.2078522498,0.0699383480,0.2163555471,-0.1895015548,-0.0343731154,-0.0315965593,-0.4512196605,0.1459213946,0.1279780539,0.0662515636,0.0053851882
0.0273560431,1.1395606315,0.3000000000,0.0203757494,-0.0508292882,0.9983150663,0.0191895971,0.0075398223,-0.0056548668,0.0000000000,-1.3000000000,0.0000000000,-0.0000000000,0.0000000000,1.3000000000,0.0000000000,0.0000000000,-0.0159923944,0.2458181545,0.0737349374,0.2032968882,-0.1830936661,-0.0558875992,-0.0259107581,-0.4373025662,0.1654288106,0.1102974316,0.0612839438,0.0232025914
0.0280924486,1.1595475597,0.3000000000,0.0197967327,-0.0527337399,0.9982220297,0.0194941417,0.0075398223,-0.0056548668,0.0000000000,-1.3000000000,0.0000000000,-0.0000000000,0.0000000000,1.3000000000,0.0000000000,0.0000000000,-0.0082704613,0.2841528652,0.0772487968,0.1989395022,-0.1770839590,-0.0722938849,-0.0207904167,-0.4122152809,0.1759134859,0.1043335646,0.0507406074,0.0426901903
0.0288037464,1.1795353897,0.3000000000,0.0197638151,-0.0545804738,0.9981495717,0.0181051388,0.0075398223,-0.0056548668,0.0000000000,-1.3000000000,0.0000000000,-0.0000000000,0.0000000000,1.3000000000,0.0000000000,0.0000000000,-0.0066758222,0.3244954787,0.0780117512,0.2026117705,-0.1701106018,-0.0915949257,-0.0207904167,-0.3807815857,0.1783398241,0.1095317342,0.0365037909,0.0641434033
0.0294502573,1.1995254173,0.3000000000,0.0197819079,-0.0561607801,0.9980922419,0.0163254277,0.0075398223,-0.0056548668,0.0000000000,-1.3000000000,0.0000000000,-0.0000000000,0.0000000000,1.3000000000,0.0000000000,0.0000000000,-0.0106986423,0.3610491987,0.0783065226,0.2137649876,-0.1570488355,-0.1068334213,-0.0208771221,-0.3399815003,0.1771953851,0.1191244017,0.0175015424,0.0790119167
0.0300038667,1.2195182168,0.3000000000,0.0197135425,-0.0564376974,0.9981201129,0.0135056601,0.0075398223,-0.0056548668,0.0000000000,-1.3000000000,0.0000000000,-0.0000000000,0.0000000000,1.3000000000,0.0000000000,0.0000000000,-0.0171459821,0.3937918285,0.0769728976,0.2318758811,-0.1399024689,-0.1202659645,-0.0204089414,-0.2932864734,0.1746306431,0.1270109350,-0.0043056851,0.0874153341
0.0304343606,1.2395140318,0.3000000000,0.0188440961,-0.0537132956,0.9983289578,0.0099535863,0.0075398223,-0.0056548668,0.0000000000,-1.3000000000,0.0000000000,-0.0000000000,0.0000000000,1.3000000000,0.0000000000,0.0000000000,-0.0276557775,0.4192398296,0.0720994773,0.2525350184,-0.1196480541,-0.1293685013,-0.0237465523,-0.2470090179,0.1729034911,0.1314183325,-0.0244057563,0.0844861612
0.0306793053,1.2595129415,0.3000000000,0.0170470475,-0.0440918909,0.9988718783,0.0045026698,0.0075398223,-0.0056548668,0.0000000000,-1.3000000000,0.0000000000,-0.0000000000,0.0000000000,1.3000000000,0.0000000000,0.0000000000,-0.0453140685,0.4303861889,0.0693467695,0.2799761416,-0.1103704795,-0.1325822473,-0.0304908705,-0.2086940394,0.1722362041,0.1302738935,-0.0371863506,0.0691815231
0.0307412259,1.2795132729,0.3000000000,0.0152288348,-0.0286529368,0.9994733838,-0.0002164080,0.0075398223,-0.0056548668,0.0000000000,-1.3000000000,0.0000000000,-0.0000000000,0.0000000000,1.3000000000,0.0000000000,0.0000000000,-0.0768722138,0.4251148724,0.0691238592,0.3224681258,-0.1226658565,-0.1252241383,-0.0383779081,-0.1868462337,0.1623129556,0.1382105448,-0.0420347031,0.0578804241
0.0306959094,1.2995137036,0.3000000000,0.0118434532,-0.0145945636,0.9998233477,0.0000683688,0.0075398223,-0.0056548668,0.0000000000,-1.3000000000,0.0000000000,-0.0000000000,0.0000000000,1.3000000000,0.0000000000,0.0000000000,-0.1133642654,0.4217212200,0.0724165302,0.3834511645,-0.1557906261,-0.0926182823,-0.0519452335,-0.2096215477,0.1276028315,0.1634637397,-0.1051973926,0.1390935312
0.0307673667,1.3195140215,0.3000000000,0.0090306900,-0.0098826120,0.9999048818,0.0033178140,0.0075398223,-0.0045890418,0.0000000000,-1.3000000000,0.0000000000,-0.0000000000,0.0000000000,1.3000000000,0.0000000000,0.0000000000,-0.1609276551,0.4076546123,0.0736996674,0.4534714042,-0.1869976770,-0.0721506249,-0.0666014110,-0.1816713126,0.1205872309,0.1977810099,-0.1345139102,0.1902712286
0.0308410086,1.3395142960,0.3000000000,0.0099179107,-0.0056062276,0.9999343895,-0.0011924220,0.0069115036,-0.0023075800,0.0000000000,-1.3000000000,0.0000000000,-0.0000000000,0.0000000000,1.3000000000,0.0000000000,0.0000000000,-0.2063397069,0.3724835824,0.0777619811,0.5275625999,-0.2149573708,-0.0790523025,-0.0796693595,-0.1610348866,0.1113181846,0.2313853866,-0.1307638335,0.1272560105
0.0306249559,1.3595134007,0.3000000000,0.0121652497,-0.0039198383,0.9998761422,-0.0091837854,0.0075398223,-0.0025132741,0.0000000000,-1.3000000000,0.0000000000,-0.0000000000,0.0000000000,1.3000000000,0.0000000000,0.0000000000,-0.2412208787,0.3218243006,0.0820704198,0.6016968189,-0.2469468349,-0.0727924548,-0.0878989111,-0.1425435224,0.0967352556,0.2566174641,-0.1191231211,0.1045595701
0.0302006946,1.3795093779,0.3000000000,0.0137333129,-0.0015883665,0.9998433383,-0.0110531473,0.0075398223,-0.0025132741,0.0000000000,-1.3000000000,0.0000000000,-0.0000000000,0.0000000000,1.3000000000,0.0000000000,0.0000000000,-0.2643971140,0.2528021658,0.0884304585,0.6688551963,-0.2812345841,-0.0623606197,-0.0998747242,-0.1297735579,0.0961912692,0.2606196662,-0.1188902685,0.0860457607
0.0297739663,1.3995053046,0.3000000000,0.0156602126,0.0005686541,0.9998308528,-0.0096280876,0.0075398223,-0.0025132741,0.0000000000,-1.3000000000,0.0000000000,-0.0000000000,0.0000000000,1.3000000000,0.0000000000,0.0000000000,-0.2892828673,0.1824331837,0.0972878814,0.7205857588,-0.3161720219,-0.0627958067,-0.0900166125,-0.1182457998,0.0993743837,0.2474200532,-0.1298620174,0.0738055287
0.0294258870,1.4195027550,0.3000000000,0.0164821636,0.0017402957,0.9998281807,-0.0083017271,0.0069115036,-0.0025132741,0.0000000000,-1.3000000000,0.0000000000,-0.0000000000,0.0000000000,1.3000000000,0.0000000000,0.0000000000,-0.3171952482,0.1100057344,0.1088562945,0.7472281195,-0.3472877722,-0.0633902305,-0.0714733609,-0.1018281568,0.0957778481,0.2242818060,-0.1450189789,0.0637616217
0.0290441693,1.4394995741,0.3000000000,0.0167516043,-0.0012396009,0.9997956114,-0.0112508960,0.0069115036,-0.0025132741,0.0000000000,-1.3000000000,0.0000000000,-0.0000000000,0.0000000000,1.3000000000,0.0000000000,0.0000000000,-0.3309071682,0.0408329794,0.1224193465,0.7482871550,-0.3647233862,-0.0571361613,-0.0578164152,-0.0757915071,0.0881551577,0.1971235986,-0.1428294819,0.0521386664
0.0284876693,1.4594922286,0.3000000000,0.0162481090,-0.0062644734,0.9997161997,-0.0162565480,0.0069115036,-0.0036955230,0.0000000000,-1.3000000000,0.0000000000,-0.0000000000,0.0000000000,1.3000000000,0.0000000000,0.0000000000,-0.3292811422,-0.0145839813,0.1321361154,0.7235260590,-0.3696415686,-0.0472013397,-0.0485151405,-0.0488639506,0.0799191296,0.1638110822,-0.1411057954,0.0448350973
0.0277990822,1.4794808567,0.3000000000,0.0141504447,-0.0152251888,0.9996478245,-0.0164980470,0.0072402735,-0.0050265482,0.0000000000,-1.3000000000,0.0000000000,-0.0000000000,0.0000000000,1.3000000000,0.0000000000,0.0000000000,-0.3106586065,-0.0406448874,0.1300742881,0.6597486759,-0.3589997276,-0.0485373096,-0.0394827202,-0.0088582277,0.0772310555,0.1397753030,-0.1477805166,0.0403830628
0.0272243406,1.4994729786,0.3000000000,0.0112111947,-0.0294398841,0.9994446196,-0.0108652961,0.0075398223,-0.0050265482,0.0000000000,-1.3000000000,0.0000000000,-0.0000000000,0.0000000000,1.3000000000,0.0000000000,0.0000000000,-0.2767262297,-0.0227944827,0.1110463010,0.5552429263,-0.3361051864,-0.0369430108,-0.0425459503,0.0353321929,0.0580211993,0.1397026681,-0.1543743385,0.0239573746
0.0269330591,1.5194711469,0.3000000000,0.0085189929,-0.0461426831,0.9988937227,-0.0031000647,0.0075398223,-0.0038242078,0.0000000000,-1.3000000000,0.0000000000,-0.0000000000,0.0000000000,1.3000000000,0.0000000000,0.0000000000,-0.2457856311,0.0141310778,0.0951451840,0.4511183764,-0.3026593651,0.0381671231,-0.0592864821,0.0624042196,0.0336192965,0.1769316678,-0.1425701725,0.0051243717
0.0269352102,1.5394714698,0.3000000000,0.0078840532,-0.0505157704,0.9986853478,0.0036843891,0.0078685032,-0.0031415927,0.0000000000,-1.3000000000,0.0000000000,-0.0000000000,0.0000000000,1.3000000000,0.0000000000,0.0000000000,-0.2179018852,0.0237716903,0.0951957827,0.4242625330,-0.2532272847,0.1033122991,-0.0825012902,0.0277804076,0.0265301831,0.2424509362,-0.1251538596,-0.0208599612
0.0271594143,1.5594706377,0.3000000000,0.0085426858,-0.0505917480,0.9986501885,0.0080807482,0.0075398223,-0.0031415927,0.0000000000,-1.3000000000,0.0000000000,-0.0000000000,0.0000000000,1.3000000000,0.0000000000,0.0000000000,-0.1910615263,0.0472530862,0.0821003774,0.3923065115,-0.2225123056,0.0312893950,-0.1154707012,-0.0319021468,0.0192977692,0.3130828804,-0.1096240745,-0.0403639721
0.0275075663,1.5794680897,0.3000000000,0.0086732101,-0.0506240297,0.9986350056,0.0094925517,0.0075398223,-0.0031415927,0.0000000000,-1.3000000000,0.0000000000,-0.0000000000,0.0000000000,1.3000000000,0.0000000000,0.0000000000,-0.1672074261,0.0521894673,0.0695012307,0.3612604308,-0.2131699500,0.0383791466,-0.1370435507,-0.1085932282,0.0122314450,0.3735310802,-0.0945834051,-0.0594711493
0.0278525547,1.5994655980,0.3000000000,0.0095519908,-0.0509551887,0.9986210196,0.0082696684,0.0075398223,-0.0029361717,0.0000000000,-1.3000000000,0.0000000000,-0.0000000000,0.0000000000,1.3000000000,0.0000000000,0.0000000000,-0.1409698535,0.0577935465,0.0614835816,0.3331088144,-0.2045425201,0.0556660572,-0.1462958753,-0.1913834694,0.0094708694,0.4020092130,-0.0746292452,-0.0735558653
0.0281348787,1.6194640908,0.3000000000,0.0121261146,-0.0487658149,0.9987109948,0.0071555174,0.0075398223,-0.0025132741,0.0000000000,-1.3000000000,0.0000000000,-0.0000000000,0.0000000000,1.3000000000,0.0000000000,0.0000000000,-0.1168533421,0.0611226366,0.0589379705,0.3116831617,-0.2024302697,0.0623658462,-0.1374530250,-0.2692335356,0.0129180746,0.3902326619,-0.0481718046,-0.0730561401
0.0284028224,1.6394627850,0.3000000000,0.0142945059,-0.0447518344,0.9988718778,0.0069218603,0.0075398223,-0.0031415927,0.0000000000,-1.3000000000,0.0000000000,-0.0000000000,0.0000000000,1.3000000000,0.0000000000,0.0000000000,-0.0974143368,0.0741576055,0.0609900627,0.2960183876,-0.2013335482,0.0489228969,-0.1146727850,-0.3452158945,0.0246578361,0.3509375922,-0.0185882652,-0.0646801380
0.0286311714,1.6594619695,0.3000000000,0.0161549871,-0.0428688423,0.9989311402,0.0061527209,0.0075398223,-0.0031415927,0.0000000000,-1.3000000000,0.0000000000,-0.0000000000,0.0000000000,1.3000000000,0.0000000000,0.0000000000,-0.0848197182,0.0916420178,0.0628627464,0.2825340693,-0.2039467113,0.0344852371,-0.0907032906,-0.3966095851,0.0401428213,0.2981087994,0.0106370815,-0.0535002837
0.0288488914,1.6794612747,0.3000000000,0.0166977654,-0.0423173903,0.9989454444,0.0061985683,0.0075398223,-0.0031415927,0.0000000000,-1.3000000000,0.0000000000,-0.0000000000,0.0000000000,1.3000000000,0.0000000000,0.0000000000,-0.0700339836,0.1167065061,0.0643947155,0.2709555116,-0.2060569239,0.0225766931,-0.0661363648,-0.4315731500,0.0667332119,0.2429752963,0.0366953252,-0.0425351527
0.0290782853,1.6994604484,0.3000000000,0.0165004252,-0.0434918144,0.9988945191,0.0067777386,0.0075398223,-0.0031415927,0.0000000000,-1.3000000000,0.0000000000,-0.0000000000,0.0000000000,1.3000000000,0.0000000000,0.0000000000,-0.0550139295,0.1468959183,0.0658045337,0.2564330310,-0.2069822715,0.0055857220,-0.0434469728,-0.4503184723,0.0978082646,0.1900964831,0.0544021169,-0.0293615738
0.0293256334,1.7194594090,0.3000000000,0.0158812900,-0.0453256428,0.9988219108,0.0069398294,0.0075398223,-0.0031415927,0.0000000000,-1.3000000000,0.0000000000,-0.0000000000,0.0000000000,1.3000000000,0.0000000000,0.0000000000,-0.0406752192,0.1810807057,0.0662693602,0.2385776813,-0.2038693559,-0.0192815644,-0.0293143029,-0.4564355016,0.1256000473,0.1450808875,0.0647704528,-0.0125902590
0.0295745775,1.7394583497,0.3000000000,0.0148696378,-0.0478038060,0.9987210103,0.0070734444,0.0075398223,-0.0031415927,0.0000000000,-1.3000000000,0.0000000000,-0.0000000000,0.0000000000,1.3000000000,0.0000000000,0.0000000000,-0.0237197203,0.2196833855,0.0681941775,0.2195174712,-0.1985520999,-0.0401124855,-0.0203081462,-0.4528006269,0.1519606243,0.1131648833,0.0696272126,0.0041893981
0.0298344198,1.7594571517,0.3000000000,0.0139965662,-0.0504078555,0.9986036705,0.0073384965,0.0075398223,-0.0031415927,0.0000000000,-1.3000000000,0.0000000000,-0.0000000000,0.0000000000,1.3000000000,0.0000000000,0.0000000000,-0.0068066516,0.2589036907,0.0708472636,0.2059368860,-0.1905623886,-0.0629756549,-0.0185015649,-0.4388513523,0.1737148359,0.0953089798,0.0651562907,0.0247837823
0.0301055320,1.7794558036,0.3000000000,0.0135565335,-0.0527763272,0.9984839629,0.0077881613,0.0075398223,-0.0031415927,0.0000000000,-1.3000000000,0.0000000000,-0.0000000000,0.0000000000,1.3000000000,0.0000000000,0.0000000000,0.0022020698,0.2992666457,0.0774567060,0.2008468807,-0.1778000946,-0.0834106717,-0.0200274661,-0.4112487383,0.1861772321,0.0910858702,0.0544698155,0.0492417732
0.0303976706,1.7994541597,0.3000000000,0.0129541383,-0.0549016554,0.9983749043,0.0080962326,0.0075398223,-0.0031415927,0.0000000000,-1.3000000000,0.0000000000,-0.0000000000,0.0000000000,1.3000000000,0.0000000000,0.0000000000,0.0047684442,0.3391473118,0.0806820765,0.2064783036,-0.1646022471,-0.1002377719,-0.0223163199,-0.3749749017,0.1889242137,0.0984238016,0.0384424360,0.0701116319
0.0306526509,1.8194529990,0.3000000000,0.0124318056,-0.0566666506,0.9983005596,0.0055076062,0.0075398223,-0.0031415927,0.0000000000,-1.3000000000,0.0000000000,-0.0000000000,0.0000000000,1.3000000000,0.0000000000,0.0000000000,0.0002936247,0.3780172055,0.0783003651,0.2183847247,-0.1506431443,-0.1139908697,-0.0234607458,-0.3301043034,0.1859693229,0.1064266678,0.0204997388,0.0870950690
0.0307575816,1.8394531410,0.3000000000,0.0124026469,-0.0568665572,0.9983043360,0.0009065105,0.0075398223,-0.0026583361,0.0000000000,-1.3000000000,0.0000000000,-0.0000000000,0.0000000000,1.3000000000,0.0000000000,0.0000000000,-0.0130436481,0.4095436950,0.0717319946,0.2360015101,-0.1292180208,-0.1261079491,-0.0239302936,-0.2790488369,0.1835924036,0.1152790978,0.0013049389,0.0904063013
0.0306694873,1.8594533528,0.3000000000,0.0120062738,-0.0526609254,0.9985319165,-0.0040850946,0.0075398223,-0.0031415927,0.0000000000,-1.3000000000,0.0000000000,-0.0000000000,0.0000000000,1.3000000000,0.0000000000,0.0000000000,-0.0257007540,0.4349408680,0.0636476833,0.2586503040,-0.1094397057,-0.1334705606,-0.0285862435,-0.2318929268,0.1817730963,0.1216662772,-0.0134764051,0.0822143022
0.0303836382,1.8794517246,0.3000000000,0.0122188571,-0.0421903646,0.9989950953,-0.0089147148,0.0075398223,-0.0025132741,0.0000000000,-1.3000000000,0.0000000000,-0.0000000000,0.0000000000,1.3000000000,0.0000000000,0.0000000000,-0.0484925148,0.4404135048,0.0586336634,0.2918011054,-0.1064494960,-0.1328639768,-0.0378068421,-0.1957290018,0.1781854900,0.1314226815,-0.0146951248,0.0669412131
0.0299325759,1.8994470871,0.3000000000,0.0115036377,-0.0256719495,0.9995311468,-0.0120873467,0.0081681414,-0.0031415927,0.0000000000,-1.3000000000,0.0000000000,-0.0000000000,0.0000000000,1.3000000000,0.0000000000,0.0000000000,-0.0802468770,0.4338956558,0.0651071292,0.3452203164,-0.1301288879,-0.1101289142,-0.0502951321,-0.1893816627,0.1455538683,0.1557462566,-0.0376668066,0.0779742757
0.0294892323,1.9194426295,0.3000000000,0.0091277849,-0.0160564754,0.9997866585,-0.0092471962,0.0069115036,-0.0040343797,0.0000000000,-1.3000000000,0.0000000000,-0.0000000000,0.0000000000,1.3000000000,0.0000000000,0.0000000000,-0.1187887448,0.4288690223,0.0669489577,0.4095130023,-0.1647215017,-0.0802796087,-0.0620900079,-0.2054450331,0.1272824367,0.1847441205,-0.1080403898,0.1676530102
0.0291716666,1.9394405857,0.3000000000,0.0082429799,-0.0108010583,0.9998798557,-0.0074608728,0.0069115036,-0.0001725848,0.0000000000,-1.3000000000,0.0000000000,-0.0000000000,0.0000000000,1.3000000000,0.0000000000,0.0000000000,-0.1649423433,0.4061560400,0.0683700759,0.4777146396,-0.1965551820,-0.0768072464,-0.0754085483,-0.1747346293,0.1208417919,0.2128739992,-0.1363453470,0.1781109397
0.0287747773,1.9594368801,0.3000000000,0.0103613744,-0.0077113568,0.9998069751,-0.0148050482,0.0069115036,0.0000000000,0.0000000000,-1.3000000000,0.0000000000,-0.0000000000,0.0000000000,1.3000000000,0.0000000000,0.0000000000,-0.2150781298,0.3632387975,0.0745979148,0.5600000599,-0.2338226142,-0.0817120086,-0.0849074756,-0.1561364636,0.1069552814,0.2486090858,-0.1388094238,0.1315496977
0.0280288792,1.9794233035,0.3000000000,0.0129235699,-0.0060925458,0.9996653285,-0.0215660182,0.0075398223,0.0000000000,0.0000000000,-1.3000000000,0.0000000000,-0.0000000000,0.0000000000,1.3000000000,0.0000000000,0.0000000000,-0.2485945610,0.3032740392,0.0852914123,0.6317330781,-0.2687105918,-0.0709974455,-0.0971171527,-0.1344385104,0.0951781496,0.2653267893,-0.1302190046,0.1005292035
0.0271073314,1.9994025355,0.3000000000,0.0154709850,-0.0033182546,0.9995964352,-0.0235924697,0.0075398223,0.0000000000,0.0000000000,-1.3000000000,0.0000000000,-0.0000000000,0.0000000000,1.3000000000,0.0000000000,0.0000000000,-0.2692558801,0.2292112005,0.0950070864,0.6942162254,-0.3032906861,-0.0632956751,-0.1014100527,-0.1250187748,0.0993316177,0.2623499642,-0.1366630849,0.0871724619
0.0262018058,2.0193824935,0.3000000000,0.0159049153,-0.0004227017,0.9996497896,-0.0211459936,0.0075398223,0.0000000000,0.0000000000,-1.3000000000,0.0000000000,-0.0000000000,0.0000000000,1.3000000000,0.0000000000,0.0000000000,-0.2963364015,0.1524793767,0.1074155244,0.7392144121,-0.3366284674,-0.0666677512,-0.0874883212,-0.1119027562,0.0997558534,0.2396367588,-0.1560478096,0.0746967334
0.0253916784,2.0393665626,0.3000000000,0.0170673071,-0.0006213832,0.9996568329,-0.0198629629,0.0075398223,0.0000000000,0.0000000000,-1.3000000000,0.0000000000,-0.0000000000,0.0000000000,1.3000000000,0.0000000000,0.0000000000,-0.3171699587,0.0807674087,0.1199516060,0.7528420091,-0.3621704089,-0.0649484849,-0.0665944276,-0.0913948310,0.0955731003,0.2127085503,-0.1579503327,0.0664843692
0.0245388297,2.0593488302,0.3000000000,0.0171881839,-0.0044702588,0.9995777792,-0.0229966605,0.0069115036,-0.0006233254,0.0000000000,-1.3000000000,0.0000000000,-0.0000000000,0.0000000000,1.3000000000,0.0000000000,0.0000000000,-0.3236850417,0.0151167887,0.1317937391,0.7440862159,-0.3739134604,-0.0552845714,-0.0501731273,-0.0650658315,0.0856473206,0.1798930017,-0.1563012737,0.0482417172
0.0235313791,2.0793238807,0.3000000000,0.0163277415,-0.0107938550,0.9994523438,-0.0266816421,0.0075398223,-0.0025132741,0.0000000000,-1.3000000000,0.0000000000,-0.0000000000,0.0000000000,1.3000000000,0.0000000000,0.0000000000,-0.3138437113,-0.0282918279,0.1356145591,0.7023619606,-0.3715739878,-0.0477950679,-0.0391332682,-0.0331737727,0.0799191296,0.1486968118,-0.1575988054,0.0490662324
0.0224658066,2.0992959551,0.3000000000,0.0144068213,-0.0218108514,0.9993437414,-0.0250762180,0.0075398223,-0.0025132741,0.0000000000,-1.3000000000,0.0000000000,-0.0000000000,0.0000000000,1.3000000000,0.0000000000,0.0000000000,-0.2858258877,-0.0334762598,0.1277007239,0.6179434214,-0.3536736408,-0.0448207100,-0.0378596669,0.0093390320,0.0717209588,0.1363775134,-0.1636638876,0.0408623262
0.0215715923,2.1192762860,0.3000000000,0.0108379177,-0.0373923322,0.9990753233,-0.0182442167,0.0075398223,-0.0025132741,0.0000000000,-1.3000000000,0.0000000000,-0.0000000000,0.0000000000,1.3000000000,0.0000000000,0.0000000000,-0.2489176066,0.0031777242,0.1020495246,0.4990192898,-0.3275803160,-0.0251234803,-0.0536476822,0.0501040334,0.0467907561,0.1545731507,-0.1609817153,0.0205944369
0.0209927849,2.1392681831,0.3000000000,0.0091267351,-0.0495328295,0.9986769504,-0.0103706427,0.0076215919,0.0000000000,0.0000000000,-1.3000000000,0.0000000000,-0.0000000000,0.0000000000,1.3000000000,0.0000000000,0.0000000000,-0.2221755463,0.0149193482,0.1043832092,0.4377092331,-0.2890955477,0.1039985411,-0.0745627854,0.0486538203,0.0311399030,0.2106842258,-0.1413495439,-0.0016799863
0.0207062682,2.1592664623,0.3000000000,0.0084059142,-0.0503320735,0.9986902383,-0.0037189823,0.0075398223,-0.0018849556,0.0000000000,-1.3000000000,0.0000000000,-0.0000000000,0.0000000000,1.3000000000,0.0000000000,0.0000000000,-0.1936241835,0.0377958694,0.0961445062,0.4081490519,-0.2491165503,0.0594342748,-0.1089961934,0.0034966348,0.0266481559,0.2837969129,-0.1241868217,-0.0362621740
0.0206172683,2.1792667218,0.3000000000,0.0084126872,-0.0497482335,0.9987260942,-0.0007271508,0.0069115036,-0.0018849556,0.0000000000,-1.3000000000,0.0000000000,-0.0000000000,0.0000000000,1.3000000000,0.0000000000,0.0000000000,-0.1693504643,0.0519801561,0.0821002742,0.3762927158,-0.2297668623,0.0245864984,-0.1372646171,-0.0669399684,0.0183025992,0.3503598443,-0.1097027657,-0.0576623573
0.0205715323,2.1992671580,0.3000000000,0.0084740828,-0.0492812526,0.9987481812,-0.0012722465,0.0075398223,-0.0018849556,0.0000000000,-1.3000000000,0.0000000000,-0.0000000000,0.0000000000,1.3000000000,0.0000000000,0.0000000000,-0.1439241109,0.0561920819,0.0702274411,0.3445046859,-0.2166644416,0.0390760863,-0.1536987067,-0.1492112544,0.0113290884,0.3967778526,-0.0904191236,-0.0677745921
0.0204586238,2.2192673121,0.3000000000,0.0097381316,-0.0484437466,0.9987722784,-0.0035082856,0.0075398223,-0.0011155900,0.0000000000,-1.3000000000,0.0000000000,-0.0000000000,0.0000000000,1.3000000000,0.0000000000,0.0000000000,-0.1183702849,0.0581750199,0.0609309842,0.3180922133,-0.2110717527,0.0584929465,-0.1548595990,-0.2332957087,0.0116350045,0.4022270372,-0.0636962739,-0.0730520202
0.0202676015,2.2392668849,0.3000000000,0.0121100066,-0.0440601566,0.9989454349,-0.0044797775,0.0075398223,-0.0018849556,0.0000000000,-1.3000000000,0.0000000000,-0.0000000000,0.0000000000,1.3000000000,0.0000000000,0.0000000000,-0.0955420952,0.0639146869,0.0611358393,0.3000129773,-0.2105720637,0.0480908102,-0.1347255563,-0.3081291620,0.0169931915,0.3739841847,-0.0323061974,-0.0697494138
0.0200424412,2.2592660988,0.3000000000,0.0138443691,-0.0406661512,0.9990601947,-0.0057727805,0.0075398223,-0.0018849556,0.0000000000,-1.3000000000,0.0000000000,-0.0000000000,0.0000000000,1.3000000000,0.0000000000,0.0000000000,-0.0798382366,0.0791368728,0.0626525348,0.2847908060,-0.2117273950,0.0418569672,-0.1111385354,-0.3737784666,0.0322153807,0.3242215790,-0.0013663768,-0.0622512318
0.0197696278,2.2792647255,0.3000000000,0.0149019671,-0.0390621978,0.9991034118,-0.0066669750,0.0075398223,-0.0018849556,0.0000000000,-1.3000000000,0.0000000000,-0.0000000000,0.0000000000,1.3000000000,0.0000000000,0.0000000000,-0.0680590700,0.1007374761,0.0641629124,0.2732929150,-0.2151864249,0.0273786256,-0.0853068714,-0.4156048283,0.0538159844,0.2684622236,0.0250847587,-0.0489226016
0.0194684564,2.2992629472,0.3000000000,0.0147528682,-0.0396023883,0.9990813219,-0.0071074593,0.0075398223,-0.0018849556,0.0000000000,-1.3000000000,0.0000000000,-0.0000000000,0.0000000000,1.3000000000,0.0000000000,0.0000000000,-0.0524714514,0.1302182104,0.0650415793,0.2616533997,-0.2146750900,0.0090685893,-0.0620269054,-0.4383542372,0.0840596682,0.2147875964,0.0442921296,-0.0367986915
0.0191747109,2.3192612780,0.3000000000,0.0143770735,-0.0416900830,0.9990069848,-0.0063467378,0.0075398223,-0.0018849556,0.0000000000,-1.3000000000,0.0000000000,-0.0000000000,0.0000000000,1.3000000000,0.0000000000,0.0000000000,-0.0379164314,0.1644505068,0.0668044438,0.2449131409,-0.2133569334,-0.0120311955,-0.0433495389,-0.4478985075,0.1167660637,0.1664853780,0.0540538345,-0.0183733406
0.0189035205,2.3392599294,0.3000000000,0.0134203215,-0.0443897533,0.9989053281,-0.0061310836,0.0075398223,-0.0018849556,0.0000000000,-1.3000000000,0.0000000000,-0.0000000000,0.0000000000,1.3000000000,0.0000000000,0.0000000000,-0.0215787187,0.2032426915,0.0684748590,0.2270363777,-0.2080772713,-0.0371102915,-0.0331552953,-0.4495689273,0.1432848729,0.1287071934,0.0576089734,0.0012648142
0.0186365086,2.3592586372,0.3000000000,0.0117377648,-0.0473295291,0.9987921984,-0.0060237075,0.0075398223,-0.0025132741,0.0000000000,-1.3000000000,0.0000000000,-0.0000000000,0.0000000000,1.3000000000,0.0000000000,0.0000000000,-0.0054066605,0.2427395439,0.0709856370,0.2116253734,-0.1989317581,-0.0597349975,-0.0291828793,-0.4409893574,0.1674641250,0.1055128050,0.0555527825,0.0182232059
0.0183834915,2.3792575259,0.3000000000,0.0111626045,-0.0495868963,0.9986921751,-0.0055204554,0.0075398223,-0.0018849556,0.0000000000,-1.3000000000,0.0000000000,-0.0000000000,0.0000000000,1.3000000000,0.0000000000,0.0000000000,0.0072910321,0.2826259762,0.0757515601,0.2050431073,-0.1875904350,-0.0791580817,-0.0291828793,-0.4145349205,0.1835327290,0.0943865347,0.0478414553,0.0388082804
0.0181465669,2.3992566125,0.3000000000,0.0102640348,-0.0519892604,0.9985793230,-0.0055769210,0.0075398223,-0.0018849556,0.0000000000,-1.3000000000,0.0000000000,-0.0000000000,0.0000000000,1.3000000000,0.0000000000,0.0000000000,0.0131609067,0.3238877991,0.0780117512,0.2084791241,-0.1738328429,-0.0988688779,-0.0291828793,-0.3818447057,0.1907391450,0.0946073024,0.0330552371,0.0578382202
0.0178664277,2.4192551271,0.3000000000,0.0095666625,-0.0544381313,0.9984424524,-0.0075919772,0.0075398223,-0.0018849556,0.0000000000,-1.3000000000,0.0000000000,-0.0000000000,0.0000000000,1.3000000000,0.0000000000,0.0000000000,0.0053393279,0.3660302082,0.0764849597,0.2189682981,-0.1562021830,-0.1147989437,-0.0305184870,-0.3393171884,0.1895929017,0.0991840884,0.0174600783,0.0802942026
0.0174704293,2.4392516486,0.3000000000,0.0092135365,-0.0556364792,0.9983442653,-0.0113322898,0.0075398223,-0.0025132741,0.0000000000,-1.3000000000,0.0000000000,-0.0000000000,0.0000000000,1.3000000000,0.0000000000,0.0000000000,-0.0060423900,0.3999841959,0.0709748595,0.2367942898,-0.1338694830,-0.1295247914,-0.0310902577,-0.2886607912,0.1857989940,0.1035297976,0.0041298613,0.0927317757
0.0169089753,2.4592441962,0.3000000000,0.0087871141,-0.0528883555,0.9984394350,-0.0156302005,0.0075398223,-0.0018849556,0.0000000000,-1.3000000000,0.0000000000,-0.0000000000,0.0000000000,1.3000000000,0.0000000000,0.0000000000,-0.0185019545,0.4293511066,0.0611502956,0.2587554083,-0.1128839260,-0.1357063720,-0.0352103492,-0.2413586389,0.1825360507,0.1124210780,-0.0057373580,0.0873096831
0.0161777934,2.4792312544,0.3000000000,0.0082460266,-0.0441005260,0.9987943436,-0.0199250060,0.0075398223,-0.0018849556,0.0000000000,-1.3000000000,0.0000000000,-0.0000000000,0.0000000000,1.3000000000,0.0000000000,0.0000000000,-0.0392044218,0.4400320351,0.0551232174,0.2896689204,-0.1075123918,-0.1334505996,-0.0438954826,-0.2040687102,0.1800306694,0.1257477788,-0.0053992453,0.0749735810
0.0152776643,2.4992114141,0.3000000000,0.0075847709,-0.0284107599,0.9992723184,-0.0242926658,0.0075398223,-0.0021151033,0.0000000000,-1.3000000000,0.0000000000,-0.0000000000,0.0000000000,1.3000000000,0.0000000000,0.0000000000,-0.0708768716,0.4346536708,0.0580730088,0.3407952366,-0.1282484130,-0.1158816230,-0.0530118129,-0.1879144244,0.1546394722,0.1517496857,-0.0089861065,0.0759117246
0.0143390624,2.5191898344,0.3000000000,0.0054449366,-0.0176473159,0.9995927311,-0.0217553857,0.0073390757,-0.0018849556,0.0000000000,-1.3000000000,0.0000000000,-0.0000000000,0.0000000000,1.3000000000,0.0000000000,0.0000000000,-0.1087102198,0.4293665575,0.0632560821,0.4072520197,-0.1650920413,-0.0852349032,-0.0697253358,-0.2050747744,0.1278631665,0.1788115055,-0.0883626434,0.1610996396
0.0134929791,2.5391724166,0.3000000000,0.0045012613,-0.0121880723,0.9996988410,-0.0208186671,0.0069115036,-0.0006283185,0.0000000000,-1.3000000000,0.0000000000,-0.0000000000,0.0000000000,1.3000000000,0.0000000000,0.0000000000,-0.1566655023,0.4055515270,0.0693389986,0.4792379656,-0.2008944658,-0.0784743326,-0.0789770686,-0.1723141349,0.1223408333,0.2089043881,-0.1232318717,0.1776167964
0.0126254898,2.5591540597,0.3000000000,0.0064515959,-0.0093668835,0.9996503797,-0.0238695776,0.0063290357,0.0000000000,0.0000000000,-1.3000000000,0.0000000000,-0.0000000000,0.0000000000,1.3000000000,0.0000000000,0.0000000000,-0.1860724332,0.3823261467,0.0722339408,0.5245999954,-0.2242913810,-0.0810727500,-0.0832967342,-0.1643365708,0.1151262305,0.2284997257,-0.1278088628,0.1532916249
0.0113947558,2.5791162950,0.3000000000,0.0113946731,-0.0074401685,0.9993128059,-0.0344778372,0.0075398223,0.0000000000,0.0000000000,-1.3000000000,0.0000000000,-0.0000000000,0.0000000000,1.3000000000,0.0000000000,0.0000000000,-0.2342455770,0.3100692292,0.0835743370,0.6168423817,-0.2746106126,-0.0685482656,-0.0892964663,-0.1368445502,0.0962485973,0.2613419461,-0.1154499734,0.1085726255
0.0099430498,2.5990640112,0.3000000000,0.0137839194,-0.0050316422,0.9992092664,-0.0369530528,0.0075398223,0.0000000000,0.0000000000,-1.3000000000,0.0000000000,-0.0000000000,0.0000000000,1.3000000000,0.0000000000,0.0000000000,-0.2566004073,0.2367667076,0.0926836503,0.6805359579,-0.3116536466,-0.0617771100,-0.0989929065,-0.1242880172,0.0987872627,0.2596239155,-0.1208144276,0.0850052168
0.0084613044,2.6190095311,0.3000000000,0.0159037750,-0.0018638260,0.9992194911,-0.0361110062,0.0075398223,0.0000000000,0.0000000000,-1.3000000000,0.0000000000,-0.0000000000,0.0000000000,1.3000000000,0.0000000000,0.0000000000,-0.2825952657,0.1600725649,0.1049267958,0.7278478173,-0.3459877184,-0.0648118918,-0.0848362663,-0.1122033752,0.1009002849,0.2411000580,-0.1381467956,0.0695771564
0.0070600746,2.6389608609,0.3000000000,0.0176222416,-0.0007561335,0.9992576931,-0.0342483244,0.0069115036,0.0000000000,0.0000000000,-1.3000000000,0.0000000000,-0.0000000000,0.0000000000,1.3000000000,0.0000000000,0.0000000000,-0.3078920368,0.0864325180,0.1186028232,0.7459754348,-0.3714024370,-0.0646405483,-0.0663354870,-0.0968535337,0.0981139554,0.2116390064,-0.1549940997,0.0661173686
0.0056522653,2.6589117246,0.3000000000,0.0181930278,-0.0046492034,0.9991654156,-0.0362749362,0.0069115036,0.0000000000,0.0000000000,-1.3000000000,0.0000000000,-0.0000000000,0.0000000000,1.3000000000,0.0000000000,0.0000000000,-0.3198672533,0.0218746605,0.1296207036,0.7364907847,-0.3829071913,-0.0570111359,-0.0492364555,-0.0704344604,0.0896728650,0.1808977448,-0.1578189861,0.0583829642
0.0041240760,2.6788537091,0.3000000000,0.0169040499,-0.0111162268,0.9990154789,-0.0394810784,0.0069115036,-0.0031415927,0.0000000000,-1.3000000000,0.0000000000,-0.0000000000,0.0000000000,1.3000000000,0.0000000000,0.0000000000,-0.3121408568,-0.0223223665,0.1340886503,0.6986603656,-0.3814027045,-0.0474123643,-0.0378599348,-0.0394282314,0.0794407715,0.1516789284,-0.1651686077,0.0530110688
0.0025509760,2.6987922270,0.3000000000,0.0152033498,-0.0223913819,0.9989173909,-0.0378355702,0.0075398223,-0.0031415927,0.0000000000,-1.3000000000,0.0000000000,-0.0000000000,0.0000000000,1.3000000000,0.0000000000,0.0000000000,-0.2904422410,-0.0286090193,0.1243593812,0.6156900067,-0.3652460822,-0.0432967341,-0.0377196303,0.0031048408,0.0674233350,0.1433883608,-0.1756679579,0.0458947363
0.0011465942,2.7187431895,0.3000000000,0.0122182481,-0.0381270809,0.9987107399,-0.0312073411,0.0075398223,-0.0031415927,0.0000000000,-1.3000000000,0.0000000000,-0.0000000000,0.0000000000,1.3000000000,0.0000000000,0.0000000000,-0.2571895016,0.0065638398,0.0985336182,0.5037328027,-0.3400805291,-0.0246391585,-0.0571084032,0.0456261779,0.0439067001,0.1668974402,-0.1729742021,0.0210552348
0.0000573443,2.7387137708,0.3000000000,0.0110274003,-0.0499677655,0.9984202577,-0.0232079265,0.0081657654,-0.0006283185,0.0000000000,-1.3000000000,0.0000000000,-0.0000000000,0.0000000000,1.3000000000,0.0000000000,0.0000000000,-0.2302103990,0.0192702855,0.1020418240,0.4476543363,-0.2861372866,0.0963836165,-0.0795491926,0.0440474413,0.0261281898,0.2260516630,-0.1556320352,-0.0055887469
-0.0007273260,2.7586986669,0.3000000000,0.0113167586,-0.0503216797,0.9985451320,-0.0157251026,0.0075398223,-0.0018849556,0.0000000000,-1.3000000000,0.0000000000,-0.0000000000,0.0000000000,1.3000000000,0.0000000000,0.0000000000,-0.2025843614,0.0431101683,0.0927922098,0.4188567328,-0.2427736401,0.0589963158,-0.1144460949,0.0001838763,0.0200031951,0.2989900423,-0.1389778926,-0.0367296313
-0.0012789904,2.7786914954,0.3000000000,0.0120227414,-0.0495717126,0.9986279721,-0.0118436639,0.0075398223,-0.0018849556,0.0000000000,-1.3000000000,0.0000000000,-0.0000000000,0.0000000000,1.3000000000,0.0000000000,0.0000000000,-0.1767700281,0.0551232174,0.0787527545,0.3873225776,-0.2247967186,0.0254843978,-0.1406176272,-0.0655766621,0.0177239833,0.3657540243,-0.1229596867,-0.0570678718
-0.0017708122,2.7986859354,0.3000000000,0.0127844569,-0.0490568856,0.9986387753,-0.0122709414,0.0075398223,-0.0025132741,0.0000000000,-1.3000000000,0.0000000000,-0.0000000000,0.0000000000,1.3000000000,0.0000000000,0.0000000000,-0.1500158401,0.0585700387,0.0688157111,0.3537102325,-0.2140871343,0.0417678456,-0.1539389306,-0.1454493685,0.0104770360,0.4088322908,-0.1004542742,-0.0647919123
-0.0023411385,2.8186782670,0.3000000000,0.0146537515,-0.0474901724,0.9986537119,-0.0148564719,0.0075398223,-0.0024878484,0.0000000000,-1.3000000000,0.0000000000,-0.0000000000,0.0000000000,1.3000000000,0.0000000000,0.0000000000,-0.1208450671,0.0616082996,0.0616237366,0.3279708578,-0.2088760977,0.0546436434,-0.1535593417,-0.2287364610,0.0104751408,0.4130090151,-0.0710702683,-0.0720366818
-0.0030129323,2.8386674571,0.3000000000,0.0180191431,-0.0422914198,0.9988010390,-0.0168294606,0.0075398223,-0.0025132741,0.0000000000,-1.3000000000,0.0000000000,-0.0000000000,0.0000000000,1.3000000000,0.0000000000,0.0000000000,-0.0945334349,0.0665201850,0.0615846518,0.3085412223,-0.2066432240,0.0419842861,-0.1342778335,-0.3018464194,0.0157602921,0.3826893688,-0.0377057976,-0.0726749071
-0.0037379244,2.8586547962,0.3000000000,0.0197293233,-0.0391073069,0.9988773963,-0.0180366169,0.0075398223,-0.0031415927,0.0000000000,-1.3000000000,0.0000000000,-0.0000000000,0.0000000000,1.3000000000,0.0000000000,0.0000000000,-0.0784373191,0.0809900689,0.0623565534,0.2909338951,-0.2064203340,0.0356781764,-0.1071067688,-0.3665829872,0.0306206006,0.3322949178,-0.0056913166,-0.0648249937
-0.0045072718,2.8786404809,0.3000000000,0.0204053324,-0.0371616640,0.9989213158,-0.0189430197,0.0075398223,-0.0031415927,0.0000000000,-1.3000000000,0.0000000000,-0.0000000000,0.0000000000,1.3000000000,0.0000000000,0.0000000000,-0.0640666492,0.1020871983,0.0646601021,0.2780320496,-0.2096998750,0.0186110835,-0.0824622191,-0.4087511513,0.0521139000,0.2754887431,0.0206685545,-0.0510200372
-0.0053127429,2.8986247438,0.3000000000,0.0196730831,-0.0376092935,0.9989066856,-0.0195944989,0.0075398223,-0.0031415927,0.0000000000,-1.3000000000,0.0000000000,-0.0000000000,0.0000000000,1.3000000000,0.0000000000,0.0000000000,-0.0513979465,0.1307982190,0.0650415793,0.2631168843,-0.2104657191,0.0052002571,-0.0613759690,-0.4337792869,0.0834654215,0.2203680796,0.0399091282,-0.0378435014
-0.0061228739,2.9186088198,0.3000000000,0.0186388920,-0.0389814022,0.9988754147,-0.0195178884,0.0075398223,-0.0031415927,0.0000000000,-1.3000000000,0.0000000000,-0.0000000000,0.0000000000,1.3000000000,0.0000000000,0.0000000000,-0.0377778851,0.1600863947,0.0661455020,0.2475894310,-0.2098954926,-0.0137019575,-0.0472742648,-0.4430433445,0.1135058715,0.1750921877,0.0500765012,-0.0234215082
-0.0069174392,2.9385935189,0.3000000000,0.0171742748,-0.0416059148,0.9988091701,-0.0188211008,0.0075398223,-0.0031415927,0.0000000000,-1.3000000000,0.0000000000,-0.0000000000,0.0000000000,1.3000000000,0.0000000000,0.0000000000,-0.0221272205,0.1999273977,0.0678260252,0.2274751765,-0.2074392421,-0.0367123913,-0.0369656349,-0.4429697394,0.1421354953,0.1350831102,0.0553252966,-0.0042899164
-0.0076851868,2.9585792666,0.3000000000,0.0153303544,-0.0450238740,0.9987022540,-0.0182109522,0.0075398223,-0.0031415927,0.0000000000,-1.3000000000,0.0000000000,-0.0000000000,0.0000000000,1.3000000000,0.0000000000,0.0000000000,-0.0049147223,0.2437987328,0.0714779029,0.2105300376,-0.2002775324,-0.0608408655,-0.0352864899,-0.4345536967,0.1677474220,0.1102507308,0.0533594435,0.0137189388
-0.0084214498,2.9785661968,0.3000000000,0.0140628570,-0.0481512562,0.9985924386,-0.0172288728,0.0075398223,-0.0031415927,0.0000000000,-1.3000000000,0.0000000000,-0.0000000000,0.0000000000,1.3000000000,0.0000000000,0.0000000000,0.0058320667,0.2855118891,0.0771679929,0.2042801529,-0.1885796175,-0.0851272034,-0.0364309140,-0.4087735931,0.1827963141,0.1005592101,0.0463416386,0.0372896646
-0.0091152081,2.9985546480,0.3000000000,0.0134270258,-0.0504935082,0.9985008419,-0.0163153129,0.0075398223,-0.0031415927,0.0000000000,-1.3000000000,0.0000000000,-0.0000000000,0.0000000000,1.3000000000,0.0000000000,0.0000000000,0.0108720530,0.3253652336,0.0791561753,0.2086090330,-0.1750320725,-0.1035242301,-0.0379568152,-0.3740120878,0.1896596666,0.1005188078,0.0338920136,0.0604338554
-0.0098165666,3.0185428266,0.3000000000,0.0123193596,-0.0528984510,0.9983646017,-0.0178356224,0.0075398223,-0.0031415927,0.0000000000,-1.3000000000,0.0000000000,-0.0000000000,0.0000000000,1.3000000000,0.0000000000,0.0000000000,0.0039801498,0.3659831073,0.0769860308,0.2213531884,-0.1584945378,-0.1210279586,-0.0383382924,-0.3332362276,0.1879954149,0.1042148534,0.0181677999,0.0791402252
-0.0106212464,3.0385270798,0.3000000000,0.0121750555,-0.0539302903,0.9982436336,-0.0212823833,0.0075398223,-0.0031415927,0.0000000000,-1.3000000000,0.0000000000,-0.0000000000,0.0000000000,1.3000000000,0.0000000000,0.0000000000,-0.0095018011,0.4002319500,0.0708766265,0.2409445459,-0.1352869615,-0.1329132511,-0.0382818359,-0.2832730380,0.1848813564,0.1110872111,0.0028389134,0.0897653400
-0.0115755654,3.0585047410,0.3000000000,0.0116747590,-0.0508324769,0.9983222407,-0.0251488190,0.0075398223,-0.0031415927,0.0000000000,-1.3000000000,0.0000000000,-0.0000000000,0.0000000000,1.3000000000,0.0000000000,0.0000000000,-0.0232645340,0.4279446778,0.0602786105,0.2640954528,-0.1129919191,-0.1394765474,-0.0405617407,-0.2378064990,0.1821545810,0.1198432533,-0.0081680898,0.0854013110
-0.0127040146,3.0784732869,0.3000000000,0.0109868390,-0.0418543595,0.9986107673,-0.0300672137,0.0075398223,-0.0031415927,0.0000000000,-1.3000000000,0.0000000000,-0.0000000000,0.0000000000,1.3000000000,0.0000000000,0.0000000000,-0.0424913916,0.4369802475,0.0529051301,0.2976554014,-0.1049194159,-0.1361572411,-0.0439896564,-0.2014130242,0.1788628304,0.1292278809,-0.0083289210,0.0731531483
-0.0140125830,3.0984308641,0.3000000000,0.0102038131,-0.0265445358,0.9990178971,-0.0339780984,0.0080302166,-0.0031415927,0.0000000000,-1.3000000000,0.0000000000,-0.0000000000,0.0000000000,1.3000000000,0.0000000000,0.0000000000,-0.0744202881,0.4321885340,0.0557186897,0.3486639823,-0.1249692431,-0.1157215357,-0.0525831447,-0.1933941460,0.1484451709,0.1521110369,-0.0258024033,0.0824225045
-0.0153318081,3.1183877556,0.3000000000,0.0074817621,-0.0172516764,0.9993340207,-0.0312716793,0.0070647031,-0.0031415927,0.0000000000,-1.3000000000,0.0000000000,-0.0000000000,0.0000000000,1.3000000000,0.0000000000,0.0000000000,-0.1142801945,0.4281038672,0.0588449580,0.4142318344,-0.1591605561,-0.0806390849,-0.0685772976,-0.2029214357,0.1297899926,0.1760698113,-0.0946576168,0.1699839922
-0.0165683749,3.1383499812,0.3000000000,0.0065974387,-0.0119896313,0.9994231668,-0.0310814448,0.0069115036,-0.0001588083,0.0000000000,-1.3000000000,0.0000000000,-0.0000000000,0.0000000000,1.3000000000,0.0000000000,0.0000000000,-0.1642084314,0.4018928778,0.0653266376,0.4862660131,-0.1939836642,-0.0749787307,-0.0788669206,-0.1702366107,0.1209298465,0.2068456722,-0.1205888231,0.1690757478
-0.0179246866,3.1583042679,0.3000000000,0.0086809152,-0.0088516751,0.9992165741,-0.0375836074,0.0062831854,-0.0006283185,0.0000000000,-1.3000000000,0.0000000000,-0.0000000000,0.0000000000,1.3000000000,0.0000000000,0.0000000000,-0.2087318899,0.3624428686,0.0716964070,0.5574224131,-0.2288485821,-0.0795624255,-0.0861924781,-0.1553235297,0.1075332223,0.2374904141,-0.1207028566,0.1272754655
-0.0195893314,3.1782352052,0.3000000000,0.0113016310,-0.0072743067,0.9989260998,-0.0443396523,0.0075398223,-0.0006283185,0.0000000000,-1.3000000000,0.0000000000,-0.0000000000,0.0000000000,1.3000000000,0.0000000000,0.0000000000,-0.2426539813,0.3033555477,0.0814822003,0.6275595380,-0.2687903424,-0.0679626692,-0.0952153191,-0.1336700164,0.0941484926,0.2592498026,-0.1108326938,0.0982859852
-0.0214261959,3.1981511502,0.3000000000,0.0133038588,-0.0046215548,0.9988129364,-0.0466301053,0.0075398223,-0.0008030207,0.0000000000,-1.3000000000,0.0000000000,-0.0000000000,0.0000000000,1.3000000000,0.0000000000,0.0000000000,-0.2681131190,0.2293961256,0.0902822399,0.6901088172,-0.3086477194,-0.0605903417,-0.1032952018,-0.1221996442,0.0983992920,0.2565851001,-0.1172735341,0.0783238687
-0.0232866026,3.2180649228,0.3000000000,0.0144425195,-0.0014810055,0.9988405106,-0.0459004867,0.0075398223,-0.0016808025,0.0000000000,-1.3000000000,0.0000000000,-0.0000000000,0.0000000000,1.3000000000,0.0000000000,0.0000000000,-0.2931832029,0.1543730378,0.1020543379,0.7349415199,-0.3448434833,-0.0650409374,-0.0891888628,-0.1096645915,0.0997558534,0.2378211139,-0.1348456490,0.0640435142
-0.0250841376,3.2379844614,0.3000000000,0.0152015035,-0.0005877744,0.9989034681,-0.0442767459,0.0075398223,-0.0018849556,0.0000000000,-1.3000000000,0.0000000000,-0.0000000000,0.0000000000,1.3000000000,0.0000000000,0.0000000000,-0.3175160080,0.0802519601,0.1167142003,0.7505531311,-0.3716179730,-0.0647570357,-0.0718526245,-0.0915436910,0.0973213382,0.2088023425,-0.1508688567,0.0589802408
-0.0268686758,3.2579051740,0.3000000000,0.0155762088,-0.0043966012,0.9988386227,-0.0453812447,0.0067059152,-0.0025132741,0.0000000000,-1.3000000000,0.0000000000,-0.0000000000,0.0000000000,1.3000000000,0.0000000000,0.0000000000,-0.3288978274,0.0180850183,0.1269724489,0.7385885442,-0.3839777927,-0.0559441970,-0.0538469569,-0.0648957184,0.0916130348,0.1794632058,-0.1486202501,0.0482159215
-0.0287372427,3.2778181665,0.3000000000,0.0153330641,-0.0105450706,0.9986957735,-0.0475441974,0.0075398223,-0.0043982295,0.0000000000,-1.3000000000,0.0000000000,-0.0000000000,0.0000000000,1.3000000000,0.0000000000,0.0000000000,-0.3203645365,-0.0262809387,0.1310368478,0.6987541979,-0.3808960087,-0.0474654954,-0.0434217941,-0.0334778867,0.0828380965,0.1494549666,-0.1535310618,0.0452596361
-0.0306413576,3.2977278054,0.3000000000,0.0135340438,-0.0212857477,0.9986011384,-0.0464705599,0.0075398223,-0.0050265482,0.0000000000,-1.3000000000,0.0000000000,-0.0000000000,0.0000000000,1.3000000000,0.0000000000,0.0000000000,-0.2946895790,-0.0323617192,0.1204825734,0.6179259408,-0.3612893726,-0.0442401884,-0.0415173163,0.0089650421,0.0745782857,0.1399380133,-0.1629057237,0.0356591513
-0.0324084118,3.3176499671,0.3000000000,0.0112669733,-0.0362364679,0.9984422736,-0.0409023238,0.0075398223,-0.0050265482,0.0000000000,-1.3000000000,0.0000000000,-0.0000000000,0.0000000000,1.3000000000,0.0000000000,0.0000000000,-0.2597038596,0.0040995304,0.0933805270,0.5037959988,-0.3319339907,-0.0261445149,-0.0586035168,0.0527925404,0.0487478873,0.1617377698,-0.1615546525,0.0157258337
-0.0338752864,3.3375963008,0.3000000000,0.0100316728,-0.0502760772,0.9981625264,-0.0322994207,0.0075398223,-0.0018849556,0.0000000000,-1.3000000000,0.0000000000,-0.0000000000,0.0000000000,1.3000000000,0.0000000000,0.0000000000,-0.2345968425,0.0189701721,0.0960882690,0.4440540120,-0.2854502838,0.0876569266,-0.0800333524,0.0546275175,0.0307688211,0.2203233603,-0.1456073417,-0.0001240555
-0.0350389061,3.3575627608,0.3000000000,0.0100822348,-0.0500896825,0.9983572499,-0.0259263160,0.0075398223,-0.0043982295,0.0000000000,-1.3000000000,0.0000000000,-0.0000000000,0.0000000000,1.3000000000,0.0000000000,0.0000000000,-0.2075126559,0.0408279207,0.0891648879,0.4184912215,-0.2479928851,0.0642222064,-0.1136445735,0.0161248742,0.0246503487,0.2900644728,-0.1321800163,-0.0294223494
-0.0359964138,3.3775402731,0.3000000000,0.0110992833,-0.0491990777,0.9984816759,-0.0221494836,0.0075398223,-0.0031415927,0.0000000000,-1.3000000000,0.0000000000,-0.0000000000,0.0000000000,1.3000000000,0.0000000000,0.0000000000,-0.1790306459,0.0566491187,0.0719862227,0.3826634837,-0.2259179847,0.0202518190,-0.1456050386,-0.0528224404,0.0182732747,0.3659387623,-0.1177110593,-0.0537466547
-0.0368950432,3.3975205636,0.3000000000,0.0117930166,-0.0488640808,0.9984851653,-0.0223741144,0.0075398223,-0.0037699111,0.0000000000,-1.3000000000,0.0000000000,-0.0000000000,0.0000000000,1.3000000000,0.0000000000,0.0000000000,-0.1522736156,0.0599268391,0.0616935055,0.3491150045,-0.2158810506,0.0377336515,-0.1626141173,-0.1304404195,0.0117905646,0.4156731078,-0.1020747646,-0.0679307945
-0.0378584035,3.4174978195,0.3000000000,0.0136098624,-0.0476131267,0.9984698866,-0.0246099037,0.0075398223,-0.0031415927,0.0000000000,-1.3000000000,0.0000000000,-0.0000000000,0.0000000000,1.3000000000,0.0000000000,0.0000000000,-0.1236498200,0.0638971552,0.0555046909,0.3237569011,-0.2094426520,0.0545051102,-0.1653233204,-0.2141591162,0.0107044811,0.4256572154,-0.0802777442,-0.0746151844
-0.0388981856,3.4374712582,0.3000000000,0.0169160201,-0.0426189786,0.9986135028,-0.0258561979,0.0075398223,-0.0031415927,0.0000000000,-1.3000000000,0.0000000000,-0.0000000000,0.0000000000,1.3000000000,0.0000000000,0.0000000000,-0.0996262198,0.0687304165,0.0551232174,0.3068106637,-0.2071518707,0.0432648762,-0.1488365629,-0.2886369135,0.0145608894,0.3973030653,-0.0519708518,-0.0721036591
-0.0399685566,3.4574430844,0.3000000000,0.0184952088,-0.0393567916,0.9987025293,-0.0264995899,0.0075398223,-0.0043982295,0.0000000000,-1.3000000000,0.0000000000,-0.0000000000,0.0000000000,1.3000000000,0.0000000000,0.0000000000,-0.0850294184,0.0826687090,0.0564715892,0.2912037553,-0.2082206928,0.0359947799,-0.1213942909,-0.3549703904,0.0279137599,0.3482665705,-0.0209332029,-0.0645927377
-0.0410655324,3.4774134681,0.3000000000,0.0193004035,-0.0373983783,0.9987512104,-0.0269235121,0.0075398223,-0.0050265482,0.0000000000,-1.3000000000,0.0000000000,-0.0000000000,0.0000000000,1.3000000000,0.0000000000,0.0000000000,-0.0701635903,0.1028634844,0.0599009657,0.2795936594,-0.2125735394,0.0190729330,-0.0947408479,-0.3989257199,0.0498569921,0.2903447568,0.0077466437,-0.0521378927
-0.0421660555,3.4973836570,0.3000000000,0.0187734903,-0.0377465981,0.9987556360,-0.0266445091,0.0075398223,-0.0050265482,0.0000000000,-1.3000000000,0.0000000000,-0.0000000000,0.0000000000,1.3000000000,0.0000000000,0.0000000000,-0.0575463086,0.1319128007,0.0621918133,0.2660340027,-0.2136342617,0.0049200606,-0.0720423817,-0.4244367524,0.0809745138,0.2311841232,0.0289739117,-0.0392408071
-0.0432488648,3.5173548136,0.3000000000,0.0182271091,-0.0393915031,0.9987161961,-0.0261159284,0.0075398223,-0.0050265482,0.0000000000,-1.3000000000,0.0000000000,-0.0000000000,0.0000000000,1.3000000000,0.0000000000,0.0000000000,-0.0414262203,0.1652974053,0.0640788629,0.2499116322,-0.2115621073,-0.0149479862,-0.0551593409,-0.4367804819,0.1139799101,0.1784662487,0.0417806393,-0.0213802710
-0.0443027048,3.5373275165,0.3000000000,0.0172691726,-0.0418861465,0.9986589691,-0.0250517441,0.0075398223,-0.0050265482,0.0000000000,-1.3000000000,0.0000000000,-0.0000000000,0.0000000000,1.3000000000,0.0000000000,0.0000000000,-0.0249934211,0.2031187962,0.0658045337,0.2308011676,-0.2098473748,-0.0363333046,-0.0431118164,-0.4388876259,0.1407526295,0.1379169608,0.0481659479,-0.0014131236
-0.0453072863,3.5573027569,0.3000000000,0.0158786142,-0.0449123642,0.9985787140,-0.0239019054,0.0075398223,-0.0050265482,0.0000000000,-1.3000000000,0.0000000000,-0.0000000000,0.0000000000,1.3000000000,0.0000000000,0.0000000000,-0.0082847157,0.2431531701,0.0682633725,0.2142815131,-0.2038109514,-0.0589150007,-0.0362609249,-0.4321040582,0.1641007340,0.1128505119,0.0489467579,0.0155199436
-0.0462763848,3.5772797538,0.3000000000,0.0150683681,-0.0473724957,0.9984920498,-0.0232898544,0.0075398223,-0.0050265482,0.0000000000,-1.3000000000,0.0000000000,-0.0000000000,0.0000000000,1.3000000000,0.0000000000,0.0000000000,0.0034196091,0.2833132892,0.0718807966,0.2077134401,-0.1921833196,-0.0824258794,-0.0356679633,-0.4069530443,0.1803969171,0.1007232174,0.0422725082,0.0326737203
-0.0472283114,3.5972575773,0.3000000000,0.0144415909,-0.0497861940,0.9983917727,-0.0229487146,0.0075398223,-0.0050265482,0.0000000000,-1.3000000000,0.0000000000,-0.0000000000,0.0000000000,1.3000000000,0.0000000000,0.0000000000,0.0082017239,0.3241461938,0.0768673196,0.2120257200,-0.1784142144,-0.1029162520,-0.0358835984,-0.3752145311,0.1888055011,0.0991587486,0.0311553976,0.0567180729
-0.0481872213,3.6172350614,0.3000000000,0.0132135372,-0.0518842307,0.9982770903,-0.0240058348,0.0075398223,-0.0050265482,0.0000000000,-1.3000000000,0.0000000000,-0.0000000000,0.0000000000,1.3000000000,0.0000000000,0.0000000000,0.0039207051,0.3618720209,0.0758712398,0.2239049843,-0.1640202965,-0.1184023904,-0.0364309140,-0.3384322909,0.1880250485,0.1015148876,0.0195194130,0.0788408529
-0.0492362865,3.6372079848,0.3000000000,0.0122740158,-0.0530882927,0.9981434674,-0.0272139697,0.0075398223,-0.0050265482,0.0000000000,-1.3000000000,0.0000000000,-0.0000000000,0.0000000000,1.3000000000,0.0000000000,0.0000000000,-0.0109211743,0.3987685028,0.0695135181,0.2426392430,-0.1399394816,-0.1316392686,-0.0358303784,-0.2855494972,0.1854254413,0.1077101942,0.0064067631,0.0926917059
-0.0504241555,3.6571731187,0.3000000000,0.0113088830,-0.0500104495,0.9982017478,-0.0310537413,0.0075398223,-0.0050265482,0.0000000000,-1.3000000000,0.0000000000,-0.0000000000,0.0000000000,1.3000000000,0.0000000000,0.0000000000,-0.0238890224,0.4276329117,0.0569837927,0.2644081763,-0.1181723018,-0.1387541678,-0.0392440023,-0.2393314632,0.1827747639,0.1162061030,-0.0034159576,0.0856939982
-0.0517760818,3.6771277990,0.3000000000,0.0100424423,-0.0407359923,0.9984929217,-0.0353781509,0.0075398223,-0.0050265482,0.0000000000,-1.3000000000,0.0000000000,-0.0000000000,0.0000000000,1.3000000000,0.0000000000,0.0000000000,-0.0447538189,0.4369802475,0.0486381315,0.2963789409,-0.1114355392,-0.1372333627,-0.0430695517,-0.2034332114,0.1790235914,0.1266918800,-0.0043789227,0.0739186343
-0.0532818105,3.6970714864,0.3000000000,0.0092136082,-0.0256168642,0.9988880529,-0.0384908225,0.0084153104,-0.0050265482,0.0000000000,-1.3000000000,0.0000000000,-0.0000000000,0.0000000000,1.3000000000,0.0000000000,0.0000000000,-0.0763105399,0.4339284301,0.0546603980,0.3472142681,-0.1296431109,-0.1123562795,-0.0517586581,-0.1986141184,0.1455581721,0.1505482027,-0.0276401383,0.0864019165
-0.0547476307,3.7170181202,0.3000000000,0.0066707860,-0.0176667136,0.9992145529,-0.0348376963,0.0067383157,-0.0050265482,0.0000000000,-1.3000000000,0.0000000000,-0.0000000000,0.0000000000,1.3000000000,0.0000000000,0.0000000000,-0.1151322372,0.4308375149,0.0587667947,0.4130377199,-0.1602830040,-0.0769057728,-0.0671592564,-0.2042679406,0.1285377010,0.1744981561,-0.0937180424,0.1746350672
-0.0561493219,3.7369694246,0.3000000000,0.0064645781,-0.0122246930,0.9992517965,-0.0361194300,0.0069115036,-0.0018849556,0.0000000000,-1.3000000000,0.0000000000,-0.0000000000,0.0000000000,1.3000000000,0.0000000000,0.0000000000,-0.1665408469,0.4060606369,0.0659339234,0.4866122091,-0.1933108652,-0.0743365987,-0.0763631497,-0.1728630841,0.1193338052,0.2051925756,-0.1157381907,0.1650302998
-0.0577355479,3.7569066826,0.3000000000,0.0090352265,-0.0089029213,0.9989577967,-0.0438454463,0.0064206973,-0.0025132741,0.0000000000,-1.3000000000,0.0000000000,-0.0000000000,0.0000000000,1.3000000000,0.0000000000,0.0000000000,-0.2103722141,0.3676107688,0.0720751166,0.5576703626,-0.2282420312,-0.0777922206,-0.0816954961,-0.1576206853,0.1054420228,0.2374569702,-0.1131340898,0.1223124616
-0.0596340628,3.7768167384,0.3000000000,0.0120602666,-0.0063333315,0.9986661518,-0.0498031742,0.0081681414,-0.0025132741,0.0000000000,-1.3000000000,0.0000000000,-0.0000000000,0.0000000000,1.3000000000,0.0000000000,0.0000000000,-0.2422253508,0.3070662722,0.0812990719,0.6302191603,-0.2689297865,-0.0690085847,-0.0933603281,-0.1386945563,0.0928892940,0.2588029532,-0.1071345754,0.0993023646
-0.0616577871,3.7967145772,0.3000000000,0.0159868455,-0.0029170935,0.9985762249,-0.0508078192,0.0075398223,-0.0025132741,0.0000000000,-1.3000000000,0.0000000000,-0.0000000000,0.0000000000,1.3000000000,0.0000000000,0.0000000000,-0.2672697306,0.2338968992,0.0901842341,0.6941869856,-0.3102464455,-0.0626359943,-0.1001720652,-0.1322160140,0.0961722598,0.2588658958,-0.1153495128,0.0802732906
-0.0636615957,3.8166144265,0.3000000000,0.0166859412,0.0006698661,0.9986432773,-0.0493227676,0.0075398223,-0.0031415927,0.0000000000,-1.3000000000,0.0000000000,-0.0000000000,0.0000000000,1.3000000000,0.0000000000,0.0000000000,-0.2948323999,0.1582252036,0.1038700432,0.7406203829,-0.3469773132,-0.0650414095,-0.0866359718,-0.1198243447,0.0980802364,0.2406095597,-0.1378181585,0.0615178474
-0.0655976447,3.8365209833,0.3000000000,0.0176797697,0.0016700269,0.9986973075,-0.0478364376,0.0073689846,-0.0042273919,0.0000000000,-1.3000000000,0.0000000000,-0.0000000000,0.0000000000,1.3000000000,0.0000000000,0.0000000000,-0.3202821426,0.0873815779,0.1193482399,0.7597085238,-0.3723609629,-0.0641090009,-0.0693784304,-0.1037112327,0.0934448037,0.2126057968,-0.1570864473,0.0555982967
-0.0675399466,3.8564269214,0.3000000000,0.0179383844,-0.0022296382,0.9985963739,-0.0497847885,0.0075398223,-0.0043982295,0.0000000000,-1.3000000000,0.0000000000,-0.0000000000,0.0000000000,1.3000000000,0.0000000000,0.0000000000,-0.3309300244,0.0253907145,0.1317002026,0.7485574600,-0.3843872806,-0.0558796861,-0.0525524916,-0.0782109577,0.0826890619,0.1833102894,-0.1639667002,0.0457205414
-0.0695761837,3.8763234737,0.3000000000,0.0169408269,-0.0089041756,0.9984860297,-0.0515691035,0.0075398223,-0.0069115036,0.0000000000,-1.3000000000,0.0000000000,-0.0000000000,0.0000000000,1.3000000000,0.0000000000,0.0000000000,-0.3209012637,-0.0184272698,0.1352330744,0.7079644373,-0.3808323837,-0.0462593839,-0.0412917186,-0.0469897642,0.0731389017,0.1564852932,-0.1739414408,0.0409256307
-0.0716210131,3.8962191368,0.3000000000,0.0152184583,-0.0203899123,0.9984613190,-0.0492711326,0.0075398223,-0.0062831854,0.0000000000,-1.3000000000,0.0000000000,-0.0000000000,0.0000000000,1.3000000000,0.0000000000,0.0000000000,-0.2958992037,-0.0218800474,0.1263170940,0.6210786764,-0.3625326147,-0.0419786701,-0.0416518614,-0.0055415142,0.0602345677,0.1504596481,-0.1818028740,0.0307319320
-0.0734767782,3.9161331795,0.3000000000,0.0125702525,-0.0359353916,0.9983680759,-0.0425654953,0.0075398223,-0.0062831854,0.0000000000,-1.3000000000,0.0000000000,-0.0000000000,0.0000000000,1.3000000000,0.0000000000,0.0000000000,-0.2595192477,0.0124870576,0.0981551021,0.5095569302,-0.3377422276,-0.0239000697,-0.0597151739,0.0355752556,0.0359282337,0.1734554932,-0.1723518863,0.0141982934
-0.0750292714,3.9360731330,0.3000000000,0.0110476354,-0.0489820767,0.9981201277,-0.0351413804,0.0081681414,-0.0043982295,0.0000000000,-1.3000000000,0.0000000000,-0.0000000000,0.0000000000,1.3000000000,0.0000000000,0.0000000000,-0.2356067469,0.0282234920,0.0978484750,0.4463434871,-0.2920820984,0.0823819171,-0.0795034584,0.0378173715,0.0206053781,0.2284069700,-0.1513835623,-0.0035557821
-0.0762897860,3.9560336456,0.3000000000,0.0112943340,-0.0487908856,0.9983723319,-0.0272868910,0.0075398223,-0.0050265482,0.0000000000,-1.3000000000,0.0000000000,-0.0000000000,0.0000000000,1.3000000000,0.0000000000,0.0000000000,-0.2041614468,0.0514986325,0.0881928766,0.4213881323,-0.2443681041,0.0576785792,-0.1132262147,-0.0084391533,0.0188830402,0.3042970626,-0.1296281886,-0.0295557268
-0.0772867189,3.9760091729,0.3000000000,0.0125223998,-0.0476251349,0.9985436894,-0.0220348922,0.0070232165,-0.0050265482,0.0000000000,-1.3000000000,0.0000000000,-0.0000000000,0.0000000000,1.3000000000,0.0000000000,0.0000000000,-0.1746097589,0.0680255578,0.0639395065,0.3859472183,-0.2221118511,0.0200426354,-0.1390054868,-0.0724338673,0.0156955857,0.3673568216,-0.1128426473,-0.0567145027
-0.0781331119,3.9959917263,0.3000000000,0.0135719371,-0.0466550795,0.9986225176,-0.0198033673,0.0075398223,-0.0056548668,0.0000000000,-1.3000000000,0.0000000000,-0.0000000000,0.0000000000,1.3000000000,0.0000000000,0.0000000000,-0.1428363674,0.0677701547,0.0515152069,0.3505658121,-0.2136550479,0.0388110037,-0.1497873925,-0.1486634133,0.0077037615,0.4075745970,-0.0965936456,-0.0721077938
-0.0789667525,4.0159748310,0.3000000000,0.0155520558,-0.0454933182,0.9986272312,-0.0207880893,0.0075398223,-0.0056548668,0.0000000000,-1.3000000000,0.0000000000,-0.0000000000,0.0000000000,1.3000000000,0.0000000000,0.0000000000,-0.1134917281,0.0719081387,0.0459136996,0.3206870446,-0.2113163313,0.0508063198,-0.1457520817,-0.2267248479,0.0082017239,0.4110967663,-0.0763216803,-0.0731075595
-0.0798572512,4.0359554774,0.3000000000,0.0183132006,-0.0400795568,0.9987827070,-0.0221666417,0.0075398223,-0.0056548668,0.0000000000,-1.3000000000,0.0000000000,-0.0000000000,0.0000000000,1.3000000000,0.0000000000,0.0000000000,-0.0868766197,0.0758681683,0.0459678024,0.3009812404,-0.2074880517,0.0410017229,-0.1303648307,-0.2971358328,0.0133546042,0.3788447573,-0.0503896090,-0.0699677541
-0.0807955609,4.0559339386,0.3000000000,0.0191033070,-0.0362854118,0.9988854015,-0.0233749262,0.0075398223,-0.0081681414,0.0000000000,-1.3000000000,0.0000000000,-0.0000000000,0.0000000000,1.3000000000,0.0000000000,0.0000000000,-0.0699107410,0.0900175309,0.0459678024,0.2834470227,-0.2069222227,0.0279476971,-0.1039734849,-0.3582184526,0.0267375997,0.3302998886,-0.0229776362,-0.0647610631
-0.0817697576,4.0759106876,0.3000000000,0.0191260288,-0.0343298999,0.9989385014,-0.0240317168,0.0075398223,-0.0075398223,0.0000000000,-1.3000000000,0.0000000000,-0.0000000000,0.0000000000,1.3000000000,0.0000000000,0.0000000000,-0.0564243293,0.1102413102,0.0470730582,0.2700114612,-0.2122336091,0.0124789778,-0.0793912068,-0.3962304542,0.0483247566,0.2780326939,0.0009773505,-0.0522148442
-0.0827683454,4.0958862328,0.3000000000,0.0173749220,-0.0347395491,0.9989443458,-0.0245248830,0.0075398223,-0.0075398223,0.0000000000,-1.3000000000,0.0000000000,-0.0000000000,0.0000000000,1.3000000000,0.0000000000,0.0000000000,-0.0455232230,0.1410814213,0.0490196086,0.2557320259,-0.2130157018,-0.0043833239,-0.0577146642,-0.4183352628,0.0819842724,0.2238802304,0.0180239604,-0.0370569183
-0.0837826389,4.1158609867,0.3000000000,0.0157067878,-0.0364540963,0.9989006323,-0.0249383724,0.0075398223,-0.0075398223,0.0000000000,-1.3000000000,0.0000000000,-0.0000000000,0.0000000000,1.3000000000,0.0000000000,0.0000000000,-0.0325058952,0.1758900222,0.0501640327,0.2415269215,-0.2072564038,-0.0282336007,-0.0428057344,-0.4259174466,0.1167613131,0.1742494033,0.0252719883,-0.0180420451
-0.0847900649,4.1358360866,0.3000000000,0.0140147018,-0.0393016867,0.9988356260,-0.0242148268,0.0075398223,-0.0075398223,0.0000000000,-1.3000000000,0.0000000000,-0.0000000000,0.0000000000,1.3000000000,0.0000000000,0.0000000000,-0.0176569470,0.2159694200,0.0509474033,0.2259630062,-0.2018970290,-0.0513251173,-0.0325957444,-0.4232062951,0.1437480403,0.1381419772,0.0271956347,-0.0010797494
-0.0857657254,4.1558127639,0.3000000000,0.0118767585,-0.0428041120,0.9987345039,-0.0235826469,0.0075398223,-0.0075398223,0.0000000000,-1.3000000000,0.0000000000,-0.0000000000,0.0000000000,1.3000000000,0.0000000000,0.0000000000,-0.0055084015,0.2578132001,0.0528343618,0.2149384753,-0.1923654006,-0.0737908631,-0.0303273052,-0.4079076232,0.1661900837,0.1168647675,0.0227856611,0.0159697871
-0.0867182205,4.1757905600,0.3000000000,0.0102172070,-0.0456569510,0.9986316813,-0.0233627169,0.0075398223,-0.0075398223,0.0000000000,-1.3000000000,0.0000000000,-0.0000000000,0.0000000000,1.3000000000,0.0000000000,0.0000000000,0.0020981156,0.2997638189,0.0532273179,0.2153659112,-0.1783497546,-0.0959409149,-0.0307087824,-0.3758408283,0.1810445790,0.1062294641,0.0154302752,0.0416462030
-0.0876959714,4.1957671298,0.3000000000,0.0081668798,-0.0488287517,0.9984668736,-0.0247579762,0.0075398223,-0.0075398223,0.0000000000,-1.3000000000,0.0000000000,-0.0000000000,0.0000000000,1.3000000000,0.0000000000,0.0000000000,-0.0039566811,0.3433234861,0.0517062083,0.2229236407,-0.1610171229,-0.1173896542,-0.0310902577,-0.3399154954,0.1897678093,0.1066061424,0.0032061069,0.0619419269
-0.0887379326,4.2157404420,0.3000000000,0.0074162960,-0.0512750044,0.9982896694,-0.0270852070,0.0075398223,-0.0062831854,0.0000000000,-1.3000000000,0.0000000000,-0.0000000000,0.0000000000,1.3000000000,0.0000000000,0.0000000000,-0.0143053327,0.3820477724,0.0474937074,0.2359426320,-0.1362339556,-0.1319231689,-0.0333791114,-0.2935454249,0.1878767014,0.1112001240,-0.0084244665,0.0772222728
