0.0000000000,0.0000000000,0.3000000000,0.0119594805,-0.0001714990,-0.9657118028,0.2593408094,0.0075398223,0.0018849556,0.2000000000,-1.3000000000,0.0000000000,-0.5000000000,0.2000000000,1.3000000000,0.0000000000,0.5000000000,-0.5899519324,-0.0143053327,-0.0257495996,1.1301213503,-0.1341613680,0.0025202434,-0.3412298858,-0.0295643546,-0.0753414184,0.3576333225,-0.0369893499,-0.0024546965
0.0138481995,0.0080603254,0.3000000000,0.0127224095,-0.0007066410,-0.9651697657,0.2613139193,0.0075398223,0.0006283185,0.2000000000,-1.3000000000,0.0000000000,-0.5000000000,0.2000000000,1.3000000000,0.0000000000,0.5000000000,-0.5278511157,-0.0233203092,-0.0226174490,1.0728190095,-0.1523138639,0.0022808704,-0.3451249877,-0.0362904788,-0.0677719969,0.3221959291,-0.0157478741,0.0034984959
0.0276740364,0.0161589610,0.3000000000,0.0145673229,-0.0007180185,-0.9648221672,0.2624985013,0.0075398223,0.0006283185,0.2000000000,-1.3000000000,0.0000000000,-0.5000000000,0.2000000000,1.3000000000,0.0000000000,0.5000000000,-0.4519966785,-0.0298291651,-0.0185015649,0.9890244372,-0.1634758223,0.0022589539,-0.3502102838,-0.0413317659,-0.0557380210,0.2872038735,0.0022565572,0.0138364603
0.0414813899,0.0242890818,0.3000000000,0.0175760273,0.0008883955,-0.9647232251,0.2626773551,0.0075398223,0.0006283185,0.2000000000,-1.3000000000,0.0000000000,-0.5000000000,0.2000000000,1.3000000000,0.0000000000,0.5000000000,-0.3543176179,-0.0330343228,-0.0226611068,0.8628099531,-0.1599353257,0.0095569088,-0.3681312117,-0.0429159999,-0.0384850458,0.2514584770,0.0132120265,0.0317156683
0.0553083397,0.0323858102,0.3000000000,0.0204833104,0.0054495284,-0.9651267400,0.2609235758,0.0074950997,0.0006283185,0.2000000000,-1.3000000000,0.0000000000,-0.5000000000,0.2000000000,1.3000000000,0.0000000000,0.5000000000,-0.2675249705,-0.0249866489,-0.0392370066,0.7197391188,-0.1565637670,0.0185838765,-0.3890772328,-0.0398913465,-0.0322075308,0.2354796894,0.0157931796,0.0382615500
0.0691304008,0.0404908492,0.3000000000,0.0236469745,0.0091941492,-0.9643489540,0.2634148499,0.0069115036,0.0043982295,0.2000000000,-1.3000000000,0.0000000000,-0.5000000000,0.2000000000,1.3000000000,0.0000000000,0.5000000000,-0.2245756161,-0.0277245814,-0.0556398981,0.5662280010,-0.2043342565,0.0277806009,-0.4169648368,-0.0476289143,-0.0333791114,0.2414522914,0.0061206587,0.0418224186
0.0829143323,0.0486606018,0.3000000000,0.0270370956,0.0108269104,-0.9637596163,0.2651776301,0.0075398223,0.0025132741,0.2000000000,-1.3000000000,0.0000000000,-0.5000000000,0.2000000000,1.3000000000,0.0000000000,0.5000000000,-0.1832783676,-0.0326161608,-0.0600823984,0.4453314259,-0.2280499885,0.0238734418,-0.4602756583,-0.0585628471,-0.0387245320,0.2821249667,-0.0111010946,0.0443384259
0.0966746564,0.0568700669,0.3000000000,0.0302338451,0.0124969979,-0.9634686528,0.2658155276,0.0075398223,0.0018849556,0.2000000000,-1.3000000000,0.0000000000,-0.5000000000,0.2000000000,1.3000000000,0.0000000000,0.5000000000,-0.1558288256,-0.0352983151,-0.0551192756,0.3560325208,-0.2455651244,0.0390672221,-0.5255496043,-0.0700086438,-0.0494089656,0.3695773153,-0.0250175334,0.0374587231
0.1104483553,0.0650570488,0.3000000000,0.0315532384,0.0116428747,-0.9640782341,0.2634805405,0.0075398223,0.0050265482,0.2000000000,-1.3000000000,0.0000000000,-0.5000000000,0.2000000000,1.3000000000,0.0000000000,0.5000000000,-0.1673364569,-0.0475729525,-0.0451057953,0.3060548891,-0.2381595817,0.0511837936,-0.5960306417,-0.0799785633,-0.0555245022,0.5014592860,-0.0300483733,0.0338560039
0.1242868029,0.0731339986,0.3000000000,0.0304588585,0.0091603546,-0.9654435083,0.2586642190,0.0075398223,0.0043288504,0.2000000000,-1.3000000000,0.0000000000,-0.5000000000,0.2000000000,1.3000000000,0.0000000000,0.5000000000,-0.1858405887,-0.0470279849,-0.0309638895,0.3019800300,-0.1963063617,0.0410221903,-0.6600544547,-0.0919133606,-0.0527922393,0.6635227163,-0.0266015837,0.0370735669
0.1381780159,0.0811199863,0.3000000000,0.0270926387,0.0099394180,-0.9657169163,0.2579884388,0.0068543903,0.0025132741,0.2000000000,-1.3000000000,0.0000000000,-0.5000000000,0.2000000000,1.3000000000,0.0000000000,0.5000000000,-0.2190189559,-0.0463146038,-0.0288360796,0.3159137553,-0.1652279232,0.0567838689,-0.7162896369,-0.0986461051,-0.0536319916,0.8352751907,-0.0265227783,0.0358412547
0.1520462795,0.0891456935,0.3000000000,0.0237508651,0.0113504679,-0.9648449325,0.2614982210,0.0069115036,0.0025132741,0.2000000000,-1.3000000000,0.0000000000,-0.5000000000,0.2000000000,1.3000000000,0.0000000000,0.5000000000,-0.2515650294,-0.0451718183,-0.0322677174,0.3426055323,-0.1496589776,0.0591135515,-0.7592098548,-0.1043996316,-0.0520714112,0.9994851786,-0.0299518328,0.0354195437
0.1658412067,0.0972967854,0.3000000000,0.0209560511,0.0127262566,-0.9637728015,0.2655953188,0.0069115036,0.0018849556,0.2000000000,-1.3000000000,0.0000000000,-0.5000000000,0.2000000000,1.3000000000,0.0000000000,0.5000000000,-0.2840758710,-0.0425232999,-0.0322234607,0.3653189508,-0.1387366722,0.0541664750,-0.7834049550,-0.1070151129,-0.0516899377,1.1407802868,-0.0324720142,0.0403606684
0.1795929550,0.1055206064,0.3000000000,0.0179079041,0.0132432841,-0.9635660617,0.2665414922,0.0075398223,0.0018849556,0.2000000000,-1.3000000000,0.0000000000,-0.5000000000,0.2000000000,1.3000000000,0.0000000000,0.5000000000,-0.3092546348,-0.0383108074,-0.0295643546,0.3817075009,-0.1225842651,0.0532778030,-0.7925154567,-0.1066224128,-0.0516899377,1.2452202575,-0.0364983385,0.0437744370
0.1933546235,0.1137277934,0.3000000000,0.0153161822,0.0129115686,-0.9642029400,0.2644076330,0.0075398223,0.0018849556,0.2000000000,-1.3000000000,0.0000000000,-0.5000000000,0.2000000000,1.3000000000,0.0000000000,0.5000000000,-0.3303017869,-0.0329706940,-0.0276300375,0.3900856958,-0.1022528142,0.0511320552,-0.7805011323,-0.1043335646,-0.0524528883,1.3062778650,-0.0460076411,0.0478135816
0.2071676004,0.1218482820,0.3000000000,0.0139590180,0.0131952109,-0.9651675783,0.2609263844,0.0075398223,0.0018849556,0.2000000000,-1.3000000000,0.0000000000,-0.5000000000,0.2000000000,1.3000000000,0.0000000000,0.5000000000,-0.3526109883,-0.0261491228,-0.0268940255,0.3893138349,-0.0778720214,0.0458375832,-0.7430319045,-0.1024261862,-0.0547327163,1.3296239737,-0.0661408685,0.0394802964
0.2210306745,0.1298829994,0.3000000000,0.0128873940,0.0136058774,-0.9657326023,0.2588616155,0.0075398223,0.0018849556,0.2000000000,-1.3000000000,0.0000000000,-0.5000000000,0.2000000000,1.3000000000,0.0000000000,0.5000000000,-0.3695838808,-0.0188331129,-0.0315216602,0.3815664200,-0.0503729392,0.0403583130,-0.6894991312,-0.1009002849,-0.0639720458,1.3133613984,-0.0939890840,0.0321135411
0.2349083017,0.1378925765,0.3000000000,0.0116363242,0.0138733668,-0.9656275608,0.2592981670,0.0069176839,0.0025132741,0.2000000000,-1.3000000000,0.0000000000,-0.5000000000,0.2000000000,1.3000000000,0.0000000000,0.5000000000,-0.3778590208,-0.0150645320,-0.0414051078,0.3591292128,-0.0219964563,0.0335597836,-0.6219208205,-0.1001373306,-0.0776415308,1.2578443225,-0.1248854843,0.0294320706
0.2487628610,0.1459419668,0.3000000000,0.0112175362,0.0133951276,-0.9650851801,0.2613528891,0.0075398223,0.0018849556,0.2000000000,-1.3000000000,0.0000000000,-0.5000000000,0.2000000000,1.3000000000,0.0000000000,0.5000000000,-0.3786144853,-0.0123728753,-0.0579189459,0.3187782467,0.0038099342,0.0279227808,-0.5382573781,-0.0955094669,-0.0918451894,1.1668287062,-0.1566880006,0.0252952665
0.2625778092,0.1540591415,0.3000000000,0.0108630405,0.0122975569,-0.9644048370,0.2639205842,0.0075398223,0.0012566370,0.2000000000,-1.3000000000,0.0000000000,-0.5000000000,0.2000000000,1.3000000000,0.0000000000,0.5000000000,-0.3743936977,-0.0093461508,-0.0735077242,0.2653538586,0.0159588746,0.0173333414,-0.4478596066,-0.0767445134,-0.1020692705,1.0518958379,-0.1879374609,0.0179615055
0.2763455369,0.1622561480,0.3000000000,0.0114385243,0.0103120379,-0.9636474421,0.2667328803,0.0075398223,0.0018849556,0.2000000000,-1.3000000000,0.0000000000,-0.5000000000,0.2000000000,1.3000000000,0.0000000000,0.5000000000,-0.3736559334,-0.0089646755,-0.0864061436,0.2199135668,0.0182807214,0.0076162004,-0.3583833832,-0.0555008272,-0.0978465432,0.9225754187,-0.2125381512,0.0124718305
0.2900629493,0.1705370603,0.3000000000,0.0139932328,0.0066889384,-0.9627691790,0.2698795203,0.0075398223,0.0012566370,0.2000000000,-1.3000000000,0.0000000000,-0.5000000000,0.2000000000,1.3000000000,0.0000000000,0.5000000000,-0.3874181377,-0.0112572445,-0.0928930102,0.1989357860,0.0029222264,-0.0048596515,-0.2854712666,-0.0367938103,-0.0779894541,0.7885817824,-0.2228743628,0.0129440212
0.3037299181,0.1789009982,0.3000000000,0.0191331688,0.0014638960,-0.9621361947,0.2718928497,0.0075398223,0.0012566370,0.2000000000,-1.3000000000,0.0000000000,-0.5000000000,0.2000000000,1.3000000000,0.0000000000,0.5000000000,-0.4277755457,-0.0165871465,-0.0829885319,0.2282567991,-0.0192223489,-0.0219133797,-0.2317851100,-0.0375718218,-0.0486627711,0.6614004824,-0.2175571027,0.0149860778
0.3173862768,0.1872822304,0.3000000000,0.0258699515,-0.0045705861,-0.9625860518,0.2696997371,0.0081681414,0.0049620419,0.2000000000,-1.3000000000,0.0000000000,-0.5000000000,0.2000000000,1.3000000000,0.0000000000,0.5000000000,-0.4983876256,-0.0193036796,-0.0598184172,0.3147020664,-0.0361968700,-0.0270347816,-0.2131128368,-0.0417911542,-0.0338193312,0.5450458731,-0.2550116159,0.0087653354
0.3311060981,0.1955590794,0.3000000000,0.0308325483,-0.0068540164,-0.9637760358,0.2648360421,0.0075398223,0.0025583970,0.2000000000,-1.3000000000,0.0000000000,-0.5000000000,0.2000000000,1.3000000000,0.0000000000,0.5000000000,-0.5843236407,-0.0135697778,-0.0391834305,0.4478902993,-0.0474703473,-0.0164657307,-0.2008605784,-0.0337742829,-0.0333380177,0.4734395744,-0.3034785895,0.0114043299
0.3449064978,0.2037009367,0.3000000000,0.0322588718,-0.0069600368,-0.9645488358,0.2618328981,0.0052569450,0.0060527886,0.2000000000,-1.3000000000,0.0000000000,-0.5000000000,0.2000000000,1.3000000000,0.0000000000,0.5000000000,-0.6588145500,-0.0026194736,-0.0245034615,0.6107675914,-0.0536943444,-0.0009497300,-0.2093410524,-0.0251265313,-0.0523447731,0.4394089760,-0.3056339515,0.0035332404
0.3587013155,0.2118522536,0.3000000000,0.0293629199,-0.0051514571,-0.9638417025,0.2648026699,0.0069115036,0.0056824900,0.2000000000,-1.3000000000,0.0000000000,-0.5000000000,0.2000000000,1.3000000000,0.0000000000,0.5000000000,-0.7171635328,0.0020981156,-0.0128297438,0.7860385935,-0.0579649104,0.0045365142,-0.2270848386,-0.0249698779,-0.0786740718,0.4328343334,-0.2445604286,-0.0013842909
0.3724554736,0.2200720398,0.3000000000,0.0257533752,-0.0063441890,-0.9636195982,0.2659582389,0.0075398223,0.0037699111,0.2000000000,-1.3000000000,0.0000000000,-0.5000000000,0.2000000000,1.3000000000,0.0000000000,0.5000000000,-0.7553154055,0.0047438324,-0.0086078120,0.9411678304,-0.0613260666,0.0071573286,-0.2514354575,-0.0246297854,-0.0943659719,0.4289692640,-0.1873573086,-0.0149248191
0.3862329082,0.2282526568,0.3000000000,0.0227750569,-0.0082802579,-0.9648123909,0.2618201376,0.0075398223,0.0037699111,0.2000000000,-1.3000000000,0.0000000000,-0.5000000000,0.2000000000,1.3000000000,0.0000000000,0.5000000000,-0.7715432780,0.0028521123,-0.0051499200,1.0670381914,-0.0631691620,0.0037120894,-0.2707016858,-0.0253681242,-0.0993833380,0.4239742502,-0.1502770684,-0.0252543292
0.4001004639,0.2362794738,0.3000000000,0.0204947180,-0.0102192967,-0.9663514596,0.2562038036,0.0075398223,0.0031305825,0.2000000000,-1.3000000000,0.0000000000,-0.5000000000,0.2000000000,1.3000000000,0.0000000000,0.5000000000,-0.7657720497,-0.0044070231,-0.0066825069,1.1577078538,-0.0675529700,0.0008138000,-0.2844100862,-0.0253681242,-0.1062543125,0.4045213904,-0.1087552710,-0.0235673272
0.4140483675,0.2441659603,0.3000000000,0.0189945587,-0.0125356816,-0.9673129789,0.2525621987,0.0075398223,0.0018849556,0.2000000000,-1.3000000000,0.0000000000,-0.5000000000,0.2000000000,1.3000000000,0.0000000000,0.5000000000,-0.7406068708,-0.0146930152,-0.0093461508,1.2033832292,-0.0798678411,-0.0028270423,-0.2920195460,-0.0257527027,-0.1154025569,0.3778297942,-0.0803330514,-0.0308804720
0.4280319294,0.2519891204,0.3000000000,0.0183998040,-0.0145009980,-0.9674885865,0.2518273283,0.0069319059,0.0012566370,0.2000000000,-1.3000000000,0.0000000000,-0.5000000000,0.2000000000,1.3000000000,0.0000000000,0.5000000000,-0.7033740395,-0.0264753893,-0.0063191204,1.2091115493,-0.0985173557,-0.0033683623,-0.2924010158,-0.0295519676,-0.1218690533,0.3409846726,-0.0597267356,-0.0310461928
0.4420014713,0.2598372601,0.3000000000,0.0182893217,-0.0159398643,-0.9669162215,0.2539378704,0.0069115036,0.0012566370,0.2000000000,-1.3000000000,0.0000000000,-0.5000000000,0.2000000000,1.3000000000,0.0000000000,0.5000000000,-0.6551080247,-0.0381767162,-0.0043869689,1.1895731527,-0.1171029495,-0.0046721666,-0.2927824855,-0.0322346836,-0.1252743191,0.3042492273,-0.0467451747,-0.0287284926
0.4559120067,0.2677894117,0.3000000000,0.0193205454,-0.0153158841,-0.9655684305,0.2589782737,0.0069115036,0.0012566370,0.2000000000,-1.3000000000,0.0000000000,-0.5000000000,0.2000000000,1.3000000000,0.0000000000,0.5000000000,-0.5841675072,-0.0482230571,-0.0024627907,1.1395623521,-0.1416560339,-0.0058933723,-0.2992171596,-0.0352528888,-0.1287479997,0.2620509657,-0.0312309651,-0.0190505542
0.4697238409,0.2759116664,0.3000000000,0.0199528632,-0.0140338058,-0.9637889152,0.2655482301,0.0069115036,0.0012566370,0.2000000000,-1.3000000000,0.0000000000,-0.5000000000,0.2000000000,1.3000000000,0.0000000000,0.5000000000,-0.5084348116,-0.0554364925,-0.0005949462,1.0722101855,-0.1666615017,-0.0024307997,-0.3129324815,-0.0387197696,-0.1276263081,0.2307156307,-0.0216614178,-0.0057955722
0.4834419016,0.2841914594,0.3000000000,0.0214418673,-0.0126726020,-0.9626123869,0.2697351369,0.0075398223,0.0012566370,0.2000000000,-1.3000000000,0.0000000000,-0.5000000000,0.2000000000,1.3000000000,0.0000000000,0.5000000000,-0.4247732205,-0.0638277870,0.0009536889,0.9846753299,-0.1877892443,-0.0007492973,-0.3298202454,-0.0398641936,-0.1179626776,0.2088925886,-0.0159743316,-0.0022972298
0.4971194475,0.2925381120,0.3000000000,0.0228474576,-0.0106680242,-0.9625264935,0.2700128447,0.0075398223,0.0012566370,0.2000000000,-1.3000000000,0.0000000000,-0.5000000000,0.2000000000,1.3000000000,0.0000000000,0.5000000000,-0.3289093221,-0.0707430879,-0.0024692779,0.8702953419,-0.1920647822,-0.0018253061,-0.3526122759,-0.0360700671,-0.0994259500,0.1936297765,-0.0196264494,0.0001246338
0.5108199415,0.3008470193,0.3000000000,0.0247661081,-0.0075895466,-0.9630336688,0.2681327868,0.0075398223,0.0006283185,0.2000000000,-1.3000000000,0.0000000000,-0.5000000000,0.2000000000,1.3000000000,0.0000000000,0.5000000000,-0.2649737456,-0.0697814855,-0.0113917107,0.7790315387,-0.1784098702,-0.0022485551,-0.3706365584,-0.0313335513,-0.0918259682,0.1904659375,-0.0243485663,0.0046770774
0.5245606178,0.3090892902,0.3000000000,0.0273410589,-0.0001533520,-0.9635944553,0.2659664804,0.0075398223,0.0000826602,0.2000000000,-1.3000000000,0.0000000000,-0.5000000000,0.2000000000,1.3000000000,0.0000000000,0.5000000000,-0.1793937314,-0.0591889011,-0.0296447136,0.6356784948,-0.1426773121,0.0040435791,-0.4073858696,-0.0231294565,-0.0972662601,0.2049729033,-0.0335304520,0.0111724422
0.5382627544,0.3173953030,0.3000000000,0.0345264388,0.0091445675,-0.9619125699,0.2710138555,0.0081295898,0.0025132741,0.2000000000,-1.3000000000,0.0000000000,-0.5000000000,0.2000000000,1.3000000000,0.0000000000,0.5000000000,-0.1223799402,-0.0566023066,-0.0520245991,0.4575191526,-0.1988567021,0.0297057103,-0.4842901823,-0.0340718439,-0.1172335111,0.2706170738,-0.0402793619,0.0214515690
0.5519079771,0.3257946551,0.3000000000,0.0393345713,0.0124261032,-0.9609341328,0.2736859073,0.0075398223,0.0025572943,0.2000000000,-1.3000000000,0.0000000000,-0.5000000000,0.2000000000,1.3000000000,0.0000000000,0.5000000000,-0.0960480021,-0.0555046909,-0.0475471599,0.3635352398,-0.2288835401,0.0298652092,-0.5588458998,-0.0492941770,-0.1233806151,0.3576746528,-0.0441447574,0.0154906053
0.5655210277,0.3342460886,0.3000000000,0.0415472715,0.0147331267,-0.9607035784,0.2740536328,0.0075398223,0.0043982295,0.2000000000,-1.3000000000,0.0000000000,-0.5000000000,0.2000000000,1.3000000000,0.0000000000,0.5000000000,-0.0936250091,-0.0573575910,-0.0383927707,0.2980957616,-0.2529922479,0.0492787529,-0.6401161588,-0.0603821580,-0.1272220910,0.4817222129,-0.0456990440,0.0032626822
0.5791515832,0.3426692327,0.3000000000,0.0425176152,0.0146221875,-0.9613064245,0.2717874210,0.0081681414,0.0037699111,0.2000000000,-1.3000000000,0.0000000000,-0.5000000000,0.2000000000,1.3000000000,0.0000000000,0.5000000000,-0.1086883356,-0.0638216036,-0.0268147555,0.2727153922,-0.2585291628,0.0675832510,-0.7095197574,-0.0726748136,-0.1253902656,0.6299610642,-0.0409170976,0.0053755645
0.5928413103,0.3509957966,0.3000000000,0.0403253780,0.0126846846,-0.9625199415,0.2678961085,0.0075398223,0.0043982295,0.2000000000,-1.3000000000,0.0000000000,-0.5000000000,0.2000000000,1.3000000000,0.0000000000,0.5000000000,-0.1407928402,-0.0643018278,-0.0120860671,0.2842508564,-0.2239368294,0.0575846095,-0.7666318288,-0.0878605260,-0.1120558538,0.7987196903,-0.0328925791,0.0020663186
0.6065706353,0.3592569992,0.3000000000,0.0364372370,0.0133911112,-0.9626840087,0.2678292466,0.0069115036,0.0037699111,0.2000000000,-1.3000000000,0.0000000000,-0.5000000000,0.2000000000,1.3000000000,0.0000000000,0.5000000000,-0.1780663049,-0.0593498388,-0.0082321149,0.3168626054,-0.1983291004,0.0671114353,-0.8120482708,-0.0924774264,-0.1002285033,0.9655429888,-0.0263422657,0.0088581003
0.6202643730,0.3675769679,0.3000000000,0.0318963812,0.0149953169,-0.9616959884,0.2718429460,0.0069115036,0.0025132741,0.2000000000,-1.3000000000,0.0000000000,-0.5000000000,0.2000000000,1.3000000000,0.0000000000,0.5000000000,-0.2159707636,-0.0532732407,-0.0074387733,0.3559148984,-0.1860599141,0.0598539503,-0.8346870412,-0.0918022717,-0.0872819685,1.1147032142,-0.0230198908,0.0166720498
0.6338828238,0.3760196114,0.3000000000,0.0273779769,0.0170901819,-0.9605997535,0.2760552220,0.0069115036,0.0014014222,0.2000000000,-1.3000000000,0.0000000000,-0.5000000000,0.2000000000,1.3000000000,0.0000000000,0.5000000000,-0.2463021826,-0.0442362337,-0.0040933977,0.3867730794,-0.1777316352,0.0563063673,-0.8386740088,-0.0909819156,-0.0785690363,1.2326536630,-0.0247179176,0.0279688731
0.6474518538,0.3845415355,0.3000000000,0.0236729961,0.0182251778,-0.9603389811,0.2772300010,0.0076320504,0.0012566370,0.2000000000,-1.3000000000,0.0000000000,-0.5000000000,0.2000000000,1.3000000000,0.0000000000,0.5000000000,-0.2699954385,-0.0387757643,-0.0002467328,0.4055312661,-0.1666263208,0.0537308001,-0.8268587583,-0.0895120096,-0.0734900353,1.3040531712,-0.0328202809,0.0340778827
0.6610314866,0.3930465206,0.3000000000,0.0221354459,0.0185881798,-0.9611261418,0.2745925003,0.0075398223,0.0000000000,0.2000000000,-1.3000000000,0.0000000000,-0.5000000000,0.2000000000,1.3000000000,0.0000000000,0.5000000000,-0.2908667142,-0.0300572199,0.0080346393,0.4118028581,-0.1486425820,0.0502085634,-0.7915464672,-0.0883115903,-0.0704379326,1.3381841443,-0.0464608490,0.0376779482
0.6746771685,0.4014450669,0.3000000000,0.0214674380,0.0181084250,-0.9623548260,0.2703413083,0.0075398223,0.0000000000,0.2000000000,-1.3000000000,0.0000000000,-0.5000000000,0.2000000000,1.3000000000,0.0000000000,0.5000000000,-0.3075648648,-0.0256064472,0.0088215231,0.4077257912,-0.1246383248,0.0504634426,-0.7464992802,-0.0902189687,-0.0684748590,1.3330183631,-0.0669878867,0.0350267397
0.6884026778,0.4097124860,0.3000000000,0.0217404974,0.0172874711,-0.9636538355,0.2657061901,0.0075398223,0.0000000000,0.2000000000,-1.3000000000,0.0000000000,-0.5000000000,0.2000000000,1.3000000000,0.0000000000,0.5000000000,-0.3232721338,-0.0205114100,0.0011586262,0.3961907595,-0.0969449165,0.0484435226,-0.6847739487,-0.0913633928,-0.0692378134,1.2918780580,-0.0918560840,0.0335436666
0.7021832691,0.4178878739,0.3000000000,0.0218827289,0.0170116158,-0.9640706698,0.2641959401,0.0075398223,0.0000000000,0.2000000000,-1.3000000000,0.0000000000,-0.5000000000,0.2000000000,1.3000000000,0.0000000000,0.5000000000,-0.3345117957,-0.0162127111,-0.0146023060,0.3716062784,-0.0690676846,0.0409852342,-0.6057751355,-0.0910595790,-0.0732010514,1.2129356947,-0.1185954495,0.0320730978
0.7159551668,0.4260778725,0.3000000000,0.0226006784,0.0168918906,-0.9633637777,0.2667097770,0.0075398223,0.0000000000,0.2000000000,-1.3000000000,0.0000000000,-0.5000000000,0.2000000000,1.3000000000,0.0000000000,0.5000000000,-0.3348326994,-0.0135423820,-0.0400117560,0.3301655129,-0.0434015141,0.0297393513,-0.5155610593,-0.0864921248,-0.0839395320,1.1010664267,-0.1455590864,0.0289200019
0.7296568167,0.4343847385,0.3000000000,0.0239376551,0.0160443590,-0.9618798940,0.2719496952,0.0073977151,0.0000000000,0.2000000000,-1.3000000000,0.0000000000,-0.5000000000,0.2000000000,1.3000000000,0.0000000000,0.5000000000,-0.3313978011,-0.0127794305,-0.0616446629,0.2772054503,-0.0214292441,0.0196761625,-0.4192142034,-0.0772124352,-0.0886067885,0.9673717530,-0.1683465969,0.0232538125
0.7432636456,0.4428460383,0.3000000000,0.0261075226,0.0137677338,-0.9603649549,0.2771786431,0.0075398223,0.0000000000,0.2000000000,-1.3000000000,0.0000000000,-0.5000000000,0.2000000000,1.3000000000,0.0000000000,0.5000000000,-0.3305485547,-0.0123979552,-0.0755308384,0.2254560036,-0.0098703833,0.0077342553,-0.3297455077,-0.0579856037,-0.0842593998,0.8239990841,-0.1797085685,0.0191532711
0.7567968956,0.4514246311,0.3000000000,0.0294500630,0.0095864002,-0.9594550317,0.2801550230,0.0075398223,0.0007090768,0.2000000000,-1.3000000000,0.0000000000,-0.5000000000,0.2000000000,1.3000000000,0.0000000000,0.5000000000,-0.3432245465,-0.0175915184,-0.0836848484,0.1994680657,-0.0080597470,-0.0003097865,-0.2573758308,-0.0463983107,-0.0574228464,0.6918980532,-0.1688147882,0.0248250981
0.7702929487,0.4600616653,0.3000000000,0.0343181631,0.0041946318,-0.9594149700,0.2798706561,0.0081681414,0.0000000000,0.2000000000,-1.3000000000,0.0000000000,-0.5000000000,0.2000000000,1.3000000000,0.0000000000,0.5000000000,-0.3762579614,-0.0200274661,-0.0796374618,0.2185588378,-0.0141806451,-0.0124292133,-0.2118775301,-0.0511587455,-0.0280063124,0.5734198978,-0.1749538726,0.0251548421
0.7838235601,0.4686444133,0.3000000000,0.0377543518,0.0013747683,-0.9601540886,0.2769058414,0.0075398223,0.0025132741,0.2000000000,-1.3000000000,0.0000000000,-0.5000000000,0.2000000000,1.3000000000,0.0000000000,0.5000000000,-0.4341211624,-0.0159320974,-0.0735349021,0.2855823780,-0.0277208104,-0.0237832740,-0.1996235564,-0.0506463720,-0.0167959097,0.4799162287,-0.2038417185,0.0286849054
0.7974043947,0.4771474726,0.3000000000,0.0398037359,0.0000013709,-0.9609369245,0.2738902879,0.0075398223,0.0018849556,0.2000000000,-1.3000000000,0.0000000000,-0.5000000000,0.2000000000,1.3000000000,0.0000000000,0.5000000000,-0.5108516995,-0.0116989653,-0.0637075600,0.4093723445,-0.0459000209,-0.0221672607,-0.1950607830,-0.0430439214,-0.0228234274,0.4197544703,-0.2170352534,0.0247873562
0.8110372115,0.4855669437,0.3000000000,0.0410599732,-0.0004240912,-0.9616682025,0.2711238960,0.0075398223,0.0006283185,0.2000000000,-1.3000000000,0.0000000000,-0.5000000000,0.2000000000,1.3000000000,0.0000000000,0.5000000000,-0.5929770314,-0.0068431262,-0.0514757647,0.5702759909,-0.0618136872,-0.0076065092,-0.2071088847,-0.0346350720,-0.0440515251,0.3899003548,-0.2226944839,0.0125564618
0.8247121735,0.4939178106,0.3000000000,0.0405523772,0.0004180739,-0.9621493035,0.2694884925,0.0069115036,0.0018849556,0.2000000000,-1.3000000000,0.0000000000,-0.5000000000,0.2000000000,1.3000000000,0.0000000000,0.5000000000,-0.6675781520,-0.0017698474,-0.0418247798,0.7431464178,-0.0737812385,0.0011576315,-0.2283753439,-0.0285263435,-0.0651038114,0.3843366206,-0.2079355101,0.0061067276
0.8383884147,0.5022665911,0.3000000000,0.0383670634,0.0011094486,-0.9618212760,0.2709733762,0.0069115036,0.0018849556,0.2000000000,-1.3000000000,0.0000000000,-0.5000000000,0.2000000000,1.3000000000,0.0000000000,0.5000000000,-0.7235367782,-0.0013351644,-0.0353443667,0.9058453100,-0.0777372050,0.0073433247,-0.2554320935,-0.0261310749,-0.0834444942,0.3850995600,-0.1690732133,-0.0065407814
0.8520343246,0.5106648561,0.3000000000,0.0351970176,0.0002930046,-0.9615326478,0.2724262310,0.0069115036,0.0018849556,0.2000000000,-1.3000000000,0.0000000000,-0.5000000000,0.2000000000,1.3000000000,0.0000000000,0.5000000000,-0.7557376009,-0.0013351644,-0.0284967416,1.0414498521,-0.0767328485,0.0057978516,-0.2760717952,-0.0261310749,-0.0957874713,0.3836504692,-0.1320205417,-0.0173195777
0.8656814565,0.5190611359,0.3000000000,0.0314604174,-0.0014970175,-0.9620238459,0.2711422522,0.0075398223,0.0018849556,0.2000000000,-1.3000000000,0.0000000000,-0.5000000000,0.2000000000,1.3000000000,0.0000000000,0.5000000000,-0.7591335168,-0.0080764403,-0.0230792705,1.1406315527,-0.0790983389,0.0040153712,-0.2906871795,-0.0265125502,-0.0986114293,0.3731429184,-0.0961526542,-0.0188082247
0.8793614442,0.5274037494,0.3000000000,0.0279846725,-0.0037926768,-0.9628056400,0.2687150409,0.0075398223,0.0018849556,0.2000000000,-1.3000000000,0.0000000000,-0.5000000000,0.2000000000,1.3000000000,0.0000000000,0.5000000000,-0.7345518236,-0.0149899244,-0.0207904167,1.1920564453,-0.0869724985,-0.0014323893,-0.2976632929,-0.0276569780,-0.0989929065,0.3543670885,-0.0645978152,-0.0188461376
0.8930727938,0.5356947531,0.3000000000,0.0249775402,-0.0060353651,-0.9630101998,0.2682369324,0.0069115036,0.0012566370,0.2000000000,-1.3000000000,0.0000000000,-0.5000000000,0.2000000000,1.3000000000,0.0000000000,0.5000000000,-0.6914158406,-0.0251940426,-0.0181781151,1.1978165244,-0.1045188857,-0.0025336707,-0.3011169124,-0.0317951796,-0.0993743837,0.3253486649,-0.0434907583,-0.0204057983
0.9067704041,0.5440084158,0.3000000000,0.0236073807,-0.0081993012,-0.9624627682,0.2702607683,0.0074420323,0.0012566370,0.2000000000,-1.3000000000,0.0000000000,-0.5000000000,0.2000000000,1.3000000000,0.0000000000,0.5000000000,-0.6371198100,-0.0384229100,-0.0146868089,1.1722364854,-0.1254651889,-0.0017797332,-0.3060153879,-0.0401862987,-0.0990522787,0.2944018719,-0.0302565442,-0.0159904386
0.9204153223,0.5524082280,0.3000000000,0.0242785322,-0.0084299801,-0.9614166002,0.2738934266,0.0075398223,0.0000000000,0.2000000000,-1.3000000000,0.0000000000,-0.5000000000,0.2000000000,1.3000000000,0.0000000000,0.5000000000,-0.5725156485,-0.0504132964,-0.0135423820,1.1209452484,-0.1476998924,-0.0004677515,-0.3158541739,-0.0451387453,-0.0941659384,0.2657789937,-0.0205274743,-0.0046852829
0.9339859399,0.5609275016,0.3000000000,0.0253602669,-0.0074997017,-0.9600691487,0.2785100376,0.0075398223,0.0000000000,0.2000000000,-1.3000000000,0.0000000000,-0.5000000000,0.2000000000,1.3000000000,0.0000000000,0.5000000000,-0.4957545898,-0.0549753114,-0.0135423820,1.0448458584,-0.1699137225,0.0020650126,-0.3303266989,-0.0493271295,-0.0857891642,0.2382937276,-0.0101654000,0.0043462290
0.9474961374,0.5695423786,0.3000000000,0.0269387699,-0.0058189115,-0.9594840678,0.2804117805,0.0075398223,0.0000000000,0.2000000000,-1.3000000000,0.0000000000,-0.5000000000,0.2000000000,1.3000000000,0.0000000000,0.5000000000,-0.4099288947,-0.0603830089,-0.0149874180,0.9443989796,-0.1834914348,0.0016469424,-0.3477729637,-0.0501640327,-0.0737575066,0.2146028465,-0.0026505743,0.0122003362
0.9610039182,0.5781610502,0.3000000000,0.0285589033,-0.0030185094,-0.9599167902,0.2788100314,0.0075398223,0.0000000000,0.2000000000,-1.3000000000,0.0000000000,-0.5000000000,0.2000000000,1.3000000000,0.0000000000,0.5000000000,-0.3135028531,-0.0578746693,-0.0229170240,0.8164981560,-0.1762314744,0.0015627912,-0.3681282564,-0.0468118767,-0.0599442942,0.1965936640,-0.0036652585,0.0161600661
0.9745591658,0.5867048293,0.3000000000,0.0303057935,0.0028769310,-0.9607682031,0.2756768797,0.0075398223,0.0000000000,0.2000000000,-1.3000000000,0.0000000000,-0.5000000000,0.2000000000,1.3000000000,0.0000000000,0.5000000000,-0.2268297352,-0.0485897108,-0.0363683200,0.6713397085,-0.1474307150,0.0049804139,-0.3936372895,-0.0384493107,-0.0592084294,0.1991473566,-0.0048205270,0.0200411758
0.9881333741,0.5952184401,0.3000000000,0.0345522253,0.0103498404,-0.9597677522,0.2784688248,0.0069115036,0.0013081391,0.2000000000,-1.3000000000,0.0000000000,-0.5000000000,0.2000000000,1.3000000000,0.0000000000,0.5000000000,-0.1701182857,-0.0457343314,-0.0577080779,0.5220555525,-0.1870022687,0.0284332417,-0.4411848161,-0.0432120085,-0.0692690823,0.2299640924,-0.0110818754,0.0295212750
1.0016537285,0.6038173717,0.3000000000,0.0384326594,0.0136882766,-0.9590616561,0.2802432900,0.0075398223,0.0018849556,0.2000000000,-1.3000000000,0.0000000000,-0.5000000000,0.2000000000,1.3000000000,0.0000000000,0.5000000000,-0.1342346167,-0.0467307530,-0.0583265045,0.4048467229,-0.2240313151,0.0246628663,-0.5026808269,-0.0544387711,-0.0770973130,0.2927178061,-0.0226967515,0.0326090978
1.0151446665,0.6124623947,0.3000000000,0.0413320458,0.0163342962,-0.9587011012,0.2809217885,0.0075398223,0.0043982295,0.2000000000,-1.3000000000,0.0000000000,-0.5000000000,0.2000000000,1.3000000000,0.0000000000,0.5000000000,-0.1202386926,-0.0469953890,-0.0514253018,0.3222350128,-0.2418049650,0.0358580196,-0.5761708460,-0.0644264219,-0.0828540909,0.3911312285,-0.0308783001,0.0225673011
1.0286507719,0.6210836859,0.3000000000,0.0426000486,0.0174729812,-0.9591362110,0.2791731711,0.0075398223,0.0037699111,0.2000000000,-1.3000000000,0.0000000000,-0.5000000000,0.2000000000,1.3000000000,0.0000000000,0.5000000000,-0.1283314555,-0.0557356313,-0.0464998139,0.2798473806,-0.2498445831,0.0594708647,-0.6482125205,-0.0713936609,-0.0814450309,0.5256361246,-0.0320138229,0.0153459629
1.0422016997,0.6296342999,0.3000000000,0.0412985921,0.0148497191,-0.9602255606,0.2757549364,0.0075398223,0.0042563753,0.2000000000,-1.3000000000,0.0000000000,-0.5000000000,0.2000000000,1.3000000000,0.0000000000,0.5000000000,-0.1532363860,-0.0594055731,-0.0321115818,0.2799354048,-0.2152384391,0.0508121797,-0.7125534948,-0.0839431071,-0.0758090209,0.6850507088,-0.0283270335,0.0134614214
1.0558029627,0.6381046762,0.3000000000,0.0380711428,0.0149832159,-0.9607445066,0.2744013199,0.0075398223,0.0037699111,0.2000000000,-1.3000000000,0.0000000000,-0.5000000000,0.2000000000,1.3000000000,0.0000000000,0.5000000000,-0.1882123205,-0.0575443240,-0.0288014039,0.3016428099,-0.1836235571,0.0566678035,-0.7656187396,-0.0936522484,-0.0705144921,0.8504026798,-0.0268134400,0.0184010872
1.0693834022,0.6466083355,0.3000000000,0.0335538117,0.0163186964,-0.9597423250,0.2783927289,0.0069115036,0.0031415927,0.2000000000,-1.3000000000,0.0000000000,-0.5000000000,0.2000000000,1.3000000000,0.0000000000,0.5000000000,-0.2260119080,-0.0538076402,-0.0325109982,0.3360871982,-0.1679518592,0.0592732725,-0.8036050570,-0.0947966725,-0.0633445260,1.0122350975,-0.0227890161,0.0273253269
1.0828711010,0.6552582211,0.3000000000,0.0292888507,0.0180904756,-0.9581247155,0.2842743875,0.0069115036,0.0031415927,0.2000000000,-1.3000000000,0.0000000000,-0.5000000000,0.2000000000,1.3000000000,0.0000000000,0.5000000000,-0.2589316402,-0.0480644593,-0.0319478462,0.3662209103,-0.1572802927,0.0575447405,-0.8241808391,-0.0973723655,-0.0582696596,1.1510311919,-0.0209326195,0.0313454555
1.0962732057,0.6640402763,0.3000000000,0.0255698548,0.0192995159,-0.9572172832,0.2875913488,0.0075398223,0.0031415927,0.2000000000,-1.3000000000,0.0000000000,-0.5000000000,0.2000000000,1.3000000000,0.0000000000,0.5000000000,-0.2844222778,-0.0437662557,-0.0265998558,0.3866577143,-0.1473917627,0.0558426452,-0.8318947389,-0.0997558534,-0.0543602668,1.2525616384,-0.0273809320,0.0308348760
1.1096462325,0.6728666002,0.3000000000,0.0228311934,0.0193325134,-0.9574070322,0.2871876828,0.0075398223,0.0031415927,0.2000000000,-1.3000000000,0.0000000000,-0.5000000000,0.2000000000,1.3000000000,0.0000000000,0.5000000000,-0.3059897058,-0.0403333203,-0.0187645145,0.3968376518,-0.1307263028,0.0538256013,-0.8188940584,-0.1001373306,-0.0532158390,1.3121777775,-0.0397854215,0.0406662894
1.1230537272,0.6816404304,0.3000000000,0.0214389350,0.0187602720,-0.9583198634,0.2842735718,0.0075398223,0.0018849556,0.2000000000,-1.3000000000,0.0000000000,-0.5000000000,0.2000000000,1.3000000000,0.0000000000,0.5000000000,-0.3226580605,-0.0347283263,-0.0118397943,0.3956041944,-0.1134987768,0.0514623754,-0.7943585693,-0.1001373306,-0.0535973161,1.3366200473,-0.0531154121,0.0463284027
1.1365528914,0.6902723417,0.3000000000,0.0203112926,0.0178174093,-0.9602651999,0.2777782159,0.0075398223,0.0006283185,0.2000000000,-1.3000000000,0.0000000000,-0.5000000000,0.2000000000,1.3000000000,0.0000000000,0.5000000000,-0.3430856386,-0.0284199286,-0.0123113362,0.3868853287,-0.0820438567,0.0497454868,-0.7414659910,-0.1020447090,-0.0557995486,1.3307074361,-0.0806722696,0.0420590462
1.1501387442,0.6987673669,0.3000000000,0.0197161200,0.0174169339,-0.9612324520,0.2744815082,0.0075398223,0.0011101351,0.2000000000,-1.3000000000,0.0000000000,-0.5000000000,0.2000000000,1.3000000000,0.0000000000,0.5000000000,-0.3569850096,-0.0231682172,-0.0239568563,0.3715186510,-0.0535058642,0.0438059070,-0.6773849775,-0.1028966088,-0.0623969434,1.2857494847,-0.1071930706,0.0369797729
1.1637554614,0.7072128909,0.3000000000,0.0194140557,0.0173848280,-0.9612053897,0.2745998199,0.0075398223,0.0012566370,0.2000000000,-1.3000000000,0.0000000000,-0.5000000000,0.2000000000,1.3000000000,0.0000000000,0.5000000000,-0.3629739881,-0.0192645155,-0.0420777113,0.3413805395,-0.0274385564,0.0354587324,-0.5985383654,-0.0998472161,-0.0765932335,1.2060301305,-0.1369285412,0.0338891104
1.1773387046,0.7157120870,0.3000000000,0.0194980242,0.0171766606,-0.9602620181,0.2778878300,0.0075398223,0.0012566370,0.2000000000,-1.3000000000,0.0000000000,-0.5000000000,0.2000000000,1.3000000000,0.0000000000,0.5000000000,-0.3608757553,-0.0173571371,-0.0652326782,0.2941168156,-0.0039562162,0.0266428529,-0.5064073472,-0.0924122739,-0.0906006792,1.0961680669,-0.1681203332,0.0299185903
1.1908450834,0.7243328271,0.3000000000,0.0196411156,0.0156534896,-0.9588176759,0.2829096308,0.0075398223,0.0006283185,0.2000000000,-1.3000000000,0.0000000000,-0.5000000000,0.2000000000,1.3000000000,0.0000000000,0.5000000000,-0.3544497976,-0.0169756617,-0.0842539197,0.2384538679,0.0060165240,0.0140049301,-0.4121295887,-0.0736769611,-0.0970855281,0.9675306499,-0.1952214951,0.0246773685
1.2042690562,0.7330814028,0.3000000000,0.0208905809,0.0122125269,-0.9577357828,0.2866297405,0.0075398223,0.0008166570,0.2000000000,-1.3000000000,0.0000000000,-0.5000000000,0.2000000000,1.3000000000,0.0000000000,0.5000000000,-0.3551157832,-0.0202945942,-0.0987642109,0.1963066474,0.0040496881,0.0075412310,-0.3260833025,-0.0531389717,-0.0839241460,0.8327577829,-0.2109873179,0.0197742796
1.2176321517,0.7419227186,0.3000000000,0.0242163826,0.0073058563,-0.9569106017,0.2892789166,0.0075398223,0.0006283185,0.2000000000,-1.3000000000,0.0000000000,-0.5000000000,0.2000000000,1.3000000000,0.0000000000,0.5000000000,-0.3735240896,-0.0238422211,-0.1012817547,0.1856712705,-0.0090553127,-0.0084396938,-0.2576333145,-0.0416881555,-0.0576923183,0.7074051659,-0.2062712231,0.0240066537
1.2309606594,0.7508161266,0.3000000000,0.0306064193,0.0009761520,-0.9565904821,0.2898222623,0.0075398223,0.0006283185,0.2000000000,-1.3000000000,0.0000000000,-0.5000000000,0.2000000000,1.3000000000,0.0000000000,0.5000000000,-0.4215401326,-0.0271526498,-0.0908332245,0.2268647527,-0.0227258816,-0.0333137709,-0.2120066714,-0.0439375735,-0.0337476639,0.5880382109,-0.2045444645,0.0189553090
1.2443226384,0.7596590729,0.3000000000,0.0351467305,-0.0022583972,-0.9576250781,0.2858562868,0.0069115036,0.0057300690,0.2000000000,-1.3000000000,0.0000000000,-0.5000000000,0.2000000000,1.3000000000,0.0000000000,0.5000000000,-0.4942766819,-0.0212941435,-0.0727933410,0.3211928152,-0.0348891152,-0.0367408351,-0.2019456390,-0.0416802560,-0.0255360329,0.4887401498,-0.2443234835,0.0177065515
1.2577496198,0.7684030037,0.3000000000,0.0375357216,-0.0032805437,-0.9587260827,0.2818237144,0.0071272376,0.0037699111,0.2000000000,-1.3000000000,0.0000000000,-0.5000000000,0.2000000000,1.3000000000,0.0000000000,0.5000000000,-0.5782964503,-0.0162127111,-0.0569225422,0.4642859781,-0.0459587675,-0.0176900673,-0.1960072081,-0.0317336931,-0.0343810926,0.4287531568,-0.2696849166,0.0134749809
1.2712392317,0.7770500757,0.3000000000,0.0371303612,-0.0023161122,-0.9592805815,0.2799941748,0.0069115036,0.0048258089,0.2000000000,-1.3000000000,0.0000000000,-0.5000000000,0.2000000000,1.3000000000,0.0000000000,0.5000000000,-0.6556607993,-0.0074229261,-0.0434035045,0.6348222882,-0.0541685010,-0.0020804814,-0.2092551859,-0.0217971216,-0.0557959849,0.4072251320,-0.2637746278,0.0005567255
1.2847236575,0.7857052346,0.3000000000,0.0344279498,-0.0015647797,-0.9588103622,0.2819485007,0.0069115036,0.0050265482,0.2000000000,-1.3000000000,0.0000000000,-0.5000000000,0.2000000000,1.3000000000,0.0000000000,0.5000000000,-0.7147005825,-0.0042407217,-0.0315289988,0.8065340081,-0.0588119802,0.0023539084,-0.2328652772,-0.0188830402,-0.0798045957,0.4102769494,-0.2147765060,-0.0037502188
1.2981753343,0.7944112182,0.3000000000,0.0302085950,-0.0026323149,-0.9585943652,0.2831560606,0.0075398223,0.0043982295,0.2000000000,-1.3000000000,0.0000000000,-0.5000000000,0.2000000000,1.3000000000,0.0000000000,0.5000000000,-0.7535178784,-0.0055313953,-0.0243776314,0.9611542272,-0.0619873544,0.0068068484,-0.2584429714,-0.0177386124,-0.0966237233,0.4125657976,-0.1673996778,-0.0180031252
1.3116387816,0.8030989554,0.3000000000,0.0263119295,-0.0048605003,-0.9594583001,0.2805776690,0.0075398223,0.0043982295,0.2000000000,-1.3000000000,0.0000000000,-0.5000000000,0.2000000000,1.3000000000,0.0000000000,0.5000000000,-0.7698768846,-0.0085832002,-0.0176201421,1.0866343032,-0.0632983283,0.0034713507,-0.2758530362,-0.0183700617,-0.1033076065,0.4080011333,-0.1328951152,-0.0294178781
1.3251731855,0.8116756479,0.3000000000,0.0231659924,-0.0066726600,-0.9608423593,0.2760448748,0.0075398223,0.0043982295,0.2000000000,-1.3000000000,0.0000000000,-0.5000000000,0.2000000000,1.3000000000,0.0000000000,0.5000000000,-0.7614745307,-0.0124686568,-0.0152943727,1.1736383166,-0.0687110881,0.0000305171,-0.2886569595,-0.0177386124,-0.1073853672,0.3909910753,-0.0984394767,-0.0284048771
1.3387772806,0.8201414448,0.3000000000,0.0213944797,-0.0085230849,-0.9616487592,0.2733153803,0.0075398223,0.0037699111,0.2000000000,-1.3000000000,0.0000000000,-0.5000000000,0.2000000000,1.3000000000,0.0000000000,0.5000000000,-0.7337871324,-0.0218800689,-0.0156858187,1.2150808170,-0.0846308137,-0.0015841938,-0.2934000103,-0.0175931956,-0.1095288053,0.3635197730,-0.0745517931,-0.0314129880
1.3523959710,0.8285837786,0.3000000000,0.0202236386,-0.0106166786,-0.9613169895,0.2744957856,0.0075398223,0.0025132741,0.2000000000,-1.3000000000,0.0000000000,-0.5000000000,0.2000000000,1.3000000000,0.0000000000,0.5000000000,-0.6887755224,-0.0337552309,-0.0140528009,1.2143091609,-0.1061517906,-0.0020894340,-0.2935454249,-0.0214244251,-0.1155199420,0.3258633276,-0.0591185469,-0.0306131550
1.3659695673,0.8370983644,0.3000000000,0.0191541119,-0.0114313888,-0.9603025952,0.2780672025,0.0075398223,0.0018849556,0.2000000000,-1.3000000000,0.0000000000,-0.5000000000,0.2000000000,1.3000000000,0.0000000000,0.5000000000,-0.6298477299,-0.0458671696,-0.0111934595,1.1841511762,-0.1297335815,-0.0033825622,-0.2945291632,-0.0261310749,-0.1193718113,0.2890488522,-0.0422508513,-0.0256163890
1.3794618894,0.8457410502,0.3000000000,0.0195180152,-0.0115915385,-0.9586538790,0.2836678050,0.0075398223,0.0018849556,0.2000000000,-1.3000000000,0.0000000000,-0.5000000000,0.2000000000,1.3000000000,0.0000000000,0.5000000000,-0.5540564995,-0.0511767810,-0.0038873783,1.1266377561,-0.1554374975,-0.0027319715,-0.3029370740,-0.0309585775,-0.1147650845,0.2558200413,-0.0295007462,-0.0155778423
1.3928521922,0.8545410203,0.3000000000,0.0211320342,-0.0112882513,-0.9572161922,0.2883802591,0.0075398223,0.0012566370,0.2000000000,-1.3000000000,0.0000000000,-0.5000000000,0.2000000000,1.3000000000,0.0000000000,0.5000000000,-0.4718680904,-0.0579041715,0.0001907378,1.0451400057,-0.1807851787,-0.0002673754,-0.3177996451,-0.0357785921,-0.1088006410,0.2308976184,-0.0223875262,-0.0048771745
1.4061844792,0.8634287485,0.3000000000,0.0223867915,-0.0106156137,-0.9567289438,0.2899239009,0.0075398223,0.0006283185,0.2000000000,-1.3000000000,0.0000000000,-0.5000000000,0.2000000000,1.3000000000,0.0000000000,0.5000000000,-0.4012409653,-0.0625280527,-0.0003475380,0.9636716733,-0.1945135986,-0.0005528783,-0.3322523234,-0.0371938646,-0.0976027515,0.2153218917,-0.0211413909,-0.0005523074
1.4195148166,0.8723193957,0.3000000000,0.0250312454,-0.0079150881,-0.9572629654,0.2880250045,0.0075398223,0.0006283185,0.2000000000,-1.3000000000,0.0000000000,-0.5000000000,0.2000000000,1.3000000000,0.0000000000,0.5000000000,-0.2792787005,-0.0691065668,-0.0089524127,0.8047508341,-0.1871680956,-0.0029913437,-0.3587532267,-0.0331288808,-0.0803128667,0.1958999522,-0.0274779993,0.0022274932
1.4328976947,0.8811307391,0.3000000000,0.0282012735,-0.0019706095,-0.9580111886,0.2853337823,0.0075398223,0.0006283185,0.2000000000,-1.3000000000,0.0000000000,-0.5000000000,0.2000000000,1.3000000000,0.0000000000,0.5000000000,-0.1921911722,-0.0606401102,-0.0242895084,0.6587145590,-0.1519172350,0.0004801923,-0.3875200358,-0.0252655049,-0.0829341234,0.1986238314,-0.0316742134,0.0103152593
1.4462984071,0.8899149427,0.3000000000,0.0330419756,0.0073813142,-0.9571388585,0.2876437893,0.0069115036,0.0000000000,0.2000000000,-1.3000000000,0.0000000000,-0.5000000000,0.2000000000,1.3000000000,0.0000000000,0.5000000000,-0.1232943304,-0.0488626198,-0.0463272892,0.5164135836,-0.1559817357,0.0227045598,-0.4399660725,-0.0271860131,-0.0993523896,0.2311639467,-0.0349905960,0.0174610466
1.4596284072,0.8988060701,0.3000000000,0.0381377572,0.0123195399,-0.9559046410,0.2909296438,0.0075398223,0.0041634046,0.2000000000,-1.3000000000,0.0000000000,-0.5000000000,0.2000000000,1.3000000000,0.0000000000,0.5000000000,-0.0954131934,-0.0524528883,-0.0523565529,0.3959118792,-0.2070080201,0.0314108243,-0.5069906776,-0.0392939102,-0.1128223593,0.2928402842,-0.0415963928,0.0191798544
1.4729200308,0.9077545040,0.3000000000,0.0429236965,0.0156731032,-0.9552737758,0.2921710515,0.0075398223,0.0031415927,0.2000000000,-1.3000000000,0.0000000000,-0.5000000000,0.2000000000,1.3000000000,0.0000000000,0.5000000000,-0.0805135652,-0.0497825593,-0.0455418729,0.3133635459,-0.2266952942,0.0352023472,-0.5831484312,-0.0536862230,-0.1201870235,0.3928459102,-0.0467812393,0.0108916021
1.4862037895,0.9167146174,0.3000000000,0.0449742154,0.0181603143,-0.9552254469,0.2918764610,0.0075398223,0.0037699111,0.2000000000,-1.3000000000,0.0000000000,-0.5000000000,0.2000000000,1.3000000000,0.0000000000,0.5000000000,-0.0872389257,-0.0517616995,-0.0401739053,0.2664002350,-0.2466925815,0.0542925165,-0.6612425419,-0.0638140626,-0.1186030142,0.5303510968,-0.0464752313,0.0043600992
1.4995081802,0.9256440497,0.3000000000,0.0459944361,0.0172244911,-0.9557849258,0.2899362075,0.0077950479,0.0050265482,0.2000000000,-1.3000000000,0.0000000000,-0.5000000000,0.2000000000,1.3000000000,0.0000000000,0.5000000000,-0.1086610811,-0.0593194477,-0.0334625052,0.2581397647,-0.2406414407,0.0610488749,-0.7332678385,-0.0752580261,-0.1126544631,0.6897920174,-0.0398897619,0.0092351729
1.5128575510,0.9345060917,0.3000000000,0.0437152868,0.0160808329,-0.9565458139,0.2878376044,0.0071692953,0.0043982295,0.2000000000,-1.3000000000,0.0000000000,-0.5000000000,0.2000000000,1.3000000000,0.0000000000,0.5000000000,-0.1457870762,-0.0574120693,-0.0226293494,0.2771907978,-0.2065826698,0.0571580832,-0.7872039952,-0.0866976195,-0.0978681028,0.8554388176,-0.0313501909,0.0077550329
1.5262204961,0.9433476667,0.3000000000,0.0389199857,0.0163306807,-0.9564090323,0.2889641959,0.0069115036,0.0043982295,0.2000000000,-1.3000000000,0.0000000000,-0.5000000000,0.2000000000,1.3000000000,0.0000000000,0.5000000000,-0.1849393218,-0.0540678094,-0.0181200877,0.3160778898,-0.1857204873,0.0624870004,-0.8234615628,-0.0892991822,-0.0868747050,1.0145892513,-0.0243829940,0.0160244405
1.5395297015,0.9522698332,0.3000000000,0.0340532564,0.0175861986,-0.9552378038,0.2933459382,0.0075398223,0.0043982295,0.2000000000,-1.3000000000,0.0000000000,-0.5000000000,0.2000000000,1.3000000000,0.0000000000,0.5000000000,-0.2234840154,-0.0462779842,-0.0182751793,0.3576083209,-0.1729865314,0.0569971630,-0.8392818597,-0.0894560143,-0.0758066933,1.1503357774,-0.0217648053,0.0272638255
1.5527603378,0.9613081440,0.3000000000,0.0298433477,0.0190990161,-0.9542967980,0.2967527986,0.0075398223,0.0037699111,0.2000000000,-1.3000000000,0.0000000000,-0.5000000000,0.2000000000,1.3000000000,0.0000000000,0.5000000000,-0.2548461277,-0.0400285325,-0.0144696711,0.3885269112,-0.1613142149,0.0531708031,-0.8405813575,-0.0890745372,-0.0676591094,1.2481437479,-0.0269282539,0.0285380377
1.5659563605,0.9703969753,0.3000000000,0.0267712023,0.0201465769,-0.9542579007,0.2971014591,0.0075398223,0.0037699111,0.2000000000,-1.3000000000,0.0000000000,-0.5000000000,0.2000000000,1.3000000000,0.0000000000,0.5000000000,-0.2788105039,-0.0315911596,-0.0071767244,0.4055798151,-0.1504047433,0.0516015930,-0.8274210145,-0.0883115903,-0.0631342009,1.3026189722,-0.0353852654,0.0347087494
1.5791757204,0.9794517861,0.3000000000,0.0257881820,0.0209168315,-0.9551574535,0.2942306832,0.0075398223,0.0025132741,0.2000000000,-1.3000000000,0.0000000000,-0.5000000000,0.2000000000,1.3000000000,0.0000000000,0.5000000000,-0.2996854972,-0.0236060461,0.0011898641,0.4085148691,-0.1349235431,0.0486381494,-0.7920610525,-0.0883115903,-0.0645148040,1.3237655343,-0.0489310657,0.0414827769
1.5924704235,0.9883955341,0.3000000000,0.0251160270,0.0204450978,-0.9566405385,0.2894651330,0.0075398223,0.0022417645,0.2000000000,-1.3000000000,0.0000000000,-0.5000000000,0.2000000000,1.3000000000,0.0000000000,0.5000000000,-0.3146301629,-0.0167590299,0.0015000080,0.4025956481,-0.1135761073,0.0474474190,-0.7459943832,-0.0904356016,-0.0650415793,1.3114965315,-0.0678883373,0.0401946156
1.6058546598,0.9972047442,0.3000000000,0.0248687722,0.0195204902,-0.9580170611,0.2849628138,0.0075398223,0.0018849556,0.2000000000,-1.3000000000,0.0000000000,-0.5000000000,0.2000000000,1.3000000000,0.0000000000,0.5000000000,-0.3298284453,-0.0118043269,-0.0080752328,0.3880228707,-0.0873492296,0.0439122416,-0.6834094385,-0.0923384970,-0.0675425890,1.2653718092,-0.0902097318,0.0383758209
1.6192958408,1.0059269214,0.3000000000,0.0246090508,0.0186630595,-0.9584271829,0.2836607480,0.0075398223,0.0018849556,0.2000000000,-1.3000000000,0.0000000000,-0.5000000000,0.2000000000,1.3000000000,0.0000000000,0.5000000000,-0.3368729959,-0.0075994265,-0.0269138804,0.3609865833,-0.0603111519,0.0349804066,-0.6049305710,-0.0913633928,-0.0706030607,1.1835086315,-0.1145675657,0.0364496085
1.6327265490,1.0146651966,0.3000000000,0.0245997634,0.0180381617,-0.9577531145,0.2859693129,0.0075398223,0.0018849556,0.2000000000,-1.3000000000,0.0000000000,-0.5000000000,0.2000000000,1.3000000000,0.0000000000,0.5000000000,-0.3346872977,-0.0051499200,-0.0532263420,0.3181583496,-0.0353309851,0.0217491191,-0.5150362266,-0.0857457543,-0.0784507214,1.0713790277,-0.1394778050,0.0329387675
1.6460857992,1.0235122106,0.3000000000,0.0255381045,0.0165241929,-0.9561875383,0.2911703072,0.0075398223,0.0018849556,0.2000000000,-1.3000000000,0.0000000000,-0.5000000000,0.2000000000,1.3000000000,0.0000000000,0.5000000000,-0.3322474229,-0.0043869689,-0.0750665988,0.2666288333,-0.0130377767,0.0107614037,-0.4197686972,-0.0766232580,-0.0825894549,0.9412054204,-0.1605076623,0.0266782692
1.6593339987,1.0325246250,0.3000000000,0.0278392042,0.0131339977,-0.9543318990,0.2971583808,0.0075398223,0.0006283185,0.2000000000,-1.3000000000,0.0000000000,-0.5000000000,0.2000000000,1.3000000000,0.0000000000,0.5000000000,-0.3338158694,-0.0076542737,-0.0876476908,0.2196730219,-0.0045024633,0.0009555611,-0.3330555907,-0.0603648243,-0.0743134441,0.8044281705,-0.1694474581,0.0246688825
1.6724885865,1.0416732559,0.3000000000,0.0314157070,0.0078855901,-0.9531447277,0.3007756620,0.0075398223,0.0006283185,0.2000000000,-1.3000000000,0.0000000000,-0.5000000000,0.2000000000,1.3000000000,0.0000000000,0.5000000000,-0.3493931532,-0.0135931484,-0.0938683703,0.2016098201,-0.0009675667,-0.0103171999,-0.2632188415,-0.0512576960,-0.0491980183,0.6749716667,-0.1659859615,0.0278406194
1.6856055649,1.0508757857,0.3000000000,0.0360312870,0.0028661829,-0.9533459706,0.2997081774,0.0078377985,0.0025132741,0.2000000000,-1.3000000000,0.0000000000,-0.5000000000,0.2000000000,1.3000000000,0.0000000000,0.5000000000,-0.3857995113,-0.0137232942,-0.0900184046,0.2297956596,-0.0078778237,-0.0205273386,-0.2296188082,-0.0597205740,-0.0238029201,0.5576525366,-0.1924988467,0.0305076305
1.6987693587,1.0600111726,0.3000000000,0.0388624854,0.0003141887,-0.9543616808,0.2961138139,0.0075398223,0.0018849556,0.2000000000,-1.3000000000,0.0000000000,-0.5000000000,0.2000000000,1.3000000000,0.0000000000,0.5000000000,-0.4468617307,-0.0099204130,-0.0841194539,0.3119875891,-0.0225850010,-0.0238976309,-0.2176399973,-0.0566532163,-0.0162127111,0.4753533659,-0.2169561162,0.0389251504
1.7120053828,1.0690415836,0.3000000000,0.0408436904,-0.0004179866,-0.9553832819,0.2925310291,0.0075398223,0.0018849556,0.2000000000,-1.3000000000,0.0000000000,-0.5000000000,0.2000000000,1.3000000000,0.0000000000,0.5000000000,-0.5249666546,-0.0066758222,-0.0729897140,0.4487592967,-0.0385955988,-0.0187155846,-0.2181389779,-0.0451420009,-0.0247308784,0.4214069558,-0.2276900872,0.0300508529
1.7252963438,1.0779909830,0.3000000000,0.0414736771,0.0001363530,-0.9560475224,0.2902637602,0.0075398223,0.0018849556,0.2000000000,-1.3000000000,0.0000000000,-0.5000000000,0.2000000000,1.3000000000,0.0000000000,0.5000000000,-0.6068505858,-0.0034085192,-0.0619402533,0.6147424092,-0.0521002911,-0.0085241340,-0.2324424141,-0.0350214669,-0.0455689143,0.3987831579,-0.2261634688,0.0212546163
1.7386118245,1.0869038859,0.3000000000,0.0402116566,0.0018412937,-0.9560539542,0.2904143059,0.0069115036,0.0025132741,0.2000000000,-1.3000000000,0.0000000000,-0.5000000000,0.2000000000,1.3000000000,0.0000000000,0.5000000000,-0.6765113315,-0.0009536889,-0.0539403549,0.7861130156,-0.0595418216,-0.0000187913,-0.2547502410,-0.0289729233,-0.0678272181,0.3969253004,-0.1950038725,0.0093950414
1.7519042174,1.0958511697,0.3000000000,0.0375300349,0.0021096536,-0.9555858874,0.2923057606,0.0075398223,0.0018849556,0.2000000000,-1.3000000000,0.0000000000,-0.5000000000,0.2000000000,1.3000000000,0.0000000000,0.5000000000,-0.7272411250,-0.0005722133,-0.0436248741,0.9425675809,-0.0622611722,0.0058235005,-0.2812421144,-0.0265125502,-0.0847281294,0.3955766215,-0.1531327877,-0.0027091934
1.7651704651,1.1048371882,0.3000000000,0.0337299257,0.0009702531,-0.9556104103,0.2926945413,0.0075398223,0.0018849556,0.2000000000,-1.3000000000,0.0000000000,-0.5000000000,0.2000000000,1.3000000000,0.0000000000,0.5000000000,-0.7526777910,-0.0032602204,-0.0348873345,1.0687693084,-0.0627653805,0.0026987665,-0.2994848275,-0.0261310749,-0.0940513999,0.3927113959,-0.1184858390,-0.0100588818
1.7784526969,1.1137995525,0.3000000000,0.0296904425,-0.0010601046,-0.9562047451,0.2911869489,0.0075398223,0.0018849556,0.2000000000,-1.3000000000,0.0000000000,-0.5000000000,0.2000000000,1.3000000000,0.0000000000,0.5000000000,-0.7483966211,-0.0112768871,-0.0297434131,1.1558670431,-0.0681888621,-0.0003495720,-0.3126425672,-0.0267149670,-0.0942127815,0.3810356874,-0.0858566272,-0.0112382914
1.7917694227,1.1227105806,0.3000000000,0.0265338922,-0.0033335020,-0.9568109514,0.2894782265,0.0075398223,0.0018849556,0.2000000000,-1.3000000000,0.0000000000,-0.5000000000,0.2000000000,1.3000000000,0.0000000000,0.5000000000,-0.7255824639,-0.0204744827,-0.0288014039,1.1927925728,-0.0803894005,-0.0035967101,-0.3156928735,-0.0272973480,-0.0936522484,0.3616766201,-0.0638740043,-0.0136541787
1.8050998616,1.1316010950,0.3000000000,0.0230219157,-0.0059790000,-0.9567251149,0.2900194777,0.0075398223,0.0015913064,0.2000000000,-1.3000000000,0.0000000000,-0.5000000000,0.2000000000,1.3000000000,0.0000000000,0.5000000000,-0.6757878792,-0.0328442549,-0.0276320721,1.1949223484,-0.1063040515,-0.0024913028,-0.3171969056,-0.0316749221,-0.0932707712,0.3247018948,-0.0422939913,-0.0124955201
1.8184023715,1.1405333112,0.3000000000,0.0216321875,-0.0071999939,-0.9559724599,0.2925694181,0.0075398223,0.0012566370,0.2000000000,-1.3000000000,0.0000000000,-0.5000000000,0.2000000000,1.3000000000,0.0000000000,0.5000000000,-0.6186528893,-0.0446872362,-0.0228703334,1.1659705795,-0.1313768511,-0.0016618791,-0.3218110301,-0.0374028027,-0.0903915078,0.2909020467,-0.0241923029,-0.0085098269
1.8316405508,1.1495605434,0.3000000000,0.0222931357,-0.0072506715,-0.9546971271,0.2966544107,0.0075398223,0.0006283185,0.2000000000,-1.3000000000,0.0000000000,-0.5000000000,0.2000000000,1.3000000000,0.0000000000,0.5000000000,-0.5505395416,-0.0499695949,-0.0160256746,1.1111141868,-0.1569476961,0.0005009260,-0.3324485309,-0.0427215601,-0.0869801288,0.2594292708,-0.0124915285,-0.0005738854
1.8448000038,1.1587021763,0.3000000000,0.0234474529,-0.0068165196,-0.9535544840,0.3002292424,0.0075398223,0.0006283185,0.2000000000,-1.3000000000,0.0000000000,-0.5000000000,0.2000000000,1.3000000000,0.0000000000,0.5000000000,-0.4737786581,-0.0547603529,-0.0127794305,1.0310958088,-0.1818472288,0.0028669407,-0.3460262329,-0.0457863711,-0.0758857178,0.2322720828,-0.0043016380,0.0070991283
1.8579122362,1.1679114687,0.3000000000,0.0243785615,-0.0052625873,-0.9531219923,0.3015567255,0.0075398223,0.0012566370,0.2000000000,-1.3000000000,0.0000000000,-0.5000000000,0.2000000000,1.3000000000,0.0000000000,0.5000000000,-0.3819771189,-0.0631396383,-0.0144987877,0.9263318809,-0.1928748184,0.0004241688,-0.3620338832,-0.0442484457,-0.0608344815,0.2096045097,-0.0050091354,0.0147799887
1.8710305280,1.1771121144,0.3000000000,0.0257741022,-0.0018979575,-0.9537343922,0.2995376478,0.0075398223,0.0006283185,0.2000000000,-1.3000000000,0.0000000000,-0.5000000000,0.2000000000,1.3000000000,0.0000000000,0.5000000000,-0.2852588735,-0.0612200365,-0.0278646843,0.7921923588,-0.1759456875,0.0009873417,-0.3830252043,-0.0387197696,-0.0505455099,0.1949306091,-0.0106755343,0.0219132855
1.8842006008,1.1862384702,0.3000000000,0.0279738122,0.0047084788,-0.9544149292,0.2971320229,0.0069115036,0.0000000000,0.2000000000,-1.3000000000,0.0000000000,-0.5000000000,0.2000000000,1.3000000000,0.0000000000,0.5000000000,-0.2028162840,-0.0516747944,-0.0460132286,0.6405685160,-0.1563229014,0.0110396741,-0.4149455097,-0.0366292233,-0.0589682554,0.2064312688,-0.0171363642,0.0302540935
1.8973587012,1.1953820101,0.3000000000,0.0327822617,0.0107432180,-0.9530434437,0.3008622626,0.0072238490,0.0018849556,0.2000000000,-1.3000000000,0.0000000000,-0.5000000000,0.2000000000,1.3000000000,0.0000000000,0.5000000000,-0.1600356019,-0.0532136364,-0.0614164616,0.4940471788,-0.2087013127,0.0340718693,-0.4672910332,-0.0482522528,-0.0728585240,0.2513758599,-0.0241011834,0.0374883628
1.9104586421,1.2046087646,0.3000000000,0.0370625863,0.0135284305,-0.9521604829,0.3030408571,0.0075398223,0.0025132741,0.2000000000,-1.3000000000,0.0000000000,-0.5000000000,0.2000000000,1.3000000000,0.0000000000,0.5000000000,-0.1272467695,-0.0535973161,-0.0616132372,0.3883988729,-0.2359737647,0.0281343756,-0.5364959791,-0.0612169547,-0.0808654115,0.3299146539,-0.0342623493,0.0294387229
1.9235264924,1.2138809360,0.3000000000,0.0401178644,0.0157303264,-0.9518803554,0.3034252836,0.0075398223,0.0037560689,0.2000000000,-1.3000000000,0.0000000000,-0.5000000000,0.2000000000,1.3000000000,0.0000000000,0.5000000000,-0.1203387235,-0.0554878827,-0.0555214991,0.3161869620,-0.2495793815,0.0495255654,-0.6100020438,-0.0703738333,-0.0829709321,0.4370759775,-0.0388163215,0.0203422349
1.9366250885,1.2231095709,0.3000000000,0.0411158958,0.0149418132,-0.9529647502,0.2999073360,0.0075398223,0.0037699111,0.2000000000,-1.3000000000,0.0000000000,-0.5000000000,0.2000000000,1.3000000000,0.0000000000,0.5000000000,-0.1360201213,-0.0657569193,-0.0443701980,0.2817672980,-0.2413206804,0.0674278037,-0.6816735542,-0.0792278789,-0.0808966223,0.5855663617,-0.0346941563,0.0229964266
1.9498115673,1.2322121324,0.3000000000,0.0397056781,0.0128493012,-0.9544940358,0.2952955981,0.0069115036,0.0031415927,0.2000000000,-1.3000000000,0.0000000000,-0.5000000000,0.2000000000,1.3000000000,0.0000000000,0.5000000000,-0.1626321324,-0.0658045337,-0.0322481226,0.2881778964,-0.2019577099,0.0552592411,-0.7380543939,-0.0909550415,-0.0753548609,0.7493105208,-0.0288138851,0.0225120749
1.9630443902,1.2412472982,0.3000000000,0.0359048093,0.0131590639,-0.9545826277,0.2954821324,0.0069115036,0.0025132741,0.2000000000,-1.3000000000,0.0000000000,-0.5000000000,0.2000000000,1.3000000000,0.0000000000,0.5000000000,-0.1982364118,-0.0640997912,-0.0308876227,0.3138473065,-0.1761020147,0.0646722208,-0.7847669393,-0.0972643692,-0.0702033963,0.9136826633,-0.0207541821,0.0229915946
1.9762253176,1.2503578655,0.3000000000,0.0317757943,0.0144295806,-0.9531414526,0.3005053367,0.0069115036,0.0025132741,0.2000000000,-1.3000000000,0.0000000000,-0.5000000000,0.2000000000,1.3000000000,0.0000000000,0.5000000000,-0.2357506533,-0.0587820258,-0.0337605849,0.3483555223,-0.1640799073,0.0646138038,-0.8129759534,-0.1002932769,-0.0633597318,1.0662372573,-0.0188571592,0.0309021445
1.9893054029,1.2596126608,0.3000000000,0.0277148048,0.0161356688,-0.9517718582,0.3051259735,0.0069115036,0.0025132741,0.2000000000,-1.3000000000,0.0000000000,-0.5000000000,0.2000000000,1.3000000000,0.0000000000,0.5000000000,-0.2668137171,-0.0542133603,-0.0313248272,0.3769724860,-0.1587954798,0.0581286608,-0.8240902584,-0.1021916155,-0.0590256361,1.1908399557,-0.0228240288,0.0325284060
2.0023300731,1.2689453846,0.3000000000,0.0239074738,0.0166714730,-0.9516094119,0.3059248633,0.0075398223,0.0025132741,0.2000000000,-1.3000000000,0.0000000000,-0.5000000000,0.2000000000,1.3000000000,0.0000000000,0.5000000000,-0.2900167233,-0.0479069926,-0.0280702632,0.3977994649,-0.1478434356,0.0546836560,-0.8221275241,-0.1014883983,-0.0522780548,1.2735082777,-0.0337042723,0.0329109740
2.0153908733,1.2782274083,0.3000000000,0.0215568204,0.0164831550,-0.9529409823,0.3019388902,0.0075398223,0.0018849556,0.2000000000,-1.3000000000,0.0000000000,-0.5000000000,0.2000000000,1.3000000000,0.0000000000,0.5000000000,-0.3163070764,-0.0418032962,-0.0231109928,0.4058741270,-0.1258211766,0.0561130681,-0.7951377904,-0.0999307308,-0.0530092392,1.3197943739,-0.0493910621,0.0406513548
2.0285433663,1.2873789929,0.3000000000,0.0202307931,0.0161504775,-0.9545105720,0.2970512498,0.0075398223,0.0018849556,0.2000000000,-1.3000000000,0.0000000000,-0.5000000000,0.2000000000,1.3000000000,0.0000000000,0.5000000000,-0.3387965588,-0.0345957690,-0.0188830402,0.4038641052,-0.1002519963,0.0525475502,-0.7535022183,-0.1028076634,-0.0551232174,1.3281793492,-0.0700219172,0.0419031225
2.0417734436,1.2964181317,0.3000000000,0.0194406788,0.0160630497,-0.9554598335,0.2940417404,0.0072490291,0.0018849556,0.2000000000,-1.3000000000,0.0000000000,-0.5000000000,0.2000000000,1.3000000000,0.0000000000,0.5000000000,-0.3551111807,-0.0284483016,-0.0245484267,0.3924043353,-0.0740200960,0.0484294829,-0.6951130738,-0.1047150344,-0.0581466488,1.3002247298,-0.0949693862,0.0390919229
2.0550337450,1.3054129237,0.3000000000,0.0193606255,0.0165035927,-0.9554673090,0.2939983316,0.0075398223,0.0018849556,0.2000000000,-1.3000000000,0.0000000000,-0.5000000000,0.2000000000,1.3000000000,0.0000000000,0.5000000000,-0.3604781271,-0.0225233195,-0.0411180499,0.3671258384,-0.0461569087,0.0404074595,-0.6210022248,-0.1022517097,-0.0709056635,1.2350033745,-0.1230143527,0.0351758193
2.0682666078,1.3144479975,0.3000000000,0.0191275452,0.0164687244,-0.9546613318,0.2966220822,0.0075398223,0.0018849556,0.2000000000,-1.3000000000,0.0000000000,-0.5000000000,0.2000000000,1.3000000000,0.0000000000,0.5000000000,-0.3601401159,-0.0191009886,-0.0601370829,0.3253709104,-0.0167088919,0.0308729273,-0.5330021673,-0.0959955216,-0.0834615120,1.1362783060,-0.1527748523,0.0311181184
2.0814347662,1.3235770762,0.3000000000,0.0186416919,0.0155236168,-0.9535515282,0.3002515408,0.0075398223,0.0018849556,0.2000000000,-1.3000000000,0.0000000000,-0.5000000000,0.2000000000,1.3000000000,0.0000000000,0.5000000000,-0.3544677932,-0.0163465868,-0.0787343970,0.2749538989,0.0027926794,0.0215986147,-0.4452863090,-0.0821144100,-0.0918585944,1.0229007226,-0.1780303488,0.0285062043
2.0945285787,1.3328124835,0.3000000000,0.0192025667,0.0131197270,-0.9522700157,0.3043697610,0.0075398223,0.0018849556,0.2000000000,-1.3000000000,0.0000000000,-0.5000000000,0.2000000000,1.3000000000,0.0000000000,0.5000000000,-0.3505368581,-0.0158312358,-0.0967772859,0.2190163353,0.0078560710,0.0094916006,-0.3478136976,-0.0603174047,-0.0875537396,0.8793760265,-0.1992937473,0.0209313931
2.1075474845,1.3421531882,0.3000000000,0.0224108260,0.0088777883,-0.9511449852,0.3078021392,0.0075398223,0.0009821579,0.2000000000,-1.3000000000,0.0000000000,-0.5000000000,0.2000000000,1.3000000000,0.0000000000,0.5000000000,-0.3635923952,-0.0205755878,-0.1048816816,0.1944099728,-0.0012625484,0.0012797503,-0.2729979188,-0.0443234383,-0.0663305548,0.7484870891,-0.2036434889,0.0195997123
2.1205116759,1.3515697360,0.3000000000,0.0257017965,0.0050327957,-0.9506341821,0.3092066308,0.0075398223,0.0006283185,0.2000000000,-1.3000000000,0.0000000000,-0.5000000000,0.2000000000,1.3000000000,0.0000000000,0.5000000000,-0.3830907339,-0.0238219316,-0.1039825217,0.2003842380,-0.0131979952,-0.0114662319,-0.2353115595,-0.0398439041,-0.0483479609,0.6692419902,-0.1986291202,0.0206735914
2.1334745431,1.3609880727,0.3000000000,0.0332288487,-0.0015196747,-0.9512580137,0.3065970083,0.0075398223,0.0052549175,0.2000000000,-1.3000000000,0.0000000000,-0.5000000000,0.2000000000,1.3000000000,0.0000000000,0.5000000000,-0.4629888005,-0.0216575410,-0.0820348492,0.2881336204,-0.0322717768,-0.0311944272,-0.2010897010,-0.0504068578,-0.0247093454,0.5180973291,-0.2325794393,0.0184042708
2.1465082275,1.3703081424,0.3000000000,0.0364734368,-0.0032726469,-0.9523759820,0.3027192877,0.0075398223,0.0043982295,0.2000000000,-1.3000000000,0.0000000000,-0.5000000000,0.2000000000,1.3000000000,0.0000000000,0.5000000000,-0.5432042398,-0.0162127111,-0.0659530776,0.4134434583,-0.0451466581,-0.0242668072,-0.1935988367,-0.0405478185,-0.0269733532,0.4479535926,-0.2643555641,0.0213412132
2.1596182252,1.3795205710,0.3000000000,0.0380205554,-0.0033321808,-0.9533320676,0.2995017578,0.0069115036,0.0031415927,0.2000000000,-1.3000000000,0.0000000000,-0.5000000000,0.2000000000,1.3000000000,0.0000000000,0.5000000000,-0.6255973889,-0.0101220168,-0.0508170464,0.5750035256,-0.0526697043,-0.0072979705,-0.2028641910,-0.0338963550,-0.0447975464,0.4100441509,-0.2731479323,0.0074656782
2.1727524415,1.3886984885,0.3000000000,0.0366392421,-0.0023481133,-0.9531343074,0.3003115787,0.0069115036,0.0043982295,0.2000000000,-1.3000000000,0.0000000000,-0.5000000000,0.2000000000,1.3000000000,0.0000000000,0.5000000000,-0.6961536529,-0.0033623575,-0.0368344198,0.7484351265,-0.0559651224,0.0012968720,-0.2219037819,-0.0253681242,-0.0688122738,0.4072251320,-0.2397852453,0.0026808272
2.1858516681,1.3979262549,0.3000000000,0.0336165229,-0.0024894661,-0.9525158241,0.3026174759,0.0069115036,0.0037699111,0.2000000000,-1.3000000000,0.0000000000,-0.5000000000,0.2000000000,1.3000000000,0.0000000000,0.5000000000,-0.7474750059,-0.0055313953,-0.0271391761,0.9138281727,-0.0599028611,0.0048376187,-0.2498670713,-0.0253681242,-0.0892383663,0.4073614653,-0.1859382384,-0.0052188416
2.1989312765,1.4071818300,0.3000000000,0.0303136586,-0.0040541760,-0.9528150043,0.3020069756,0.0079184939,0.0037699111,0.2000000000,-1.3000000000,0.0000000000,-0.5000000000,0.2000000000,1.3000000000,0.0000000000,0.5000000000,-0.7763368214,-0.0077419133,-0.0236906511,1.0512768174,-0.0622090333,0.0037416099,-0.2702703253,-0.0257495996,-0.0987630001,0.4059291550,-0.1468754499,-0.0195419047
2.2120590325,1.4163688998,0.3000000000,0.0270101398,-0.0062813488,-0.9541954847,0.2978959114,0.0075398223,0.0037699111,0.2000000000,-1.3000000000,0.0000000000,-0.5000000000,0.2000000000,1.3000000000,0.0000000000,0.5000000000,-0.7764700181,-0.0125329376,-0.0183665818,1.1524111768,-0.0666248285,-0.0007009352,-0.2847949737,-0.0257495996,-0.1033241162,0.3940965198,-0.1096919927,-0.0211576071
2.2252754085,1.4254279966,0.3000000000,0.0242481163,-0.0087461866,-0.9556326425,0.2934310577,0.0075398223,0.0037699111,0.2000000000,-1.3000000000,0.0000000000,-0.5000000000,0.2000000000,1.3000000000,0.0000000000,0.5000000000,-0.7550362434,-0.0203028104,-0.0178762845,1.2098066672,-0.0777365413,-0.0068466706,-0.2921572162,-0.0257495996,-0.1081483141,0.3710280278,-0.0782252506,-0.0232436753
2.2385443359,1.4344100560,0.3000000000,0.0224682271,-0.0107720865,-0.9558469412,0.2928067041,0.0073118001,0.0031415927,0.2000000000,-1.3000000000,0.0000000000,-0.5000000000,0.2000000000,1.3000000000,0.0000000000,0.5000000000,-0.7173678208,-0.0308810677,-0.0179816471,1.2221614582,-0.0965910605,-0.0055044419,-0.2930255166,-0.0270324661,-0.1109570881,0.3367936608,-0.0567871517,-0.0246698591
2.2517962907,1.4434171143,0.3000000000,0.0210434251,-0.0129787710,-0.9551574082,0.2950644866,0.0075398223,0.0025132741,0.2000000000,-1.3000000000,0.0000000000,-0.5000000000,0.2000000000,1.3000000000,0.0000000000,0.5000000000,-0.6663775690,-0.0437021608,-0.0139238574,1.2022854616,-0.1179960171,-0.0047094412,-0.2927824855,-0.0323695799,-0.1155312469,0.2975371331,-0.0419063258,-0.0226860207
2.2649836050,1.4525184847,0.3000000000,0.0214320376,-0.0130131538,-0.9538259585,0.2993114875,0.0069115036,0.0012566370,0.2000000000,-1.3000000000,0.0000000000,-0.5000000000,0.2000000000,1.3000000000,0.0000000000,0.5000000000,-0.6020890846,-0.0525770420,-0.0087163666,1.1595400187,-0.1406976177,-0.0051169538,-0.2984956085,-0.0351533213,-0.1160351501,0.2607655691,-0.0298055407,-0.0183997759
2.2780719348,1.4617615463,0.3000000000,0.0226096935,-0.0120590937,-0.9519671946,0.3051259420,0.0069115036,0.0012566370,0.2000000000,-1.3000000000,0.0000000000,-0.5000000000,0.2000000000,1.3000000000,0.0000000000,0.5000000000,-0.5268546870,-0.0586850575,-0.0023510300,1.0947431337,-0.1661051298,-0.0025513845,-0.3117318987,-0.0398641936,-0.1129789408,0.2305935555,-0.0205724202,-0.0098239147
2.2910653866,1.4711376291,0.3000000000,0.0241499782,-0.0110669908,-0.9508267261,0.3085819782,0.0075398223,0.0012566370,0.2000000000,-1.3000000000,0.0000000000,-0.5000000000,0.2000000000,1.3000000000,0.0000000000,0.5000000000,-0.4452024341,-0.0629997375,-0.0009536889,1.0078897978,-0.1892074746,-0.0006693668,-0.3279907750,-0.0410086215,-0.1006642375,0.2074773902,-0.0143250207,-0.0058670219
2.3040196615,1.4805678266,0.3000000000,0.0252412314,-0.0090528915,-0.9506717381,0.3090374924,0.0075398223,0.0012566370,0.2000000000,-1.3000000000,0.0000000000,-0.5000000000,0.2000000000,1.3000000000,0.0000000000,0.5000000000,-0.3512772021,-0.0716536922,-0.0029245818,0.8983770538,-0.1971187012,-0.0025253938,-0.3465066272,-0.0370668346,-0.0818904024,0.1888305931,-0.0176503901,-0.0026544796
2.3169961741,1.4899673689,0.3000000000,0.0269613727,-0.0046381466,-0.9514361209,0.3066282438,0.0075398223,0.0006283185,0.2000000000,-1.3000000000,0.0000000000,-0.5000000000,0.2000000000,1.3000000000,0.0000000000,0.5000000000,-0.2517753365,-0.0698657175,-0.0166178454,0.7586380567,-0.1805516643,-0.0040749619,-0.3713023850,-0.0296757403,-0.0738155171,0.1798657179,-0.0254609033,0.0036510827
2.3300179942,1.4993040637,0.3000000000,0.0290488129,0.0037662968,-0.9518488978,0.3051649674,0.0069115036,0.0006283185,0.2000000000,-1.3000000000,0.0000000000,-0.5000000000,0.2000000000,1.3000000000,0.0000000000,0.5000000000,-0.1687324041,-0.0556122603,-0.0360729481,0.6123061845,-0.1472624574,0.0037893238,-0.4081661911,-0.0223163199,-0.0851522159,0.1965548261,-0.0330256124,0.0128561180
2.3430166437,1.5086728468,0.3000000000,0.0347346125,0.0123406207,-0.9501222185,0.3096917591,0.0077303706,0.0018849556,0.2000000000,-1.3000000000,0.0000000000,-0.5000000000,0.2000000000,1.3000000000,0.0000000000,0.5000000000,-0.1235918438,-0.0537130044,-0.0557360685,0.4721887042,-0.1940294490,0.0380762988,-0.4690835113,-0.0313216348,-0.1028889415,0.2478277022,-0.0380479981,0.0212528578
2.3559482279,1.5181341190,0.3000000000,0.0396280840,0.0164683708,-0.9492454873,0.3115949495,0.0075398223,0.0031415927,0.2000000000,-1.3000000000,0.0000000000,-0.5000000000,0.2000000000,1.3000000000,0.0000000000,0.5000000000,-0.0962425391,-0.0542833479,-0.0514591818,0.3699018697,-0.2282578713,0.0387386643,-0.5435782382,-0.0446726571,-0.1108955657,0.3318624147,-0.0424695608,0.0200082135
2.3688532900,1.5276315526,0.3000000000,0.0429521822,0.0191191053,-0.9490928805,0.3114679341,0.0076862691,0.0045446763,0.2000000000,-1.3000000000,0.0000000000,-0.5000000000,0.2000000000,1.3000000000,0.0000000000,0.5000000000,-0.0891634508,-0.0548306539,-0.0423566963,0.2954413669,-0.2488700255,0.0494888703,-0.6280592705,-0.0568269451,-0.1143408402,0.4512438954,-0.0436081952,0.0097043157
2.3817876136,1.5370890647,0.3000000000,0.0447209609,0.0199801538,-0.9497995945,0.3090009053,0.0081681414,0.0035946122,0.2000000000,-1.3000000000,0.0000000000,-0.5000000000,0.2000000000,1.3000000000,0.0000000000,0.5000000000,-0.0997379191,-0.0622026387,-0.0358365796,0.2610757672,-0.2574935618,0.0696821557,-0.7020076767,-0.0667181615,-0.1137640184,0.5992747494,-0.0413536726,0.0041545238
2.3947839832,1.5464610909,0.3000000000,0.0436820576,0.0173057157,-0.9511427400,0.3051554985,0.0075398223,0.0050265482,0.2000000000,-1.3000000000,0.0000000000,-0.5000000000,0.2000000000,1.3000000000,0.0000000000,0.5000000000,-0.1305349078,-0.0672233535,-0.0229721896,0.2658516527,-0.2293573887,0.0616292727,-0.7615891798,-0.0825292219,-0.1031422869,0.7608797724,-0.0349964406,0.0019190622
2.4078386146,1.5557518543,0.3000000000,0.0399561685,0.0170929326,-0.9517396597,0.3038140161,0.0075398223,0.0043982295,0.2000000000,-1.3000000000,0.0000000000,-0.5000000000,0.2000000000,1.3000000000,0.0000000000,0.5000000000,-0.1665470114,-0.0641902005,-0.0177386124,0.2959556492,-0.2009908348,0.0689563331,-0.8083657602,-0.0898374915,-0.0908050535,0.9230563102,-0.0296818400,0.0098110240
2.4208696188,1.5650756609,0.3000000000,0.0354210870,0.0176184365,-0.9506530567,0.3077234196,0.0069115036,0.0025132741,0.2000000000,-1.3000000000,0.0000000000,-0.5000000000,0.2000000000,1.3000000000,0.0000000000,0.5000000000,-0.2069742141,-0.0592221010,-0.0204089414,0.3380071222,-0.1852670673,0.0674964763,-0.8341041775,-0.0902189687,-0.0788641371,1.0742129368,-0.0241753569,0.0238394564
2.4338061010,1.5745301107,0.3000000000,0.0304976172,0.0193062355,-0.9490626519,0.3130131745,0.0075398223,0.0018849556,0.2000000000,-1.3000000000,0.0000000000,-0.5000000000,0.2000000000,1.3000000000,0.0000000000,0.5000000000,-0.2406805158,-0.0527666550,-0.0172894299,0.3741969493,-0.1754831170,0.0658518283,-0.8421750022,-0.0898374915,-0.0718404312,1.1952066599,-0.0218954350,0.0294887932
2.4466591187,1.5840978175,0.3000000000,0.0265617299,0.0207458836,-0.9481966551,0.3158910985,0.0075398223,0.0012566370,0.2000000000,-1.3000000000,0.0000000000,-0.5000000000,0.2000000000,1.3000000000,0.0000000000,0.5000000000,-0.2675297583,-0.0443908788,-0.0142543106,0.3983758712,-0.1658365532,0.0610080196,-0.8384699156,-0.0890745372,-0.0649905570,1.2743724702,-0.0290506305,0.0289510302
2.4594895730,1.5936957999,0.3000000000,0.0250590620,0.0218382511,-0.9484631310,0.3151393711,0.0075398223,0.0012566370,0.2000000000,-1.3000000000,0.0000000000,-0.5000000000,0.2000000000,1.3000000000,0.0000000000,0.5000000000,-0.2925917560,-0.0389105060,-0.0074387744,0.4087510407,-0.1533440745,0.0593468780,-0.8114938618,-0.0880254820,-0.0638971552,1.3200007653,-0.0401129104,0.0404387619
2.4723682304,1.6032289444,0.3000000000,0.0242042771,0.0216659440,-0.9496912884,0.3114983092,0.0075398223,0.0012566370,0.2000000000,-1.3000000000,0.0000000000,-0.5000000000,0.2000000000,1.3000000000,0.0000000000,0.5000000000,-0.3114094912,-0.0310902577,-0.0009536889,0.4063567984,-0.1323358975,0.0580033474,-0.7729398659,-0.0898374915,-0.0654230565,1.3278963304,-0.0579318730,0.0441378155
2.4853348030,1.6126420959,0.3000000000,0.0240154094,0.0207405702,-0.9513510511,0.3064706616,0.0075398223,0.0012566370,0.2000000000,-1.3000000000,0.0000000000,-0.5000000000,0.2000000000,1.3000000000,0.0000000000,0.5000000000,-0.3278639814,-0.0275651726,-0.0080038587,0.3980839876,-0.1066850729,0.0566107534,-0.7198024625,-0.0918366753,-0.0662778144,1.3023013607,-0.0796546342,0.0408981939
2.4983888526,1.6219336304,0.3000000000,0.0234133088,0.0197497071,-0.9524706340,0.3030865511,0.0075398223,0.0012566370,0.2000000000,-1.3000000000,0.0000000000,-0.5000000000,0.2000000000,1.3000000000,0.0000000000,0.5000000000,-0.3391312261,-0.0213631776,-0.0157350466,0.3783302881,-0.0786161599,0.0505798456,-0.6494675982,-0.0932707712,-0.0692378134,1.2414225199,-0.1043562706,0.0372599662
2.5114721446,1.6311839984,0.3000000000,0.0231848388,0.0192820418,-0.9523258504,0.3035887691,0.0075398223,0.0012566370,0.2000000000,-1.3000000000,0.0000000000,-0.5000000000,0.2000000000,1.3000000000,0.0000000000,0.5000000000,-0.3404669166,-0.0177386124,-0.0369261357,0.3437434488,-0.0521073250,0.0415021165,-0.5668914196,-0.0886223212,-0.0770795584,1.1459282755,-0.1304433873,0.0350709834
2.5245166605,1.6404889066,0.3000000000,0.0233560136,0.0184629204,-0.9512512596,0.3069766412,0.0074535007,0.0012566370,0.2000000000,-1.3000000000,0.0000000000,-0.5000000000,0.2000000000,1.3000000000,0.0000000000,0.5000000000,-0.3361658735,-0.0162127111,-0.0615412801,0.2943376062,-0.0272789064,0.0276925471,-0.4730546209,-0.0828661136,-0.0846016519,1.0261040015,-0.1561674181,0.0300272603
2.5374697710,1.6499205606,0.3000000000,0.0242862330,0.0163341165,-0.9495600347,0.3122164571,0.0075398223,0.0012566370,0.2000000000,-1.3000000000,0.0000000000,-0.5000000000,0.2000000000,1.3000000000,0.0000000000,0.5000000000,-0.3320744634,-0.0154497596,-0.0777481985,0.2396033694,-0.0126397775,0.0141933787,-0.3774616515,-0.0686385310,-0.0847784298,0.8919181500,-0.1760672388,0.0235116770
2.5503214635,1.6594899952,0.3000000000,0.0267871212,0.0125891852,-0.9481167345,0.3165416565,0.0075398223,0.0012566370,0.2000000000,-1.3000000000,0.0000000000,-0.5000000000,0.2000000000,1.3000000000,0.0000000000,0.5000000000,-0.3370558207,-0.0201283809,-0.0908022744,0.2025302412,-0.0087834070,0.0051540620,-0.2978325672,-0.0518695816,-0.0696758346,0.7597107119,-0.1787615219,0.0247542317
2.5631026197,1.6691534934,0.3000000000,0.0311088244,0.0071707333,-0.9472280249,0.3189669114,0.0075398223,0.0012566370,0.2000000000,-1.3000000000,0.0000000000,-0.5000000000,0.2000000000,1.3000000000,0.0000000000,0.5000000000,-0.3620867455,-0.0258205623,-0.0927473693,0.2017250904,-0.0138466790,-0.0030504322,-0.2385953147,-0.0514503860,-0.0397489315,0.6373439267,-0.1720498790,0.0286187891
2.5758674830,1.6788385208,0.3000000000,0.0365405370,0.0028192692,-0.9477198722,0.3169919316,0.0075398223,0.0025132741,0.2000000000,-1.3000000000,0.0000000000,-0.5000000000,0.2000000000,1.3000000000,0.0000000000,0.5000000000,-0.4122000843,-0.0240423247,-0.0858413638,0.2492006099,-0.0256601214,-0.0189516263,-0.2137263606,-0.0566491187,-0.0219535760,0.5265579967,-0.1990218248,0.0286084774
2.5886903217,1.6884466362,0.3000000000,0.0390178524,0.0007442641,-0.9487211357,0.3136961267,0.0075398223,0.0018849556,0.2000000000,-1.3000000000,0.0000000000,-0.5000000000,0.2000000000,1.3000000000,0.0000000000,0.5000000000,-0.4825471809,-0.0172799889,-0.0746513544,0.3515595825,-0.0406884408,-0.0267857569,-0.2079406127,-0.0484838351,-0.0171299581,0.4514635209,-0.2202985092,0.0363447739
2.6015845840,1.6979586540,0.3000000000,0.0408302740,0.0006994849,-0.9499015230,0.3098701278,0.0075398223,0.0025132741,0.2000000000,-1.3000000000,0.0000000000,-0.5000000000,0.2000000000,1.3000000000,0.0000000000,0.5000000000,-0.5650610969,-0.0149035146,-0.0622064808,0.5001153441,-0.0552148388,-0.0161125727,-0.2091050178,-0.0377920458,-0.0303577534,0.4072466369,-0.2296095225,0.0221199213
2.6145390952,1.7073885075,0.3000000000,0.0406863266,0.0011673640,-0.9505665336,0.3078417210,0.0075398223,0.0018849556,0.2000000000,-1.3000000000,0.0000000000,-0.5000000000,0.2000000000,1.3000000000,0.0000000000,0.5000000000,-0.6426948819,-0.0062166117,-0.0529826344,0.6712710083,-0.0655092555,-0.0010379053,-0.2283980442,-0.0293311504,-0.0517748696,0.3919661343,-0.2217073186,0.0133511416
2.6275154745,1.7167882660,0.3000000000,0.0379569901,0.0020780135,-0.9505985451,0.3080866028,0.0075398223,0.0025132741,0.2000000000,-1.3000000000,0.0000000000,-0.5000000000,0.2000000000,1.3000000000,0.0000000000,0.5000000000,-0.7038879745,-0.0062943464,-0.0439132381,0.8392577450,-0.0712326276,0.0002070792,-0.2526895055,-0.0253681242,-0.0713905022,0.3946855135,-0.1851462002,0.0065150252
2.6404781908,1.7262068560,0.3000000000,0.0340966581,0.0007459550,-0.9504864611,0.3088888939,0.0075398223,0.0023885869,0.2000000000,-1.3000000000,0.0000000000,-0.5000000000,0.2000000000,1.3000000000,0.0000000000,0.5000000000,-0.7439864085,-0.0062943464,-0.0367366886,0.9894118017,-0.0762286008,0.0042447403,-0.2779019693,-0.0253681242,-0.0878514446,0.3961623609,-0.1464702784,-0.0073672442
2.6534404937,1.7356260098,0.3000000000,0.0301185869,-0.0014430249,-0.9509352996,0.3079169438,0.0075398223,0.0018849556,0.2000000000,-1.3000000000,0.0000000000,-0.5000000000,0.2000000000,1.3000000000,0.0000000000,0.5000000000,-0.7608529925,-0.0101821260,-0.0278924057,1.1068425038,-0.0786526318,0.0066489275,-0.2930745814,-0.0257495996,-0.0963955977,0.3906026276,-0.1124582748,-0.0134705392
2.6664398674,1.7449939139,0.3000000000,0.0264083883,-0.0039333064,-0.9517661360,0.3056605117,0.0075398223,0.0018849556,0.2000000000,-1.3000000000,0.0000000000,-0.5000000000,0.2000000000,1.3000000000,0.0000000000,0.5000000000,-0.7505850058,-0.0162826311,-0.0233908258,1.1829808362,-0.0820982968,0.0011806751,-0.3023892967,-0.0262009949,-0.0970855281,0.3724029115,-0.0813287628,-0.0143491333
2.6794733183,1.7543143741,0.3000000000,0.0237750700,-0.0066445645,-0.9520592486,0.3049160262,0.0075398223,0.0012566370,0.2000000000,-1.3000000000,0.0000000000,-0.5000000000,0.2000000000,1.3000000000,0.0000000000,0.5000000000,-0.7194408257,-0.0262499249,-0.0198491911,1.2141647305,-0.0949345102,-0.0039696660,-0.3061341345,-0.0284793536,-0.0986114293,0.3440688973,-0.0602303862,-0.0173907962
2.6924955479,1.7636504901,0.3000000000,0.0227269835,-0.0085547808,-0.9514547325,0.3068292553,0.0075398223,0.0000000000,0.2000000000,-1.3000000000,0.0000000000,-0.5000000000,0.2000000000,1.3000000000,0.0000000000,0.5000000000,-0.6728587749,-0.0378297915,-0.0142205163,1.2073486338,-0.1159524620,-0.0011875582,-0.3085077979,-0.0338454017,-0.1017480487,0.3083377571,-0.0443917294,-0.0155818467
2.7054615956,1.7730644237,0.3000000000,0.0224411536,-0.0090787322,-0.9502184303,0.3106427306,0.0075398223,0.0000000000,0.2000000000,-1.3000000000,0.0000000000,-0.5000000000,0.2000000000,1.3000000000,0.0000000000,0.5000000000,-0.6116942572,-0.0480449233,-0.0088798043,1.1715734795,-0.1401430653,0.0002607693,-0.3119411398,-0.0395675910,-0.1019598374,0.2732414578,-0.0299436468,-0.0096175986
2.7183305194,1.7826106284,0.3000000000,0.0226364518,-0.0091162800,-0.9484659500,0.3159380101,0.0075398223,0.0000000000,0.2000000000,-1.3000000000,0.0000000000,-0.5000000000,0.2000000000,1.3000000000,0.0000000000,0.5000000000,-0.5373952567,-0.0533597346,-0.0027171710,1.1092270791,-0.1673268495,0.0023446860,-0.3184852381,-0.0445138493,-0.0961067307,0.2399447458,-0.0194692885,0.0002983951
2.7311065819,1.7922808319,0.3000000000,0.0233679747,-0.0083034358,-0.9472973099,0.3193944228,0.0075398223,0.0000000000,0.2000000000,-1.3000000000,0.0000000000,-0.5000000000,0.2000000000,1.3000000000,0.0000000000,0.5000000000,-0.4523747240,-0.0617559602,-0.0013351644,1.0205518072,-0.1914168346,0.0029979325,-0.3315330115,-0.0459678024,-0.0819126567,0.2138293631,-0.0133087705,0.0092526322
2.7438512331,1.8019924617,0.3000000000,0.0246173697,-0.0066659356,-0.9473302967,0.3192410679,0.0075398223,0.0000000000,0.2000000000,-1.3000000000,0.0000000000,-0.5000000000,0.2000000000,1.3000000000,0.0000000000,0.5000000000,-0.3587479355,-0.0690139610,-0.0053075439,0.9111450586,-0.2000499947,0.0018560089,-0.3494441800,-0.0435213246,-0.0662522362,0.1937769956,-0.0170260727,0.0093268386
2.7566316139,1.8116569721,0.3000000000,0.0265888632,-0.0023151053,-0.9483465563,0.3161115022,0.0075398223,0.0000000000,0.2000000000,-1.3000000000,0.0000000000,-0.5000000000,0.2000000000,1.3000000000,0.0000000000,0.5000000000,-0.2565302466,-0.0672630419,-0.0205437270,0.7640491376,-0.1848170308,-0.0004766610,-0.3743063584,-0.0367786946,-0.0562676415,0.1852400793,-0.0250990702,0.0171426606
2.7694675322,1.8212476371,0.3000000000,0.0295130495,0.0062332504,-0.9487212010,0.3146715895,0.0075398223,0.0000000000,0.2000000000,-1.3000000000,0.0000000000,-0.5000000000,0.2000000000,1.3000000000,0.0000000000,0.5000000000,-0.1748313445,-0.0535288166,-0.0399783594,0.6127129198,-0.1514565071,0.0054617299,-0.4128854620,-0.0314488999,-0.0674674339,0.2010980450,-0.0323972919,0.0276114450
2.7822753630,1.8308756721,0.3000000000,0.0364817155,0.0147175783,-0.9470654108,0.3186213820,0.0075398223,0.0000000000,0.2000000000,-1.3000000000,0.0000000000,-0.5000000000,0.2000000000,1.3000000000,0.0000000000,0.5000000000,-0.1272869237,-0.0513480421,-0.0582146015,0.4696253746,-0.2018108780,0.0335275506,-0.4766032195,-0.0392199874,-0.0849574729,0.2526770658,-0.0360760720,0.0300644102
2.7950195638,1.8405878679,0.3000000000,0.0415672989,0.0187038975,-0.9460306688,0.3208555711,0.0075398223,0.0018849556,0.2000000000,-1.3000000000,0.0000000000,-0.5000000000,0.2000000000,1.3000000000,0.0000000000,0.5000000000,-0.0981506672,-0.0523760944,-0.0538252025,0.3634965862,-0.2363195535,0.0295382572,-0.5512050030,-0.0500129403,-0.0941873119,0.3375811763,-0.0422217919,0.0184599472
2.8077408956,1.8503300240,0.3000000000,0.0444503998,0.0211481027,-0.9459199795,0.3206435906,0.0081681414,0.0042868297,0.2000000000,-1.3000000000,0.0000000000,-0.5000000000,0.2000000000,1.3000000000,0.0000000000,0.5000000000,-0.0916772347,-0.0531482037,-0.0483242926,0.2929664319,-0.2527506216,0.0452941385,-0.6274421065,-0.0584888618,-0.0963902090,0.4495581894,-0.0456000293,0.0111825187
2.8204885522,1.8600376758,0.3000000000,0.0454321826,0.0211252968,-0.9467648832,0.3180029789,0.0075398223,0.0031415927,0.2000000000,-1.3000000000,0.0000000000,-0.5000000000,0.2000000000,1.3000000000,0.0000000000,0.5000000000,-0.1005679510,-0.0621333174,-0.0396488841,0.2598320445,-0.2551419875,0.0659135626,-0.7014184462,-0.0686901699,-0.0938901849,0.5975439677,-0.0437030268,0.0111407430
2.8333041730,1.8696554051,0.3000000000,0.0434954033,0.0186255876,-0.9479968959,0.3147429471,0.0075398223,0.0037699111,0.2000000000,-1.3000000000,0.0000000000,-0.5000000000,0.2000000000,1.3000000000,0.0000000000,0.5000000000,-0.1293731287,-0.0646601021,-0.0282115516,0.2657330006,-0.2209246645,0.0585949859,-0.7578717411,-0.0804395178,-0.0870282477,0.7588805587,-0.0400104295,0.0121069755
2.8461603641,1.8792188857,0.3000000000,0.0399599814,0.0188495928,-0.9482110592,0.3145531434,0.0075398223,0.0030330753,0.2000000000,-1.3000000000,0.0000000000,-0.5000000000,0.2000000000,1.3000000000,0.0000000000,0.5000000000,-0.1691461837,-0.0618580069,-0.0253681242,0.2953487138,-0.1929348423,0.0674498226,-0.8020141135,-0.0867856890,-0.0790902900,0.9204066019,-0.0341922237,0.0164010151
2.8589662950,1.8888494404,0.3000000000,0.0358599466,0.0196174862,-0.9467005091,0.3195111336,0.0069115036,0.0025132741,0.2000000000,-1.3000000000,0.0000000000,-0.5000000000,0.2000000000,1.3000000000,0.0000000000,0.5000000000,-0.2102319632,-0.0573441645,-0.0265125502,0.3365003676,-0.1764941287,0.0629338512,-0.8309346417,-0.0887609715,-0.0726031876,1.0709026985,-0.0257968732,0.0232615581
2.8716660111,1.8986196420,0.3000000000,0.0315945500,0.0209784058,-0.9451368727,0.3244656882,0.0075398223,0.0012566370,0.2000000000,-1.3000000000,0.0000000000,-0.5000000000,0.2000000000,1.3000000000,0.0000000000,0.5000000000,-0.2437743841,-0.0527046459,-0.0256198837,0.3711223628,-0.1648595961,0.0591250045,-0.8429999494,-0.0890745372,-0.0656748172,1.1935418446,-0.0213335368,0.0303416884
2.8842890605,1.9084887820,0.3000000000,0.0278656002,0.0219046601,-0.9443817382,0.3269355086,0.0075398223,0.0012566370,0.2000000000,-1.3000000000,0.0000000000,-0.5000000000,0.2000000000,1.3000000000,0.0000000000,0.5000000000,-0.2686985375,-0.0451497690,-0.0163738542,0.3948567854,-0.1539887667,0.0582323621,-0.8419420407,-0.0882565070,-0.0592643644,1.2720384459,-0.0275274257,0.0312154160
2.8969004541,1.9183728322,0.3000000000,0.0261591666,0.0224632206,-0.9449202945,0.3254792447,0.0075398223,0.0006283185,0.2000000000,-1.3000000000,0.0000000000,-0.5000000000,0.2000000000,1.3000000000,0.0000000000,0.5000000000,-0.2938228787,-0.0397532122,-0.0037835302,0.4034104049,-0.1413900464,0.0569131693,-0.8191008068,-0.0875486359,-0.0543602668,1.3162328056,-0.0393073704,0.0399474448
2.9095753719,1.9281752153,0.3000000000,0.0253239572,0.0221947104,-0.9463849132,0.3212813224,0.0075398223,0.0006283185,0.2000000000,-1.3000000000,0.0000000000,-0.5000000000,0.2000000000,1.3000000000,0.0000000000,0.5000000000,-0.3120218398,-0.0328872526,0.0032977331,0.4015030265,-0.1225827126,0.0554071113,-0.7850417838,-0.0890745372,-0.0555598819,1.3253264505,-0.0564601461,0.0452513006
2.9223458038,1.9378527803,0.3000000000,0.0248566076,0.0213773447,-0.9481878798,0.3160140863,0.0075398223,0.0006283185,0.2000000000,-1.3000000000,0.0000000000,-0.5000000000,0.2000000000,1.3000000000,0.0000000000,0.5000000000,-0.3280259326,-0.0276077451,0.0012366990,0.3929628477,-0.0997166993,0.0552797873,-0.7341249152,-0.0906004459,-0.0566983516,1.3046770261,-0.0783041138,0.0426899755
2.9352138785,1.9474002063,0.3000000000,0.0239832459,0.0203438928,-0.9494157146,0.3124431642,0.0075398223,0.0012566370,0.2000000000,-1.3000000000,0.0000000000,-0.5000000000,0.2000000000,1.3000000000,0.0000000000,0.5000000000,-0.3382355362,-0.0230218018,-0.0119223481,0.3748363866,-0.0727952058,0.0494994645,-0.6670050437,-0.0925078169,-0.0598158623,1.2499571348,-0.1024348604,0.0384475620
2.9481190523,1.9568974882,0.3000000000,0.0236427909,0.0197973707,-0.9494839309,0.3122968899,0.0075398223,0.0012566370,0.2000000000,-1.3000000000,0.0000000000,-0.5000000000,0.2000000000,1.3000000000,0.0000000000,0.5000000000,-0.3408484161,-0.0192080153,-0.0340995867,0.3421342627,-0.0475633879,0.0407231651,-0.5856571110,-0.0897809910,-0.0716961630,1.1590008879,-0.1287198085,0.0356214301
2.9609898377,1.9664412653,0.3000000000,0.0233450462,0.0192186351,-0.9483920757,0.3156550706,0.0075398223,0.0012566370,0.2000000000,-1.3000000000,0.0000000000,-0.5000000000,0.2000000000,1.3000000000,0.0000000000,0.5000000000,-0.3369897929,-0.0173132735,-0.0599641064,0.2959831509,-0.0251731234,0.0291229673,-0.4935303163,-0.0847905830,-0.0834401360,1.0431794529,-0.1553229731,0.0313579261
2.9737694211,1.9761067410,0.3000000000,0.0240097818,0.0173503598,-0.9466275503,0.3209653821,0.0075398223,0.0006283185,0.2000000000,-1.3000000000,0.0000000000,-0.5000000000,0.2000000000,1.3000000000,0.0000000000,0.5000000000,-0.3327905610,-0.0169756617,-0.0789620682,0.2426285498,-0.0114536017,0.0178135296,-0.4000909918,-0.0728183573,-0.0871671662,0.9113285605,-0.1767385214,0.0244870463
2.9864381496,1.9859170959,0.3000000000,0.0260342965,0.0136180070,-0.9450324538,0.3256538447,0.0081681414,0.0012566370,0.2000000000,-1.3000000000,0.0000000000,-0.5000000000,0.2000000000,1.3000000000,0.0000000000,0.5000000000,-0.3348768154,-0.0204529523,-0.0910699378,0.2035906065,-0.0093004128,0.0067548135,-0.3186055654,-0.0553726585,-0.0773662084,0.7807192271,-0.1843805930,0.0230976188
2.9990288712,1.9958274321,0.3000000000,0.0300833775,0.0082229242,-0.9440080995,0.3284449453,0.0075398223,0.0006773436,0.2000000000,-1.3000000000,0.0000000000,-0.5000000000,0.2000000000,1.3000000000,0.0000000000,0.5000000000,-0.3567270315,-0.0269237904,-0.0932112411,0.1963882297,-0.0155212611,-0.0027899399,-0.2534552676,-0.0502235629,-0.0472555877,0.6599241325,-0.1758705490,0.0304011632
3.0115844950,2.0057822341,0.3000000000,0.0357139557,0.0026727881,-0.9440976000,0.3277149543,0.0081681414,0.0013329948,0.2000000000,-1.3000000000,0.0000000000,-0.5000000000,0.2000000000,1.3000000000,0.0000000000,0.5000000000,-0.4027189673,-0.0288014039,-0.0866466096,0.2386844833,-0.0256583645,-0.0191571991,-0.2190186173,-0.0585564971,-0.0252290453,0.5456398446,-0.1929947144,0.0262451504
3.0241913208,2.0156720696,0.3000000000,0.0389140343,-0.0004156769,-0.9451268499,0.3243775003,0.0075398223,0.0031415927,0.2000000000,-1.3000000000,0.0000000000,-0.5000000000,0.2000000000,1.3000000000,0.0000000000,0.5000000000,-0.4712570192,-0.0252937108,-0.0767929065,0.3344467240,-0.0382187941,-0.0269583066,-0.2125610010,-0.0534856958,-0.0181200877,0.4622880624,-0.2218314204,0.0280658988
3.0368644070,2.0254768352,0.3000000000,0.0416231749,-0.0010805284,-0.9462987455,0.3206010418,0.0075398223,0.0024515227,0.2000000000,-1.3000000000,0.0000000000,-0.5000000000,0.2000000000,1.3000000000,0.0000000000,0.5000000000,-0.5541176245,-0.0173196455,-0.0660735357,0.4775403821,-0.0513556685,-0.0180113370,-0.2143859726,-0.0439479496,-0.0270814833,0.4134103029,-0.2356115999,0.0214790248
3.0496096825,2.0351876000,0.3000000000,0.0420745000,0.0001706476,-0.9472908645,0.3175999455,0.0075398223,0.0025132741,0.2000000000,-1.3000000000,0.0000000000,-0.5000000000,0.2000000000,1.3000000000,0.0000000000,0.5000000000,-0.6333390208,-0.0111490301,-0.0546720747,0.6475962945,-0.0599730932,-0.0006775217,-0.2311576135,-0.0328931359,-0.0488471283,0.3961623609,-0.2300447654,0.0121375428
3.0623942892,2.0448465699,0.3000000000,0.0406190977,0.0017597891,-0.9474275845,0.3173766914,0.0075398223,0.0025132741,0.2000000000,-1.3000000000,0.0000000000,-0.5000000000,0.2000000000,1.3000000000,0.0000000000,0.5000000000,-0.6979892732,-0.0047684442,-0.0474360557,0.8181693819,-0.0628662433,0.0068654326,-0.2533108171,-0.0276281522,-0.0697634186,0.3969253004,-0.1927588765,0.0039184583
3.0751597737,2.0545307899,0.3000000000,0.0373304137,0.0017069199,-0.9470509430,0.3189012982,0.0075398223,0.0025132741,0.2000000000,-1.3000000000,0.0000000000,-0.5000000000,0.2000000000,1.3000000000,0.0000000000,0.5000000000,-0.7418478519,-0.0070474913,-0.0390914369,0.9683374284,-0.0610782210,0.0031834129,-0.2779735714,-0.0253681242,-0.0875780545,0.3961623609,-0.1494732893,-0.0090607126
3.0879084520,2.0642371325,0.3000000000,0.0335661918,-0.0002574017,-0.9471733282,0.3189607043,0.0075398223,0.0025132741,0.2000000000,-1.3000000000,0.0000000000,-0.5000000000,0.2000000000,1.3000000000,0.0000000000,0.5000000000,-0.7596638365,-0.0085385121,-0.0361388163,1.0850450463,-0.0624016500,0.0032783378,-0.2972261200,-0.0265125502,-0.0959410965,0.3927737610,-0.1146936500,-0.0177427059
3.1006819379,2.0739107789,0.3000000000,0.0292232227,-0.0028304899,-0.9480519432,0.3167578010,0.0075398223,0.0025132741,0.2000000000,-1.3000000000,0.0000000000,-0.5000000000,0.2000000000,1.3000000000,0.0000000000,0.5000000000,-0.7500588118,-0.0151059004,-0.0299270218,1.1654803567,-0.0690249696,0.0016747254,-0.3096050089,-0.0272755008,-0.0967040509,0.3800275444,-0.0786444766,-0.0179540807
3.1135058587,2.0835174670,0.3000000000,0.0259488993,-0.0057096602,-0.9488385510,0.3146417941,0.0075398223,0.0025132741,0.2000000000,-1.3000000000,0.0000000000,-0.5000000000,0.2000000000,1.3000000000,0.0000000000,0.5000000000,-0.7197914582,-0.0250530902,-0.0284199286,1.1992347717,-0.0857700913,-0.0012663369,-0.3122377396,-0.0284642228,-0.0993965305,0.3555266196,-0.0537870076,-0.0199999412
3.1263423164,2.0931074164,0.3000000000,0.0234423417,-0.0081450347,-0.9485349027,0.3156986750,0.0075398223,0.0012566370,0.2000000000,-1.3000000000,0.0000000000,-0.5000000000,0.2000000000,1.3000000000,0.0000000000,0.5000000000,-0.6739700352,-0.0376713467,-0.0264645477,1.1937317448,-0.1079953238,-0.0020324923,-0.3107118309,-0.0337845862,-0.1032131345,0.3196272408,-0.0398803977,-0.0185438100
3.1391338840,2.1027571171,0.3000000000,0.0221056082,-0.0095471164,-0.9474786735,0.3189112069,0.0075398223,0.0006283185,0.2000000000,-1.3000000000,0.0000000000,-0.5000000000,0.2000000000,1.3000000000,0.0000000000,0.5000000000,-0.6174256080,-0.0505688871,-0.0199573348,1.1626476952,-0.1321453176,-0.0026471793,-0.3122611163,-0.0395060972,-0.1031891331,0.2841562611,-0.0284821131,-0.0160299153
3.1518465351,2.1125104939,0.3000000000,0.0219991817,-0.0094585309,-0.9459147767,0.3235302265,0.0075398223,0.0006283185,0.2000000000,-1.3000000000,0.0000000000,-0.5000000000,0.2000000000,1.3000000000,0.0000000000,0.5000000000,-0.5491335521,-0.0540391043,-0.0127392207,1.1068709203,-0.1570631828,-0.0007049085,-0.3210920824,-0.0444620061,-0.0981897426,0.2518439698,-0.0221213262,-0.0037645174
3.1644573381,2.1223952177,0.3000000000,0.0231859228,-0.0086227283,-0.9444237789,0.3277983945,0.0075398223,0.0006283185,0.2000000000,-1.3000000000,0.0000000000,-0.5000000000,0.2000000000,1.3000000000,0.0000000000,0.5000000000,-0.4733730876,-0.0612372257,-0.0070468980,1.0287911336,-0.1823396011,0.0033236628,-0.3359308187,-0.0482566580,-0.0886618686,0.2294055445,-0.0193552421,0.0047592813
3.1770171703,2.1323447131,0.3000000000,0.0243647953,-0.0070163497,-0.9441778708,0.3284589409,0.0075398223,0.0006283185,0.2000000000,-1.3000000000,0.0000000000,-0.5000000000,0.2000000000,1.3000000000,0.0000000000,0.5000000000,-0.3843062141,-0.0677462349,-0.0074387733,0.9251184117,-0.1948030502,0.0014221135,-0.3573376602,-0.0478751808,-0.0756714112,0.2126039748,-0.0230856901,0.0098698441
3.1895961600,2.1422699572,0.3000000000,0.0265979496,-0.0037923130,-0.9449017719,0.3262496112,0.0075398223,0.0006283185,0.2000000000,-1.3000000000,0.0000000000,-0.5000000000,0.2000000000,1.3000000000,0.0000000000,0.5000000000,-0.2920356877,-0.0684748590,-0.0174206723,0.7926589275,-0.1815529599,0.0054634986,-0.3821589586,-0.0447916106,-0.0669489577,0.2035013150,-0.0293944968,0.0103765151
3.2022309314,2.1521240882,0.3000000000,0.0285665028,0.0028275826,-0.9456570020,0.3238962708,0.0075398223,0.0006283185,0.2000000000,-1.3000000000,0.0000000000,-0.5000000000,0.2000000000,1.3000000000,0.0000000000,0.5000000000,-0.2075489481,-0.0585199433,-0.0364948831,0.6456724185,-0.1482729026,0.0068587500,-0.4160996075,-0.0379568152,-0.0723170311,0.2150345767,-0.0372267171,0.0235368605
3.2148646615,2.1619794916,0.3000000000,0.0335756556,0.0118322019,-0.9441577292,0.3275650419,0.0069234687,0.0018849556,0.2000000000,-1.3000000000,0.0000000000,-0.5000000000,0.2000000000,1.3000000000,0.0000000000,0.5000000000,-0.1569263404,-0.0543747956,-0.0589597639,0.5012098587,-0.1929120738,0.0336194267,-0.4729551692,-0.0440822173,-0.0868074823,0.2623879264,-0.0406368162,0.0291978093
3.2274330608,2.1719181548,0.3000000000,0.0376431268,0.0160064033,-0.9434204316,0.3290663753,0.0075398223,0.0037699111,0.2000000000,-1.3000000000,0.0000000000,-0.5000000000,0.2000000000,1.3000000000,0.0000000000,0.5000000000,-0.1252677541,-0.0543535584,-0.0581548949,0.3925747817,-0.2351175755,0.0294358181,-0.5439342558,-0.0559062931,-0.0955663351,0.3410161246,-0.0423924681,0.0209354295
3.2399783966,2.1818859228,0.3000000000,0.0410509873,0.0192297844,-0.9433008659,0.3288289955,0.0081681414,0.0043982295,0.2000000000,-1.3000000000,0.0000000000,-0.5000000000,0.2000000000,1.3000000000,0.0000000000,0.5000000000,-0.1161596458,-0.0555050317,-0.0501636919,0.3145214748,-0.2568453512,0.0460786582,-0.6227659638,-0.0654244199,-0.0951778088,0.4541579018,-0.0387912565,0.0176055591
3.2525542594,2.1918151254,0.3000000000,0.0425457680,0.0196093645,-0.9440063146,0.3265844584,0.0075398223,0.0043982295,0.2000000000,-1.3000000000,0.0000000000,-0.5000000000,0.2000000000,1.3000000000,0.0000000000,0.5000000000,-0.1310525584,-0.0662017213,-0.0421373387,0.2786600416,-0.2605714748,0.0706907491,-0.6937800766,-0.0742127048,-0.0913555376,0.5943052640,-0.0312219365,0.0218116973
3.2652018742,2.2016527042,0.3000000000,0.0412299117,0.0165033678,-0.9455501662,0.3224323440,0.0075398223,0.0043982295,0.2000000000,-1.3000000000,0.0000000000,-0.5000000000,0.2000000000,1.3000000000,0.0000000000,0.5000000000,-0.1550586246,-0.0684761022,-0.0295668409,0.2855294688,-0.2227476677,0.0565308656,-0.7490110909,-0.0883091039,-0.0844993197,0.7531675361,-0.0225052653,0.0175761939
3.2779041450,2.2114196955,0.3000000000,0.0380734349,0.0161730741,-0.9459369030,0.3217020682,0.0075398223,0.0043982295,0.2000000000,-1.3000000000,0.0000000000,-0.5000000000,0.2000000000,1.3000000000,0.0000000000,0.5000000000,-0.1912410786,-0.0673304349,-0.0291766147,0.3114183898,-0.1900966931,0.0684536738,-0.7939786901,-0.0963225737,-0.0757291601,0.9150749168,-0.0143242747,0.0213731554
3.2905616596,2.2212444862,0.3000000000,0.0325511921,0.0169448336,-0.9443397061,0.3269186628,0.0069115036,0.0031471156,0.2000000000,-1.3000000000,0.0000000000,-0.5000000000,0.2000000000,1.3000000000,0.0000000000,0.5000000000,-0.2282728808,-0.0631409071,-0.0329942812,0.3480662522,-0.1733452971,0.0682778777,-0.8188238723,-0.0997525003,-0.0688630424,1.0670504732,-0.0102098557,0.0249592024
3.3030943307,2.2312280013,0.3000000000,0.0279460280,0.0182418919,-0.9423741472,0.3328922043,0.0069115036,0.0025132741,0.2000000000,-1.3000000000,0.0000000000,-0.5000000000,0.2000000000,1.3000000000,0.0000000000,0.5000000000,-0.2582425000,-0.0574811273,-0.0307778404,0.3779913107,-0.1633936229,0.0649640409,-0.8294494996,-0.1008657558,-0.0635502072,1.1901905326,-0.0107277393,0.0320960709
3.3155292989,2.2413330747,0.3000000000,0.0242294125,0.0195114033,-0.9413510550,0.3359917142,0.0075398223,0.0025132741,0.2000000000,-1.3000000000,0.0000000000,-0.5000000000,0.2000000000,1.3000000000,0.0000000000,0.5000000000,-0.2821011543,-0.0520714112,-0.0253681242,0.3992141485,-0.1535539478,0.0629816353,-0.8234149814,-0.1005188078,-0.0593194477,1.2712672949,-0.0204122644,0.0383629166
