0.0000000000,0.0000000000,0.3000000000,0.0236673334,-0.0333094169,0.1780218361,0.9831777896,0.0075398223,-0.0069115036,0.2000000000,-1.3000000000,0.0000000000,-0.5000000000,0.2000000000,1.3000000000,0.0000000000,0.5000000000,-0.5708781481,0.0547417402,0.1161593050,1.1240177155,-0.2946715653,0.0518455915,-0.0898374915,-0.0154497596,-0.0288014039,0.4213397503,-0.2737164795,-0.0490100533
0.0000000000,0.0000000000,0.3000000000,0.0225206701,-0.0329339667,0.1797381277,0.9829050711,0.0075398223,-0.0069115036,0.2000000000,-1.3000000000,0.0000000000,-0.5000000000,0.2000000000,1.3000000000,0.0000000000,0.5000000000,-0.5598331064,0.0322524291,0.1102153822,0.9472348873,-0.3370944049,0.0478843440,-0.0160441652,-0.0147666534,-0.0371140205,0.3586713039,-0.2768788002,-0.0464478327
0.0000000000,0.0000000000,0.3000000000,0.0211541383,-0.0323387568,0.1824364161,0.9824579692,0.0075398223,-0.0069115036,0.2000000000,-1.3000000000,0.0000000000,-0.5000000000,0.2000000000,1.3000000000,0.0000000000,0.5000000000,-0.5389384320,0.0149296564,0.0987733283,0.7948285760,-0.3625476090,0.0422724770,0.0369854260,-0.0146868089,-0.0416906234,0.3211158866,-0.2817691875,-0.0425824368
0.0000000000,0.0000000000,0.3000000000,0.0192466943,-0.0314379408,0.1863059086,0.9818000453,0.0075398223,-0.0069115036,0.2000000000,-1.3000000000,0.0000000000,-0.5000000000,0.2000000000,1.3000000000,0.0000000000,0.5000000000,-0.5209533361,0.0007441973,0.0918308623,0.6658610036,-0.3764312045,0.0354555531,0.0717736634,-0.0143913248,-0.0410946138,0.3157945177,-0.2880828890,-0.0408142555
0.0000000000,0.0000000000,0.3000000000,0.0158639714,-0.0305306884,0.1882585740,0.9815166432,0.0073351798,-0.0069115036,0.2000000000,-1.3000000000,0.0000000000,-0.5000000000,0.2000000000,1.3000000000,0.0000000000,0.5000000000,-0.5051226424,-0.0010779349,0.0906004459,0.5678894519,-0.3830532161,0.0290943306,0.0799191296,-0.0123979552,-0.0376995871,0.3509347097,-0.2962889653,-0.0302197132
0.0000000000,0.0000000000,0.3000000000,0.0131022540,-0.0309829887,0.1837331394,0.9824003862,0.0086045089,-0.0050265482,0.2000000000,-1.3000000000,0.0000000000,-0.5000000000,0.2000000000,1.3000000000,0.0000000000,0.5000000000,-0.4924317035,-0.0048002993,0.0890745372,0.5289477183,-0.3588125556,0.0248558454,0.0691741010,-0.0162445657,-0.0273601867,0.4262888343,-0.2998135661,-0.0241535847
0.0000000000,0.0000000000,0.3000000000,0.0136767438,-0.0270808604,0.1770658314,0.9837312972,0.0075398223,-0.0094247777,0.2000000000,-1.3000000000,0.0000000000,-0.5000000000,0.2000000000,1.3000000000,0.0000000000,0.5000000000,-0.4594792452,-0.0117648473,0.0844928064,0.5505381672,-0.3287343388,0.0245854907,0.0317112832,-0.0304611765,-0.0154457329,0.5335338480,-0.2790547104,-0.0153176602
0.0000000000,0.0000000000,0.3000000000,0.0138982440,-0.0228460197,0.1705140219,0.9849923180,0.0075398223,-0.0087964591,0.2000000000,-1.3000000000,0.0000000000,-0.5000000000,0.2000000000,1.3000000000,0.0000000000,0.5000000000,-0.4461708448,-0.0181200877,0.0743710767,0.5592949896,-0.3142760500,0.0207951716,-0.0203366658,-0.0393438296,-0.0055665898,0.6606229309,-0.2391901398,-0.0096501206
0.0000000000,0.0000000000,0.3000000000,0.0106538660,-0.0203649629,0.1658349737,0.9858856551,0.0075398223,-0.0056548668,0.2000000000,-1.3000000000,0.0000000000,-0.5000000000,0.2000000000,1.3000000000,0.0000000000,0.5000000000,-0.4164862550,-0.0150682842,0.0559045406,0.5659879274,-0.2838181245,0.0307643574,-0.0939602353,-0.0381130805,-0.0020981156,0.8047319783,-0.2000641517,-0.0107244855
0.0000000000,0.0000000000,0.3000000000,0.0040817637,-0.0203598412,0.1628248479,0.9864364576,0.0075398223,-0.0056548668,0.2000000000,-1.3000000000,0.0000000000,-0.5000000000,0.2000000000,1.3000000000,0.0000000000,0.5000000000,-0.3924205436,-0.0062158153,0.0453563245,0.5757644105,-0.2165375089,0.0550797173,-0.1776777598,-0.0368123911,-0.0098061580,0.9647627123,-0.1568816137,-0.0199756709
0.0000000000,0.0000000000,0.3000000000,-0.0005151535,-0.0223161238,0.1593276229,0.9869733704,0.0075398223,-0.0018849556,0.2000000000,-1.3000000000,0.0000000000,-0.5000000000,0.2000000000,1.3000000000,0.0000000000,0.5000000000,-0.3907988624,-0.0075952609,0.0463492796,0.6115362027,-0.1543192808,0.0835802055,-0.2591407961,-0.0451591854,-0.0268255267,1.1288789132,-0.1256793813,-0.0344458684
0.0000000000,0.0000000000,0.3000000000,0.0027519953,-0.0215337722,0.1624994700,0.9864697894,0.0075398223,-0.0031415927,0.2000000000,-1.3000000000,0.0000000000,-0.5000000000,0.2000000000,1.3000000000,0.0000000000,0.5000000000,-0.3902882840,-0.0162127111,0.0368156218,0.6532736531,-0.1379535268,0.0814037263,-0.3504467259,-0.0647344632,-0.0393275449,1.2684999604,-0.1231099896,-0.0441342408
0.0000000000,0.0000000000,0.3000000000,0.0021989997,-0.0227010575,0.1658045085,0.9858948683,0.0075398223,-0.0025132741,0.2000000000,-1.3000000000,0.0000000000,-0.5000000000,0.2000000000,1.3000000000,0.0000000000,0.5000000000,-0.3720418358,-0.0148922859,0.0206438971,0.6647211313,-0.1102463527,0.0891662806,-0.4382113553,-0.0682988598,-0.0588790149,1.3676618344,-0.1537482529,-0.0595400012
0.0000000000,0.0000000000,0.3000000000,-0.0020250076,-0.0238816780,0.1663336758,0.9857782068,0.0075398223,-0.0025132741,0.2000000000,-1.3000000000,0.0000000000,-0.5000000000,0.2000000000,1.3000000000,0.0000000000,0.5000000000,-0.3444375703,-0.0030760133,0.0148238100,0.6550177211,-0.1068218395,0.0872153069,-0.5116525960,-0.0649045776,-0.0791077596,1.4021133184,-0.2085539985,-0.0688766708
0.0000000000,0.0000000000,0.3000000000,-0.0063986712,-0.0250339976,0.1655494290,0.9858629431,0.0075398223,-0.0031415927,0.2000000000,-1.3000000000,0.0000000000,-0.5000000000,0.2000000000,1.3000000000,0.0000000000,0.5000000000,-0.3136180574,0.0066837182,0.0205387319,0.6292202221,-0.0993800913,0.0792051859,-0.5644246481,-0.0644084210,-0.1053639875,1.3668404212,-0.2661716862,-0.0667808834
0.0000000000,0.0000000000,0.3000000000,-0.0089443351,-0.0256876900,0.1648534970,0.9859429324,0.0075398223,-0.0031415927,0.2000000000,-1.3000000000,0.0000000000,-0.5000000000,0.2000000000,1.3000000000,0.0000000000,0.5000000000,-0.2789811938,0.0087281167,0.0253681242,0.5925540774,-0.0879071628,0.0650988395,-0.5850460400,-0.0667123978,-0.1193560248,1.2691553156,-0.3001437825,-0.0566192042
0.0000000000,0.0000000000,0.3000000000,-0.0101146015,-0.0248179884,0.1666233600,0.9856563388,0.0069115036,-0.0043982295,0.2000000000,-1.3000000000,0.0000000000,-0.5000000000,0.2000000000,1.3000000000,0.0000000000,0.5000000000,-0.2369704996,0.0112535283,0.0262679460,0.5516878306,-0.0783110923,0.0536935227,-0.5815303417,-0.0636234117,-0.1158855615,1.1276982597,-0.3007840149,-0.0454267568
0.0000000000,0.0000000000,0.3000000000,-0.0093757656,-0.0235289207,0.1696376386,0.9851809765,0.0075398223,-0.0043982295,0.2000000000,-1.3000000000,0.0000000000,-0.5000000000,0.2000000000,1.3000000000,0.0000000000,0.5000000000,-0.1916972039,0.0116350045,0.0326147244,0.5132796705,-0.0761625171,0.0504240505,-0.5632515046,-0.0565224380,-0.1001402034,0.9682690770,-0.2810644921,-0.0418884109
0.0000000000,0.0000000000,0.3000000000,-0.0073035044,-0.0213590431,0.1707283949,0.9850595237,0.0075398223,-0.0037699111,0.2000000000,-1.3000000000,0.0000000000,-0.5000000000,0.2000000000,1.3000000000,0.0000000000,0.5000000000,-0.1526476832,0.0108720530,0.0444587461,0.4846478330,-0.0766149028,0.0487743466,-0.5368931588,-0.0460505382,-0.0730188748,0.8181050004,-0.2445121596,-0.0338769365
0.0000000000,0.0000000000,0.3000000000,-0.0048400461,-0.0200231151,0.1711741246,0.9850254148,0.0075398223,-0.0037699111,0.2000000000,-1.3000000000,0.0000000000,-0.5000000000,0.2000000000,1.3000000000,0.0000000000,0.5000000000,-0.1244975693,0.0092590162,0.0572919993,0.4788224804,-0.0785415161,0.0445064951,-0.5043929948,-0.0367252561,-0.0406930208,0.6871973759,-0.1955207168,-0.0285184119
0.0000000000,0.0000000000,0.3000000000,-0.0008003480,-0.0196824585,0.1720602145,0.9848894572,0.0075398223,-0.0031415927,0.2000000000,-1.3000000000,0.0000000000,-0.5000000000,0.2000000000,1.3000000000,0.0000000000,0.5000000000,-0.1083101826,0.0054581923,0.0652611894,0.5005825348,-0.0793981056,0.0359111209,-0.4698912613,-0.0345235355,-0.0137929115,0.5806387515,-0.1362520602,-0.0297365670
0.0000000000,0.0000000000,0.3000000000,0.0054409273,-0.0204281243,0.1742069988,0.9844821022,0.0075398223,-0.0031415927,0.2000000000,-1.3000000000,0.0000000000,-0.5000000000,0.2000000000,1.3000000000,0.0000000000,0.5000000000,-0.1079568628,-0.0002540774,0.0719714786,0.5498293235,-0.0775264655,0.0297647965,-0.4352657506,-0.0380201551,0.0090265775,0.5039327821,-0.0684174502,-0.0319508844
0.0000000000,0.0000000000,0.3000000000,0.0133842712,-0.0229656336,0.1789596513,0.9834972721,0.0075398223,-0.0025132741,0.2000000000,-1.3000000000,0.0000000000,-0.5000000000,0.2000000000,1.3000000000,0.0000000000,0.5000000000,-0.1308000600,-0.0083520571,0.0734340400,0.6279960976,-0.0805385792,0.0244087904,-0.3989191478,-0.0457366619,0.0346682279,0.4557590013,0.0169923122,-0.0364806475
0.0000000000,0.0000000000,0.3000000000,0.0225194171,-0.0270642131,0.1878192891,0.9815723707,0.0075398223,-0.0031415927,0.2000000000,-1.3000000000,0.0000000000,-0.5000000000,0.2000000000,1.3000000000,0.0000000000,0.5000000000,-0.1695371758,-0.0109332399,0.0734340400,0.7314076067,-0.0972333054,0.0163232572,-0.3644530550,-0.0675751825,0.0611512843,0.4325392721,0.1158172976,-0.0447089733
0.0000000000,0.0000000000,0.3000000000,0.0286048025,-0.0298813859,0.1961144234,0.9797081203,0.0081681414,-0.0031415927,0.2000000000,-1.3000000000,0.0000000000,-0.5000000000,0.2000000000,1.3000000000,0.0000000000,0.5000000000,-0.2176416109,-0.0021484074,0.0773039944,0.8503034569,-0.1309890468,0.0135203293,-0.3642839909,-0.0666729712,0.0779062606,0.4283718885,0.1001924341,-0.0275042421
0.0000000000,0.0000000000,0.3000000000,0.0234065568,-0.0296067483,0.1959749226,0.9798823415,0.0069115036,-0.0037699111,0.2000000000,-1.3000000000,0.0000000000,-0.5000000000,0.2000000000,1.3000000000,0.0000000000,0.5000000000,-0.2786672523,0.0217227742,0.0730102188,0.9568881327,-0.1766668094,0.0138571316,-0.3566586266,-0.0470698788,0.0942454812,0.4443976675,0.0715857891,0.0052406534
0.0000000000,0.0000000000,0.3000000000,0.0222368993,-0.0298892413,0.1957618566,0.9799435948,0.0075398223,-0.0030762340,0.2000000000,-1.3000000000,0.0000000000,-0.5000000000,0.2000000000,1.3000000000,0.0000000000,0.5000000000,-0.3414039580,0.0318532065,0.0688166543,1.0330190987,-0.2304338947,0.0112417090,-0.3404669166,-0.0470725483,0.1082276779,0.4494895650,0.0783753421,-0.0004002567
0.0000000000,0.0000000000,0.3000000000,0.0238008958,-0.0297552113,0.1954154480,0.9799800750,0.0075398223,-0.0006283185,0.2000000000,-1.3000000000,0.0000000000,-0.5000000000,0.2000000000,1.3000000000,0.0000000000,0.5000000000,-0.3824339275,0.0276554162,0.0650407984,1.0603105366,-0.2848405950,0.0106891393,-0.3416105747,-0.0425345227,0.1112009049,0.4427008210,0.0617718080,-0.0009796847
0.0000000000,0.0000000000,0.3000000000,0.0263370255,-0.0290514703,0.1925899537,0.9804955293,0.0075398223,-0.0018849556,0.2000000000,-1.3000000000,0.0000000000,-0.5000000000,0.2000000000,1.3000000000,0.0000000000,0.5000000000,-0.3773285426,0.0088029563,0.0677725567,1.0298108633,-0.3219680699,-0.0065451551,-0.3388197470,-0.0371938646,0.1166014267,0.4180251401,0.0509189459,-0.0023422030
0.0000000000,0.0000000000,0.3000000000,0.0294249133,-0.0300007613,0.1877629724,0.9813150335,0.0075398223,-0.0018849556,0.2000000000,-1.3000000000,0.0000000000,-0.5000000000,0.2000000000,1.3000000000,0.0000000000,0.5000000000,-0.3427578913,-0.0091695975,0.0663625637,0.9432613671,-0.3268464821,-0.0303053444,-0.2897916449,-0.0450282984,0.1211773373,0.3743615053,0.0367861825,-0.0086755120
0.0000000000,0.0000000000,0.3000000000,0.0316074529,-0.0342827722,0.1846253321,0.9817021683,0.0072305098,0.0012566370,0.2000000000,-1.3000000000,0.0000000000,-0.5000000000,0.2000000000,1.3000000000,0.0000000000,0.5000000000,-0.2952944386,-0.0186834734,0.0574179566,0.8345719201,-0.3177261361,-0.0272086087,-0.2371282545,-0.0509269871,0.1127319108,0.3237173230,0.0140880876,-0.0034542689
0.0000000000,0.0000000000,0.3000000000,0.0308394008,-0.0385248878,0.1851921928,0.9814624884,0.0069115036,-0.0006283185,0.2000000000,-1.3000000000,0.0000000000,-0.5000000000,0.2000000000,1.3000000000,0.0000000000,0.5000000000,-0.2601751352,-0.0263465432,0.0462998173,0.7122253822,-0.2982283480,-0.0290993006,-0.1949428168,-0.0498655624,0.1042010976,0.2788179660,-0.0106619389,0.0051404363
0.0000000000,0.0000000000,0.3000000000,0.0261211358,-0.0388276754,0.1904703292,0.9805769483,0.0069115036,-0.0043982295,0.2000000000,-1.3000000000,0.0000000000,-0.5000000000,0.2000000000,1.3000000000,0.0000000000,0.5000000000,-0.2424438740,-0.0368059242,0.0318629068,0.6144374885,-0.2786887763,-0.0242269220,-0.1874919982,-0.0436886509,0.0883277575,0.2481660093,-0.0287480186,0.0057488631
0.0000000000,0.0000000000,0.3000000000,0.0194458359,-0.0339898469,0.1953491063,0.9799516705,0.0069459823,-0.0043982295,0.2000000000,-1.3000000000,0.0000000000,-0.5000000000,0.2000000000,1.3000000000,0.0000000000,0.5000000000,-0.2328908145,-0.0349468793,0.0151729507,0.5437468446,-0.2699327931,-0.0145113418,-0.1988348357,-0.0330395008,0.0734968401,0.2409018129,-0.0460638908,0.0121486482
0.0000000000,0.0000000000,0.3000000000,0.0106464598,-0.0299949810,0.1973156046,0.9798232015,0.0069115036,-0.0043982295,0.2000000000,-1.3000000000,0.0000000000,-0.5000000000,0.2000000000,1.3000000000,0.0000000000,0.5000000000,-0.2423611148,-0.0247050610,-0.0079353575,0.4844011765,-0.2780658278,-0.0088487752,-0.2102838707,-0.0190162233,0.0605637627,0.2593610429,-0.0668095884,0.0151104922
0.0000000000,0.0000000000,0.3000000000,-0.0012772466,-0.0270683695,0.1995288027,0.9795171917,0.0069115036,-0.0043982295,0.2000000000,-1.3000000000,0.0000000000,-0.5000000000,0.2000000000,1.3000000000,0.0000000000,0.5000000000,-0.2521530687,-0.0158312358,-0.0360449084,0.4341903035,-0.2884367514,-0.0039492785,-0.2361265641,0.0003148761,0.0458436660,0.3002099239,-0.0808443658,0.0124865887
0.0000000000,0.0000000000,0.3000000000,-0.0066002843,-0.0255333489,0.1992606938,0.9795915783,0.0076185710,-0.0024345254,0.2000000000,-1.3000000000,0.0000000000,-0.5000000000,0.2000000000,1.3000000000,0.0000000000,0.5000000000,-0.2490084193,-0.0207426055,-0.0481610355,0.4282062948,-0.2672610522,0.0058673136,-0.2712753993,-0.0011917306,0.0312815029,0.3632099859,-0.0892859376,0.0004994003
0.0000000000,0.0000000000,0.3000000000,-0.0045450760,-0.0248308931,0.1967494610,0.9801287766,0.0075398223,-0.0050265482,0.2000000000,-1.3000000000,0.0000000000,-0.5000000000,0.2000000000,1.3000000000,0.0000000000,0.5000000000,-0.2394719046,-0.0268460255,-0.0520714112,0.4180984640,-0.2631258428,0.0015139757,-0.3068945458,-0.0153057595,0.0167861863,0.4487983995,-0.0972100305,-0.0178880711
0.0000000000,0.0000000000,0.3000000000,-0.0028317102,-0.0241893912,0.1987129048,0.9797550899,0.0062831854,-0.0043982295,0.2000000000,-1.3000000000,0.0000000000,-0.5000000000,0.2000000000,1.3000000000,0.0000000000,0.5000000000,-0.2285156150,-0.0320996855,-0.0527668631,0.4042408424,-0.2585284874,0.0024709998,-0.3402409230,-0.0263100531,0.0042079904,0.5391890865,-0.1021936770,-0.0266151784
0.0000000000,0.0000000000,0.3000000000,-0.0012014741,-0.0256059911,0.2035835799,0.9787219297,0.0075398223,-0.0043982295,0.2000000000,-1.3000000000,0.0000000000,-0.5000000000,0.2000000000,1.3000000000,0.0000000000,0.5000000000,-0.2156420041,-0.0345235355,-0.0539787896,0.4015777883,-0.2409172135,0.0041241073,-0.3703868651,-0.0322346836,0.0002655008,0.6227147222,-0.1066294531,-0.0267295034
0.0000000000,0.0000000000,0.3000000000,-0.0004133957,-0.0265274287,0.2065505903,0.9780761618,0.0075398223,-0.0055062287,0.2000000000,-1.3000000000,0.0000000000,-0.5000000000,0.2000000000,1.3000000000,0.0000000000,0.5000000000,-0.2062777772,-0.0341420621,-0.0539787896,0.3962526032,-0.2228241404,0.0032634738,-0.3930407945,-0.0326161608,-0.0035337741,0.6948494616,-0.1085523063,-0.0150062158
0.0000000000,0.0000000000,0.3000000000,0.0003276396,-0.0276973847,0.2076350633,0.9778141071,0.0075398223,-0.0056548668,0.2000000000,-1.3000000000,0.0000000000,-0.5000000000,0.2000000000,1.3000000000,0.0000000000,0.5000000000,-0.2033352312,-0.0341420621,-0.0543602668,0.3938735127,-0.2072124044,0.0052802449,-0.4062626941,-0.0341420621,-0.0055313953,0.7443147367,-0.1104520166,-0.0195730505
0.0000000000,0.0000000000,0.3000000000,0.0008651517,-0.0269613745,0.2097323790,0.9773866507,0.0075398223,-0.0061120444,0.2000000000,-1.3000000000,0.0000000000,-0.5000000000,0.2000000000,1.3000000000,0.0000000000,0.5000000000,-0.2016098201,-0.0318532065,-0.0576896400,0.3924515085,-0.1989439374,-0.0033263909,-0.4092364230,-0.0341420621,-0.0074387733,0.7662633846,-0.1102926329,-0.0164951138
0.0000000000,0.0000000000,0.3000000000,0.0015314266,-0.0235162840,0.2135795868,0.9766413872,0.0075398223,-0.0075398223,0.2000000000,-1.3000000000,0.0000000000,-0.5000000000,0.2000000000,1.3000000000,0.0000000000,0.5000000000,-0.2041701143,-0.0304373460,-0.0624226089,0.3916946820,-0.1972983316,-0.0064521464,-0.3970940323,-0.0370838249,-0.0070572975,0.7621661250,-0.1129917977,-0.0135879644
0.0000000000,0.0000000000,0.3000000000,0.0027687110,-0.0202003158,0.2180704038,0.9757200318,0.0075398223,-0.0062831854,0.2000000000,-1.3000000000,0.0000000000,-0.5000000000,0.2000000000,1.3000000000,0.0000000000,0.5000000000,-0.2050431073,-0.0303273052,-0.0735841405,0.3919661343,-0.1925083657,-0.0132212614,-0.3776326132,-0.0393670308,-0.0070572975,0.7256195849,-0.1193843927,-0.0030999087
0.0000000000,0.0000000000,0.3000000000,0.0043605605,-0.0168027325,0.2206642422,0.9751953373,0.0075398223,-0.0067042448,0.2000000000,-1.3000000000,0.0000000000,-0.5000000000,0.2000000000,1.3000000000,0.0000000000,0.5000000000,-0.2058060616,-0.0284199286,-0.0824636198,0.3915846348,-0.1884194211,-0.0139830167,-0.3422325950,-0.0398641936,-0.0052757545,0.6663490517,-0.1257175512,0.0072042154
0.0000000000,0.0000000000,0.3000000000,0.0060377386,-0.0129380789,0.2229096327,0.9747345523,0.0075398223,-0.0069115036,0.2000000000,-1.3000000000,0.0000000000,-0.5000000000,0.2000000000,1.3000000000,0.0000000000,0.5000000000,-0.2094841745,-0.0262677155,-0.0851231464,0.3912031651,-0.1873789859,-0.0168111887,-0.3013969375,-0.0391012430,-0.0036240178,0.5935843266,-0.1374475636,0.0095229638
0.0000000000,0.0000000000,0.3000000000,0.0077511519,-0.0087721654,0.2246803379,0.9743622091,0.0075398223,-0.0069115036,0.2000000000,-1.3000000000,0.0000000000,-0.5000000000,0.2000000000,1.3000000000,0.0000000000,0.5000000000,-0.2138801168,-0.0232384718,-0.0895190873,0.3933328142,-0.1870807468,-0.0330581551,-0.2638564453,-0.0358271654,-0.0024795912,0.5166816256,-0.1685145917,0.0092968699
0.0000000000,0.0000000000,0.3000000000,0.0093568159,-0.0028388979,0.2252405154,0.9742541254,0.0075398223,-0.0069115036,0.2000000000,-1.3000000000,0.0000000000,-0.5000000000,0.2000000000,1.3000000000,0.0000000000,0.5000000000,-0.2283720087,-0.0215533692,-0.0917448699,0.4009397732,-0.1853932562,-0.0458504669,-0.2277729000,-0.0309904076,0.0015758272,0.4472442332,-0.1978105889,0.0147425405
0.0000000000,0.0000000000,0.3000000000,0.0094964942,0.0032981730,0.2243807392,0.9744497024,0.0075398223,-0.0056548668,0.2000000000,-1.3000000000,0.0000000000,-0.5000000000,0.2000000000,1.3000000000,0.0000000000,0.5000000000,-0.2472394472,-0.0185015649,-0.0864779350,0.4241703788,-0.1832587626,-0.0592892689,-0.2083203679,-0.0222383100,0.0059128711,0.3952390990,-0.2105242105,0.0203363775
0.0000000000,0.0000000000,0.3000000000,0.0072026358,0.0079317997,0.2250511379,0.9742880446,0.0069115036,-0.0053897295,0.2000000000,-1.3000000000,0.0000000000,-0.5000000000,0.2000000000,1.3000000000,0.0000000000,0.5000000000,-0.2779887836,-0.0160517365,-0.0771473510,0.4637078417,-0.1786080858,-0.0645272450,-0.1927344440,-0.0146868089,0.0049294190,0.3615847382,-0.1907062162,0.0208689068
0.0000000000,0.0000000000,0.3000000000,0.0073377420,0.0115916367,0.2268611235,0.9738304894,0.0069115036,-0.0050265482,0.2000000000,-1.3000000000,0.0000000000,-0.5000000000,0.2000000000,1.3000000000,0.0000000000,0.5000000000,-0.3134797649,-0.0093217504,-0.0671030955,0.5211000713,-0.1773867248,-0.0649493698,-0.1769436491,-0.0143053327,0.0043869689,0.3237629428,-0.1679965375,0.0122646457
0.0000000000,0.0000000000,0.3000000000,0.0079999040,0.0142314309,0.2287200316,0.9733553385,0.0075398223,-0.0050265482,0.2000000000,-1.3000000000,0.0000000000,-0.5000000000,0.2000000000,1.3000000000,0.0000000000,0.5000000000,-0.3465716128,-0.0066758222,-0.0511170493,0.5813707624,-0.1773950378,-0.0698120438,-0.1565949072,-0.0131609067,0.0040054931,0.2897293227,-0.1533690749,0.0091297037
0.0000000000,0.0000000000,0.3000000000,0.0089264489,0.0151385590,0.2290224386,0.9732624852,0.0075398223,-0.0050265482,0.2000000000,-1.3000000000,0.0000000000,-0.5000000000,0.2000000000,1.3000000000,0.0000000000,0.5000000000,-0.3749797293,-0.0040054931,-0.0358651424,0.6360846930,-0.1749497560,-0.0733447780,-0.1329571072,-0.0137309729,0.0043869689,0.2535119758,-0.1374125333,0.0086843634
0.0000000000,0.0000000000,0.3000000000,0.0097813482,0.0154934830,0.2278640519,0.9735205448,0.0075398223,-0.0043982295,0.2000000000,-1.3000000000,0.0000000000,-0.5000000000,0.2000000000,1.3000000000,0.0000000000,0.5000000000,-0.3932176118,0.0001349508,-0.0235165328,0.6720204448,-0.1750445068,-0.0735643432,-0.1098415802,-0.0150682842,0.0040054931,0.2198181155,-0.1241509370,0.0043613966
0.0000000000,0.0000000000,0.3000000000,0.0101620548,0.0156830310,0.2269647346,0.9737236694,0.0075398223,-0.0050265482,0.2000000000,-1.3000000000,0.0000000000,-0.5000000000,0.2000000000,1.3000000000,0.0000000000,0.5000000000,-0.4016529316,0.0073571123,-0.0132425671,0.6813561326,-0.1757042009,-0.0740133939,-0.0853548585,-0.0159811431,0.0017983008,0.1910235895,-0.1115842128,0.0035081535
0.0000000000,0.0000000000,0.3000000000,0.0095009876,0.0152749014,0.2276496909,0.9735769239,0.0075398223,-0.0050265482,0.2000000000,-1.3000000000,0.0000000000,-0.5000000000,0.2000000000,1.3000000000,0.0000000000,0.5000000000,-0.4001348114,0.0145291124,-0.0075964691,0.6673711845,-0.1754272721,-0.0744539674,-0.0638310736,-0.0169756617,-0.0077744427,0.1672567480,-0.1000464371,0.0002864722
0.0000000000,0.0000000000,0.3000000000,0.0086067607,0.0145729726,0.2299043501,0.9730660522,0.0075398223,-0.0050265482,0.2000000000,-1.3000000000,0.0000000000,-0.5000000000,0.2000000000,1.3000000000,0.0000000000,0.5000000000,-0.3821814270,0.0220397255,-0.0016117589,0.6337074893,-0.1746913098,-0.0741263984,-0.0510986986,-0.0178434934,-0.0169088294,0.1481652016,-0.0937602335,-0.0011337107
0.0000000000,0.0000000000,0.3000000000,0.0066893822,0.0148836715,0.2330505970,0.9723276956,0.0075398223,-0.0050265482,0.2000000000,-1.3000000000,0.0000000000,-0.5000000000,0.2000000000,1.3000000000,0.0000000000,0.5000000000,-0.3569310918,0.0258779038,0.0022264200,0.5831392367,-0.1722622116,-0.0748676689,-0.0446950734,-0.0185015649,-0.0246693257,0.1386663616,-0.0933040694,0.0004757575
0.0000000000,0.0000000000,0.3000000000,0.0039790249,0.0146976090,0.2343870486,0.9720241042,0.0075398223,-0.0050265482,0.2000000000,-1.3000000000,0.0000000000,-0.5000000000,0.2000000000,1.3000000000,0.0000000000,0.5000000000,-0.3296304983,0.0338276582,0.0097946993,0.5205946649,-0.1684100515,-0.0735119923,-0.0394827202,-0.0173571371,-0.0291828793,0.1430638068,-0.0962640750,0.0014491110
0.0000000000,0.0000000000,0.3000000000,-0.0001056689,0.0142855529,0.2349692164,0.9718978234,0.0075398223,-0.0050265482,0.2000000000,-1.3000000000,0.0000000000,-0.5000000000,0.2000000000,1.3000000000,0.0000000000,0.5000000000,-0.2971657450,0.0369320657,0.0116350045,0.4568095470,-0.1568343441,-0.0663272625,-0.0442997755,-0.0139238574,-0.0299458299,0.1623926158,-0.1017919655,0.0007091217
0.0000000000,0.0000000000,0.3000000000,-0.0052870730,0.0135945111,0.2362001172,0.9715949469,0.0075398223,-0.0050265482,0.2000000000,-1.3000000000,0.0000000000,-0.5000000000,0.2000000000,1.3000000000,0.0000000000,0.5000000000,-0.2680714225,0.0432550518,0.0083571649,0.4003022482,-0.1327433253,-0.0626958853,-0.0632753912,-0.0115219868,-0.0303273052,0.1993773217,-0.1128593556,0.0056578231
0.0000000000,0.0000000000,0.3000000000,-0.0112186057,0.0139569296,0.2376252515,0.9711918383,0.0075398223,-0.0050265482,0.2000000000,-1.3000000000,0.0000000000,-0.5000000000,0.2000000000,1.3000000000,0.0000000000,0.5000000000,-0.2474728699,0.0478751808,-0.0003877398,0.3550239036,-0.1195668413,-0.0485248836,-0.0990304885,-0.0118320065,-0.0304258066,0.2590782790,-0.1314953710,0.0082568481
0.0000000000,0.0000000000,0.3000000000,-0.0135346483,0.0167296320,0.2408939495,0.9703128556,0.0075398223,-0.0043982295,0.2000000000,-1.3000000000,0.0000000000,-0.5000000000,0.2000000000,1.3000000000,0.0000000000,0.5000000000,-0.2408234712,0.0395508346,-0.0087398797,0.3227521578,-0.1348489110,-0.0251103448,-0.1493783515,-0.0230894944,-0.0310902577,0.3360084472,-0.1465351029,0.0093921410
0.0000000000,0.0000000000,0.3000000000,-0.0133232219,0.0197199503,0.2445496676,0.9693446628,0.0075398223,-0.0043982295,0.2000000000,-1.3000000000,0.0000000000,-0.5000000000,0.2000000000,1.3000000000,0.0000000000,0.5000000000,-0.2357550512,0.0251180191,-0.0120790061,0.3020692716,-0.1370903598,-0.0235047955,-0.2099208113,-0.0385883973,-0.0302647790,0.4224589073,-0.1522195570,0.0064785766
0.0000000000,0.0000000000,0.3000000000,-0.0110432723,0.0212300560,0.2462917021,0.9689002675,0.0075398223,-0.0031415927,0.2000000000,-1.3000000000,0.0000000000,-0.5000000000,0.2000000000,1.3000000000,0.0000000000,0.5000000000,-0.2293956620,0.0091605070,-0.0166560676,0.2891635575,-0.1341150946,-0.0153255135,-0.2696158689,-0.0526385322,-0.0284199286,0.5136779525,-0.1539772839,0.0074532280
0.0000000000,0.0000000000,0.3000000000,-0.0090548596,0.0215469412,0.2472775014,0.9686627773,0.0075398223,-0.0043982295,0.2000000000,-1.3000000000,0.0000000000,-0.5000000000,0.2000000000,1.3000000000,0.0000000000,0.5000000000,-0.2240729882,-0.0018044183,-0.0188830402,0.2793430594,-0.1288934346,-0.0031097610,-0.3212446421,-0.0628405090,-0.0280384533,0.6047384187,-0.1533932883,0.0091778450
0.0000000000,0.0000000000,0.3000000000,-0.0072932936,0.0210304702,0.2495152932,0.9681149961,0.0075398223,-0.0043982295,0.2000000000,-1.3000000000,0.0000000000,-0.5000000000,0.2000000000,1.3000000000,0.0000000000,0.5000000000,-0.2199206501,-0.0097646673,-0.0204089414,0.2755790390,-0.1242205522,0.0069850741,-0.3702850279,-0.0711822323,-0.0268569844,0.6899504610,-0.1549731758,0.0094772498
0.0000000000,0.0000000000,0.3000000000,-0.0061868223,0.0205403862,0.2528473822,0.9672683273,0.0075398223,-0.0031415927,0.2000000000,-1.3000000000,0.0000000000,-0.5000000000,0.2000000000,1.3000000000,0.0000000000,0.5000000000,-0.2183947563,-0.0151104176,-0.0231214038,0.2729036290,-0.1196094736,0.0149421770,-0.4145551726,-0.0761043727,-0.0253681242,0.7631372733,-0.1579465410,0.0145898194
0.0000000000,0.0000000000,0.3000000000,-0.0055857312,0.0206862548,0.2560476221,0.9664266623,0.0075398223,-0.0037699111,0.2000000000,-1.3000000000,0.0000000000,-0.5000000000,0.2000000000,1.3000000000,0.0000000000,0.5000000000,-0.2183947563,-0.0177386124,-0.0291893572,0.2702754140,-0.1165272340,0.0171592220,-0.4522910984,-0.0761043727,-0.0226848393,0.8139298833,-0.1625123086,0.0220919617
0.0000000000,0.0000000000,0.3000000000,-0.0050680199,0.0208895379,0.2591164235,0.9656068669,0.0075398223,-0.0037699111,0.2000000000,-1.3000000000,0.0000000000,-0.5000000000,0.2000000000,1.3000000000,0.0000000000,0.5000000000,-0.2191576958,-0.0188830402,-0.0341420621,0.2676050961,-0.1127883789,0.0205606821,-0.4732367668,-0.0749435895,-0.0161799930,0.8333333135,-0.1675528052,0.0236392132
0.0000000000,0.0000000000,0.3000000000,-0.0041998317,0.0205616520,0.2616581653,0.9649324248,0.0075398223,-0.0031415927,0.2000000000,-1.3000000000,0.0000000000,-0.5000000000,0.2000000000,1.3000000000,0.0000000000,0.5000000000,-0.2206729996,-0.0184909597,-0.0356785684,0.2649347782,-0.1125478297,0.0201479439,-0.4701261999,-0.0741969943,-0.0127794305,0.8183603695,-0.1779718717,0.0214503157
0.0000000000,0.0000000000,0.3000000000,-0.0032275967,0.0196004412,0.2641905577,0.9642659149,0.0075398223,-0.0031415927,0.2000000000,-1.3000000000,0.0000000000,-0.5000000000,0.2000000000,1.3000000000,0.0000000000,0.5000000000,-0.2187762260,-0.0177386124,-0.0409122979,0.2656977177,-0.1136113111,0.0190459920,-0.4529097149,-0.0749117867,-0.0134942203,0.7723049083,-0.1907320678,0.0165436704
0.0000000000,0.0000000000,0.3000000000,-0.0013407298,0.0196614558,0.2656588528,0.9638656564,0.0075398223,-0.0037583739,0.2000000000,-1.3000000000,0.0000000000,-0.5000000000,0.2000000000,1.3000000000,0.0000000000,0.5000000000,-0.2172573222,-0.0181200877,-0.0467237484,0.2660791874,-0.1168051328,0.0138718019,-0.4217842620,-0.0745784715,-0.0169686571,0.7041461978,-0.2060915483,0.0172550129
0.0000000000,0.0000000000,0.3000000000,0.0011797023,0.0206942404,0.2675812932,0.9633123108,0.0075398223,-0.0037699111,0.2000000000,-1.3000000000,0.0000000000,-0.5000000000,0.2000000000,1.3000000000,0.0000000000,0.5000000000,-0.2172503173,-0.0185015649,-0.0515888080,0.2660791874,-0.1228049187,0.0032294223,-0.3833669249,-0.0730525702,-0.0200274661,0.6288304575,-0.2191740947,0.0167985986
0.0000000000,0.0000000000,0.3000000000,0.0047844437,0.0227603042,0.2695005434,0.9627193437,0.0075398223,-0.0037699111,0.2000000000,-1.3000000000,0.0000000000,-0.5000000000,0.2000000000,1.3000000000,0.0000000000,0.5000000000,-0.2187377146,-0.0230407585,-0.0596239005,0.2686725091,-0.1280660117,-0.0090415605,-0.3405475905,-0.0745399593,-0.0185400769,0.5476924621,-0.2259877052,0.0156037073
0.0000000000,0.0000000000,0.3000000000,0.0095188878,0.0260414172,0.2711516949,0.9621372011,0.0075398223,-0.0043982295,0.2000000000,-1.3000000000,0.0000000000,-0.5000000000,0.2000000000,1.3000000000,0.0000000000,0.5000000000,-0.2303753805,-0.0301573649,-0.0626960836,0.2821427695,-0.1345980747,-0.0213012854,-0.2964007412,-0.0817132140,-0.0128927241,0.4656360671,-0.2234225285,0.0160478838
0.0000000000,0.0000000000,0.3000000000,0.0120701008,0.0282719860,0.2726588519,0.9616195495,0.0075398223,0.0000000000,0.2000000000,-1.3000000000,0.0000000000,-0.5000000000,0.2000000000,1.3000000000,0.0000000000,0.5000000000,-0.2485772193,-0.0281726840,-0.0668818421,0.3167730170,-0.1414471435,-0.0383649191,-0.2805293530,-0.0759242413,-0.0153155288,0.4085250214,-0.2147053149,0.0308400096
0.0000000000,0.0000000000,0.3000000000,0.0083662367,0.0300487344,0.2737807834,0.9612862021,0.0069115036,-0.0043982295,0.2000000000,-1.3000000000,0.0000000000,-0.5000000000,0.2000000000,1.3000000000,0.0000000000,0.5000000000,-0.2769766980,-0.0160655623,-0.0662641185,0.3687470126,-0.1472118983,-0.0444451095,-0.2564732624,-0.0617645173,-0.0181200877,0.3792393530,-0.1968550033,0.0245123937
0.0000000000,0.0000000000,0.3000000000,0.0075140553,0.0306441559,0.2749223277,0.9609485878,0.0075398223,-0.0018849556,0.2000000000,-1.3000000000,0.0000000000,-0.5000000000,0.2000000000,1.3000000000,0.0000000000,0.5000000000,-0.3005988004,-0.0052651475,-0.0574915060,0.4161422561,-0.1524234568,-0.0267289214,-0.2466239482,-0.0572610509,-0.0165941864,0.3555391429,-0.1788917435,0.0270246837
0.0000000000,0.0000000000,0.3000000000,0.0074163953,0.0303974606,0.2768422251,0.9604058381,0.0075398223,-0.0018849556,0.2000000000,-1.3000000000,0.0000000000,-0.5000000000,0.2000000000,1.3000000000,0.0000000000,0.5000000000,-0.3096708896,-0.0064333441,-0.0419460887,0.4515087591,-0.1567693346,-0.0230079139,-0.2438501272,-0.0433329918,-0.0143053327,0.3503852785,-0.1682358593,0.0237541375
0.0000000000,0.0000000000,0.3000000000,0.0056883323,0.0286478698,0.2786688636,0.9599430227,0.0075398223,-0.0025132741,0.2000000000,-1.3000000000,0.0000000000,-0.5000000000,0.2000000000,1.3000000000,0.0000000000,0.5000000000,-0.3115480558,-0.0030884389,-0.0362768115,0.4680338732,-0.1606673016,-0.0243954454,-0.2307485048,-0.0358953365,-0.0109453218,0.3471793899,-0.1656119353,0.0256080772
0.0000000000,0.0000000000,0.3000000000,0.0059470988,0.0255843518,0.2788041176,0.9599887171,0.0075398223,-0.0025132741,0.2000000000,-1.3000000000,0.0000000000,-0.5000000000,0.2000000000,1.3000000000,0.0000000000,0.5000000000,-0.2910073266,-0.0026619697,-0.0339429642,0.4605815577,-0.1667475359,-0.0110300355,-0.2187427888,-0.0274411615,-0.0036072991,0.3393057891,-0.1674622297,0.0244948957
0.0000000000,0.0000000000,0.3000000000,0.0051708403,0.0218699443,0.2752179607,0.9611191612,0.0075398223,-0.0018849556,0.2000000000,-1.3000000000,0.0000000000,-0.5000000000,0.2000000000,1.3000000000,0.0000000000,0.5000000000,-0.2599984652,-0.0015281905,-0.0286129546,0.4303250027,-0.1667879113,-0.0121292911,-0.2020004579,-0.0217463952,0.0038078907,0.3313160857,-0.1669559599,0.0234284194
0.0000000000,0.0000000000,0.3000000000,0.0044729303,0.0187406868,0.2706457964,0.9624861726,0.0075398223,-0.0025132741,0.2000000000,-1.3000000000,0.0000000000,-0.5000000000,0.2000000000,1.3000000000,0.0000000000,0.5000000000,-0.2261879133,0.0044810538,-0.0258140347,0.3900638839,-0.1594449181,-0.0169416031,-0.1887685266,-0.0128438662,0.0119520447,0.3206946269,-0.1686911153,0.0216540987
0.0000000000,0.0000000000,0.3000000000,0.0021150224,0.0156293361,0.2660992421,0.9638166028,0.0075398223,-0.0025132741,0.2000000000,-1.3000000000,0.0000000000,-0.5000000000,0.2000000000,1.3000000000,0.0000000000,0.5000000000,-0.1967309201,0.0131341485,-0.0177653701,0.3476713930,-0.1499950335,-0.0182864546,-0.1705864698,-0.0067025797,0.0146868089,0.3092394527,-0.1718665568,0.0162683067
0.0000000000,0.0000000000,0.3000000000,0.0002370780,0.0136704791,0.2625836689,0.9648123541,0.0075398223,-0.0025132741,0.2000000000,-1.3000000000,0.0000000000,-0.5000000000,0.2000000000,1.3000000000,0.0000000000,0.5000000000,-0.1769731696,0.0188830402,-0.0143053327,0.3092025866,-0.1480865777,-0.0187966805,-0.1540846343,-0.0022490400,0.0162127111,0.2950000372,-0.1741421455,0.0154977873
0.0000000000,0.0000000000,0.3000000000,-0.0009800496,0.0132887231,0.2625900905,0.9648154713,0.0075398223,-0.0025132741,0.2000000000,-1.3000000000,0.0000000000,-0.5000000000,0.2000000000,1.3000000000,0.0000000000,0.5000000000,-0.1617494654,0.0177386124,-0.0167362813,0.2795806035,-0.1480108133,-0.0186408835,-0.1402895488,-0.0028610667,0.0140211429,0.2788624541,-0.1729721541,0.0190451700
0.0000000000,0.0000000000,0.3000000000,-0.0018942200,0.0147019578,0.2647301800,0.9642085854,0.0075398223,-0.0025132741,0.2000000000,-1.3000000000,0.0000000000,-0.5000000000,0.2000000000,1.3000000000,0.0000000000,0.5000000000,-0.1489336192,0.0181200877,-0.0207904167,0.2592854828,-0.1484075338,-0.0175003279,-0.1330496700,-0.0047684442,0.0054988114,0.2636197271,-0.1734401882,0.0190259237
0.0000000000,0.0000000000,0.3000000000,-0.0030672443,0.0158527635,0.2665202450,0.9636940598,0.0075398223,-0.0025132741,0.2000000000,-1.3000000000,0.0000000000,-0.5000000000,0.2000000000,1.3000000000,0.0000000000,0.5000000000,-0.1383639961,0.0177386124,-0.0211718921,0.2437268428,-0.1489314288,-0.0166219417,-0.1264591366,-0.0056069864,-0.0011048710,0.2517378233,-0.1742569623,0.0207433510
0.0000000000,0.0000000000,0.3000000000,-0.0039173979,0.0171934584,0.2668968125,0.9635637656,0.0075398223,-0.0025132741,0.2000000000,-1.3000000000,0.0000000000,-0.5000000000,0.2000000000,1.3000000000,0.0000000000,0.5000000000,-0.1285160989,0.0162127111,-0.0215533692,0.2389944345,-0.1487276256,-0.0162035506,-0.1284824677,-0.0086991500,-0.0083176740,0.2429587603,-0.1744004196,0.0220512371
0.0000000000,0.0000000000,0.3000000000,-0.0045233916,0.0188660906,0.2663313041,0.9636862799,0.0075398223,-0.0025132741,0.2000000000,-1.3000000000,0.0000000000,-0.5000000000,0.2000000000,1.3000000000,0.0000000000,0.5000000000,-0.1254267696,0.0150682842,-0.0211718921,0.2389944345,-0.1485237479,-0.0157853663,-0.1279850453,-0.0135423820,-0.0109841073,0.2388823774,-0.1742782137,0.0238074242
0.0000000000,0.0000000000,0.3000000000,-0.0048215712,0.0200844144,0.2667652908,0.9635401644,0.0075398223,-0.0025132741,0.2000000000,-1.3000000000,0.0000000000,-0.5000000000,0.2000000000,1.3000000000,0.0000000000,0.5000000000,-0.1283665150,0.0126849490,-0.0211718921,0.2401388586,-0.1480651518,-0.0148462073,-0.1268406212,-0.0143998144,-0.0171646246,0.2368000552,-0.1739511192,0.0251333453
0.0000000000,0.0000000000,0.3000000000,-0.0050025114,0.0212744993,0.2673733632,0.9633451382,0.0075398223,-0.0025132741,0.2000000000,-1.3000000000,0.0000000000,-0.5000000000,0.2000000000,1.3000000000,0.0000000000,0.5000000000,-0.1295227190,0.0093461508,-0.0211718921,0.2447400997,-0.1477641463,-0.0132579328,-0.1279850453,-0.0158312358,-0.0192762806,0.2382432451,-0.1739511192,0.0251333453
0.0000000000,0.0000000000,0.3000000000,-0.0047025719,0.0224466777,0.2683928193,0.9630365138,0.0075398223,-0.0025132741,0.2000000000,-1.3000000000,0.0000000000,-0.5000000000,0.2000000000,1.3000000000,0.0000000000,0.5000000000,-0.1337478923,0.0051499200,-0.0207904167,0.2520460223,-0.1473549732,-0.0124243651,-0.1287479997,-0.0158719481,-0.0200681784,0.2401388586,-0.1745597571,0.0264265295
0.0000000000,0.0000000000,0.3000000000,-0.0046101290,0.0235636515,0.2695097450,0.9626982904,0.0075398223,-0.0025132741,0.2000000000,-1.3000000000,0.0000000000,-0.5000000000,0.2000000000,1.3000000000,0.0000000000,0.5000000000,-0.1383319620,0.0047684442,-0.0207904167,0.2596411828,-0.1467408985,-0.0111746322,-0.1291294694,-0.0165941864,-0.0216004401,0.2412832826,-0.1758383249,0.0281385318
0.0000000000,0.0000000000,0.3000000000,-0.0049409146,0.0245502451,0.2705467685,0.9623810674,0.0075398223,-0.0025132741,0.2000000000,-1.3000000000,0.0000000000,-0.5000000000,0.2000000000,1.3000000000,0.0000000000,0.5000000000,-0.1413366944,0.0040054931,-0.0207904167,0.2665518644,-0.1463310272,-0.0103426315,-0.1295565559,-0.0169756617,-0.0246507762,0.2424733104,-0.1770751769,0.0307881623
0.0000000000,0.0000000000,0.3000000000,-0.0049345107,0.0254957506,0.2710019981,0.9622284211,0.0075398223,-0.0025132741,0.2000000000,-1.3000000000,0.0000000000,-0.5000000000,0.2000000000,1.3000000000,0.0000000000,0.5000000000,-0.1440070122,0.0036240178,-0.0204089414,0.2710383832,-0.1459208280,-0.0095113860,-0.1306553781,-0.0177386124,-0.0272949562,0.2470443287,-0.1788712714,0.0315840566
0.0000000000,0.0000000000,0.3000000000,-0.0045846976,0.0261222471,0.2713379601,0.9621186622,0.0075398223,-0.0025132741,0.2000000000,-1.3000000000,0.0000000000,-0.5000000000,0.2000000000,1.3000000000,0.0000000000,0.5000000000,-0.1436255425,0.0032329969,-0.0204089414,0.2718013227,-0.1450943298,-0.0078408034,-0.1325723018,-0.0185015649,-0.0284294740,0.2527466295,-0.1802021265,0.0324044563
0.0000000000,0.0000000000,0.3000000000,-0.0041778239,0.0266358256,0.2723279048,0.9618266948,0.0075398223,-0.0025132741,0.2000000000,-1.3000000000,0.0000000000,-0.5000000000,0.2000000000,1.3000000000,0.0000000000,0.5000000000,-0.1432440728,0.0021092909,-0.0204089414,0.2718013227,-0.1438650156,-0.0053664626,-0.1337071806,-0.0185015649,-0.0291828793,0.2576867342,-0.1810681722,0.0332500828
0.0000000000,0.0000000000,0.3000000000,-0.0038117080,0.0273083428,0.2733372122,0.9615230074,0.0075398223,-0.0025132741,0.2000000000,-1.3000000000,0.0000000000,-0.5000000000,0.2000000000,1.3000000000,0.0000000000,0.5000000000,-0.1428625882,0.0020981156,-0.0207904167,0.2718013227,-0.1434529126,-0.0045397272,-0.1344701350,-0.0185015649,-0.0301738713,0.2588311732,-0.1822138336,0.0336729610
0.0000000000,0.0000000000,0.3000000000,-0.0036572841,0.0285290028,0.2736310331,0.9614045860,0.0075398223,-0.0025132741,0.2000000000,-1.3000000000,0.0000000000,-0.5000000000,0.2000000000,1.3000000000,0.0000000000,0.5000000000,-0.1436255425,0.0020981156,-0.0211718921,0.2718013227,-0.1434529126,-0.0045397272,-0.1356145591,-0.0181200877,-0.0303273052,0.2584496737,-0.1831370279,0.0336145673
0.0000000000,0.0000000000,0.3000000000,-0.0036007991,0.0298292416,0.2731284705,0.9615082367,0.0075398223,-0.0025132741,0.2000000000,-1.3000000000,0.0000000000,-0.5000000000,0.2000000000,1.3000000000,0.0000000000,0.5000000000,-0.1447699666,0.0024795912,-0.0211718921,0.2718013227,-0.1434529126,-0.0045397272,-0.1382615039,-0.0173571371,-0.0299458299,0.2588077843,-0.1833537668,0.0340841711
0.0000000000,0.0000000000,0.3000000000,-0.0036776087,0.0313768626,0.2722959621,0.9616947940,0.0075398223,-0.0025132741,0.2000000000,-1.3000000000,0.0000000000,-0.5000000000,0.2000000000,1.3000000000,0.0000000000,0.5000000000,-0.1481715245,0.0028610667,-0.0211718921,0.2718013227,-0.1429881006,-0.0045656217,-0.1427991322,-0.0165941864,-0.0299458299,0.2599755824,-0.1841350652,0.0327716474
0.0000000000,0.0000000000,0.3000000000,-0.0039357759,0.0333385882,0.2713304390,0.9619006399,0.0075398223,-0.0025132741,0.2000000000,-1.3000000000,0.0000000000,-0.5000000000,0.2000000000,1.3000000000,0.0000000000,0.5000000000,-0.1516106204,0.0039795872,-0.0223163199,0.2714198530,-0.1427293718,-0.0050044637,-0.1481773472,-0.0162127111,-0.0299458299,0.2641459034,-0.1851437766,0.0318505191
0.0000000000,0.0000000000,0.3000000000,-0.0040615025,0.0347621032,0.2709328453,0.9619617943,0.0075398223,-0.0025132741,0.2000000000,-1.3000000000,0.0000000000,-0.5000000000,0.2000000000,1.3000000000,0.0000000000,0.5000000000,-0.1543068588,0.0040054931,-0.0252636564,0.2714198530,-0.1422646195,-0.0050302041,-0.1504921019,-0.0158312358,-0.0299458299,0.2686972979,-0.1861009151,0.0317929648
0.0000000000,0.0000000000,0.3000000000,-0.0037829721,0.0352969071,0.2716315711,0.9617463839,0.0075398223,-0.0025132741,0.2000000000,-1.3000000000,0.0000000000,-0.5000000000,0.2000000000,1.3000000000,0.0000000000,0.5000000000,-0.1550698131,0.0036670174,-0.0321056848,0.2718013227,-0.1413583641,-0.0051284752,-0.1504921019,-0.0158312358,-0.0310902577,0.2725642920,-0.1884618875,0.0308364399
0.0000000000,0.0000000000,0.3000000000,-0.0033055305,0.0348658642,0.2733074634,0.9612889656,0.0075398223,-0.0025132741,0.2000000000,-1.3000000000,0.0000000000,-0.5000000000,0.2000000000,1.3000000000,0.0000000000,0.5000000000,-0.1539253891,0.0036240178,-0.0337605849,0.2718013227,-0.1411293149,-0.0046692360,-0.1508735716,-0.0158312358,-0.0322346836,0.2725642920,-0.1928235846,0.0320472767
0.0000000000,0.0000000000,0.3000000000,-0.0029293492,0.0346112346,0.2746210848,0.9609249404,0.0075398223,-0.0025132741,0.2000000000,-1.3000000000,0.0000000000,-0.5000000000,0.2000000000,1.3000000000,0.0000000000,0.5000000000,-0.1527809501,0.0036240178,-0.0345235355,0.2721827924,-0.1411293149,-0.0046692360,-0.1501106322,-0.0158312358,-0.0326161608,0.2721827924,-0.1961091332,0.0328512579
0.0000000000,0.0000000000,0.3000000000,-0.0027452890,0.0348061935,0.2752859026,0.9607281947,0.0075398223,-0.0025132741,0.2000000000,-1.3000000000,0.0000000000,-0.5000000000,0.2000000000,1.3000000000,0.0000000000,0.5000000000,-0.1531624347,0.0032425423,-0.0370995271,0.2721827924,-0.1411293149,-0.0046692360,-0.1504921019,-0.0162127111,-0.0326161608,0.2729457617,-0.1965797395,0.0328386836
0.0000000000,0.0000000000,0.3000000000,-0.0027173708,0.0349140719,0.2760012566,0.9605190939,0.0075398223,-0.0025132741,0.2000000000,-1.3000000000,0.0000000000,-0.5000000000,0.2000000000,1.3000000000,0.0000000000,0.5000000000,-0.1542278058,0.0032425423,-0.0413110441,0.2721827924,-0.1411293149,-0.0046692360,-0.1504921019,-0.0162127111,-0.0326161608,0.2733272314,-0.1967399140,0.0331897735
0.0000000000,0.0000000000,0.3000000000,-0.0028583677,0.0350459529,0.2775358808,0.9600715837,0.0075398223,-0.0025132741,0.2000000000,-1.3000000000,0.0000000000,-0.5000000000,0.2000000000,1.3000000000,0.0000000000,0.5000000000,-0.1558327675,0.0032425423,-0.0444419011,0.2721827924,-0.1411293149,-0.0046692360,-0.1504921019,-0.0158312358,-0.0326161608,0.2737087011,-0.1972526461,0.0332687274
0.0000000000,0.0000000000,0.3000000000,-0.0029891092,0.0352716244,0.2790679633,0.9596187001,0.0075398223,-0.0025132741,0.2000000000,-1.3000000000,0.0000000000,-0.5000000000,0.2000000000,1.3000000000,0.0000000000,0.5000000000,-0.1565957069,0.0032425423,-0.0444419011,0.2718013227,-0.1411293149,-0.0046692360,-0.1515210022,-0.0158312358,-0.0327316857,0.2751190861,-0.1981275628,0.0341427710
0.0000000000,0.0000000000,0.3000000000,-0.0029358807,0.0354045049,0.2793931722,0.9595193364,0.0075398223,-0.0025132741,0.2000000000,-1.3000000000,0.0000000000,-0.5000000000,0.2000000000,1.3000000000,0.0000000000,0.5000000000,-0.1568656057,0.0032425423,-0.0444419011,0.2718013227,-0.1411293149,-0.0046692360,-0.1538138032,-0.0162127111,-0.0326161608,0.2766489370,-0.1988004010,0.0345744434
0.0000000000,0.0000000000,0.3000000000,-0.0029458865,0.0356615107,0.2785661696,0.9597502110,0.0075398223,-0.0025132741,0.2000000000,-1.3000000000,0.0000000000,-0.5000000000,0.2000000000,1.3000000000,0.0000000000,0.5000000000,-0.1576413774,0.0032425423,-0.0444419011,0.2718013227,-0.1411292840,-0.0046693285,-0.1572598967,-0.0165941864,-0.0318532065,0.2800950113,-0.1992713660,0.0345625691
0.0000000000,0.0000000000,0.3000000000,-0.0029895868,0.0363086272,0.2774802628,0.9600403376,0.0075398223,-0.0025132741,0.2000000000,-1.3000000000,0.0000000000,-0.5000000000,0.2000000000,1.3000000000,0.0000000000,0.5000000000,-0.1596475095,0.0032425423,-0.0444419011,0.2718013227,-0.1413352638,-0.0050816494,-0.1640085217,-0.0169756617,-0.0318532065,0.2864621773,-0.1992713660,0.0345625691
0.0000000000,0.0000000000,0.3000000000,-0.0030443972,0.0371535900,0.2768551049,0.9601883114,0.0075398223,-0.0025132741,0.2000000000,-1.3000000000,0.0000000000,-0.5000000000,0.2000000000,1.3000000000,0.0000000000,0.5000000000,-0.1619363725,0.0028610667,-0.0448233783,0.2718013227,-0.1413352638,-0.0050816494,-0.1683047429,-0.0180033816,-0.0318532065,0.2922843114,-0.2004001105,0.0342224030
0.0000000000,0.0000000000,0.3000000000,-0.0028454055,0.0370495881,0.2772980086,0.9600651260,0.0075398223,-0.0025132741,0.2000000000,-1.3000000000,0.0000000000,-0.5000000000,0.2000000000,1.3000000000,0.0000000000,0.5000000000,-0.1615548879,0.0020981156,-0.0452048518,0.2718013227,-0.1411293149,-0.0046692360,-0.1677811098,-0.0185015649,-0.0318532065,0.2920195460,-0.2015594164,0.0354057315
0.0000000000,0.0000000000,0.3000000000,-0.0027035656,0.0363132263,0.2782677018,0.9598130685,0.0075398223,-0.0025132741,0.2000000000,-1.3000000000,0.0000000000,-0.5000000000,0.2000000000,1.3000000000,0.0000000000,0.5000000000,-0.1607919484,0.0020981156,-0.0471122302,0.2721827924,-0.1411293149,-0.0046692360,-0.1661325991,-0.0185015649,-0.0318532065,0.2912565768,-0.2031720206,0.0379200579
0.0000000000,0.0000000000,0.3000000000,-0.0026182761,0.0356946337,0.2789600629,0.9596355147,0.0075398223,-0.0025132741,0.2000000000,-1.3000000000,0.0000000000,-0.5000000000,0.2000000000,1.3000000000,0.0000000000,0.5000000000,-0.1604104638,0.0017166400,-0.0496288146,0.2721827924,-0.1411293149,-0.0046692360,-0.1657511294,-0.0185015649,-0.0320809390,0.2912565768,-0.2042339805,0.0392219708
0.0000000000,0.0000000000,0.3000000000,-0.0024581490,0.0354581282,0.2796373793,0.9594475570,0.0075398223,-0.0025132741,0.2000000000,-1.3000000000,0.0000000000,-0.5000000000,0.2000000000,1.3000000000,0.0000000000,0.5000000000,-0.1607919484,0.0009536889,-0.0534284130,0.2721827924,-0.1412204346,-0.0048520353,-0.1657511294,-0.0188830402,-0.0322346836,0.2912565768,-0.2052078082,0.0386804410
0.0000000000,0.0000000000,0.3000000000,-0.0023429062,0.0352055415,0.2805040400,0.9592041306,0.0075398223,-0.0025132741,0.2000000000,-1.3000000000,0.0000000000,-0.5000000000,0.2000000000,1.3000000000,0.0000000000,0.5000000000,-0.1617823767,0.0009536889,-0.0561136501,0.2721827924,-0.1411293149,-0.0046692360,-0.1657511294,-0.0188830402,-0.0329976343,0.2916380465,-0.2064596469,0.0378197953
0.0000000000,0.0000000000,0.3000000000,-0.0023378072,0.0349979634,0.2812957259,0.9589798704,0.0075398223,-0.0025132741,0.2000000000,-1.3000000000,0.0000000000,-0.5000000000,0.2000000000,1.3000000000,0.0000000000,0.5000000000,-0.1619363725,0.0007311036,-0.0562676415,0.2721827924,-0.1411293149,-0.0046692360,-0.1657511294,-0.0188830402,-0.0337605849,0.2920195460,-0.2082505921,0.0358883619
0.0000000000,0.0000000000,0.3000000000,-0.0021285152,0.0345740224,0.2817424141,0.9588645986,0.0075398223,-0.0025132741,0.2000000000,-1.3000000000,0.0000000000,-0.5000000000,0.2000000000,1.3000000000,0.0000000000,0.5000000000,-0.1619363725,0.0001907378,-0.0570305958,0.2721827924,-0.1413878798,-0.0042309421,-0.1657511294,-0.0188830402,-0.0341420621,0.2929899321,-0.2102257883,0.0345406795
0.0000000000,0.0000000000,0.3000000000,-0.0018856965,0.0342712451,0.2819734974,0.9588080479,0.0075398223,-0.0025132741,0.2000000000,-1.3000000000,0.0000000000,-0.5000000000,0.2000000000,1.3000000000,0.0000000000,0.5000000000,-0.1619363725,-0.0001907378,-0.0574120693,0.2721827924,-0.1413878798,-0.0042309421,-0.1653696448,-0.0192645155,-0.0345235355,0.2931639552,-0.2107903361,0.0347339623
0.0000000000,0.0000000000,0.3000000000,-0.0018562153,0.0341771907,0.2820628363,0.9587851847,0.0075398223,-0.0025132741,0.2000000000,-1.3000000000,0.0000000000,-0.5000000000,0.2000000000,1.3000000000,0.0000000000,0.5000000000,-0.1619363725,-0.0001907378,-0.0574120693,0.2721827924,-0.1413878798,-0.0042309421,-0.1653696448,-0.0192645155,-0.0345235355,0.2927824855,-0.2107903361,0.0347339623
0.0000000000,0.0000000000,0.3000000000,-0.0018262785,0.0340146837,0.2820436626,0.9587966616,0.0075398223,-0.0025132741,0.2000000000,-1.3000000000,0.0000000000,-0.5000000000,0.2000000000,1.3000000000,0.0000000000,0.5000000000,-0.1619363725,-0.0001907378,-0.0577935465,0.2721827924,-0.1413878798,-0.0042309421,-0.1653696448,-0.0192645155,-0.0349050127,0.2931639552,-0.2107903361,0.0347339623
0.0000000000,0.0000000000,0.3000000000,-0.0018782373,0.0339861393,0.2821009556,0.9587807181,0.0075398223,-0.0025132741,0.2000000000,-1.3000000000,0.0000000000,-0.5000000000,0.2000000000,1.3000000000,0.0000000000,0.5000000000,-0.1619363725,-0.0001907378,-0.0577935465,0.2721827924,-0.1413878798,-0.0042309421,-0.1653696448,-0.0192645155,-0.0356679633,0.2931639552,-0.2107903361,0.0347339623
0.0000000000,0.0000000000,0.3000000000,-0.0019014934,0.0339836491,0.2822838210,0.9587269373,0.0075398223,-0.0025132741,0.2000000000,-1.3000000000,0.0000000000,-0.5000000000,0.2000000000,1.3000000000,0.0000000000,0.5000000000,-0.1619363725,-0.0001907378,-0.0581750199,0.2721827924,-0.1413878798,-0.0042309421,-0.1653696448,-0.0196459908,-0.0371938646,0.2931639552,-0.2106966237,0.0345265956
0.0000000000,0.0000000000,0.3000000000,-0.0019215880,0.0340363466,0.2826756433,0.9586095740,0.0075398223,-0.0025132741,0.2000000000,-1.3000000000,0.0000000000,-0.5000000000,0.2000000000,1.3000000000,0.0000000000,0.5000000000,-0.1619363725,-0.0001907378,-0.0589379705,0.2721827924,-0.1413878798,-0.0042309421,-0.1649881750,-0.0200274661,-0.0391012430,0.2931639552,-0.2110599428,0.0342737287
0.0000000000,0.0000000000,0.3000000000,-0.0019214893,0.0341287587,0.2832761716,0.9584289991,0.0075398223,-0.0025132741,0.2000000000,-1.3000000000,0.0000000000,-0.5000000000,0.2000000000,1.3000000000,0.0000000000,0.5000000000,-0.1623178422,-0.0001907378,-0.0593194477,0.2721827924,-0.1413878798,-0.0042309421,-0.1646067053,-0.0204089414,-0.0402456708,0.2931639552,-0.2109370522,0.0340018162
0.0000000000,0.0000000000,0.3000000000,-0.0019070326,0.0342992187,0.2838469681,0.9582540506,0.0075398223,-0.0025132741,0.2000000000,-1.3000000000,0.0000000000,-0.5000000000,0.2000000000,1.3000000000,0.0000000000,0.5000000000,-0.1623178422,-0.0005722133,-0.0604638755,0.2721827924,-0.1411293149,-0.0046692360,-0.1646067053,-0.0211718921,-0.0410086215,0.2931639552,-0.2109832491,0.0341041374
0.0000000000,0.0000000000,0.3000000000,-0.0018491019,0.0345503780,0.2841706033,0.9581492162,0.0075398223,-0.0025132741,0.2000000000,-1.3000000000,0.0000000000,-0.5000000000,0.2000000000,1.3000000000,0.0000000000,0.5000000000,-0.1630807966,-0.0005722133,-0.0625073475,0.2721827924,-0.1411293149,-0.0046692360,-0.1646067053,-0.0219348446,-0.0413900986,0.2931639552,-0.2113294303,0.0338133238
0.0000000000,0.0000000000,0.3000000000,-0.0017982912,0.0349137887,0.2846400141,0.9579967932,0.0075398223,-0.0025132741,0.2000000000,-1.3000000000,0.0000000000,-0.5000000000,0.2000000000,1.3000000000,0.0000000000,0.5000000000,-0.1642252207,-0.0013351644,-0.0654230565,0.2729457617,-0.1411293149,-0.0046692360,-0.1646067053,-0.0234607458,-0.0418905063,0.2939268947,-0.2113294303,0.0338133238
0.0000000000,0.0000000000,0.3000000000,-0.0017265643,0.0352105110,0.2855088089,0.9577274972,0.0075398223,-0.0025132741,0.2000000000,-1.3000000000,0.0000000000,-0.5000000000,0.2000000000,1.3000000000,0.0000000000,0.5000000000,-0.1657511294,-0.0028610667,-0.0673304349,0.2748531401,-0.1411293149,-0.0046692360,-0.1646067053,-0.0242236964,-0.0429159999,0.2952120685,-0.2113294303,0.0338133238
0.0000000000,0.0000000000,0.3000000000,-0.0015327692,0.0352703263,0.2862768440,0.9574963307,0.0075398223,-0.0025132741,0.2000000000,-1.3000000000,0.0000000000,-0.5000000000,0.2000000000,1.3000000000,0.0000000000,0.5000000000,-0.1665140837,-0.0047684442,-0.0677119121,0.2780382013,-0.1411293149,-0.0046692360,-0.1653696448,-0.0253681242,-0.0432974733,0.2982564247,-0.2120043188,0.0342511050
0.0000000000,0.0000000000,0.3000000000,-0.0010842221,0.0349774190,0.2866209185,0.9574047491,0.0075398223,-0.0025132741,0.2000000000,-1.3000000000,0.0000000000,-0.5000000000,0.2000000000,1.3000000000,0.0000000000,0.5000000000,-0.1676585078,-0.0064173235,-0.0680933818,0.2831100738,-0.1411293149,-0.0046692360,-0.1661325991,-0.0261310749,-0.0432974733,0.3035867716,-0.2134409743,0.0349802203
0.0000000000,0.0000000000,0.3000000000,-0.0005954085,0.0343783583,0.2867535171,0.9573871706,0.0075398223,-0.0025132741,0.2000000000,-1.3000000000,0.0000000000,-0.5000000000,0.2000000000,1.3000000000,0.0000000000,0.5000000000,-0.1684214473,-0.0074387733,-0.0684748590,0.2875515400,-0.1413878798,-0.0042309421,-0.1657511294,-0.0268940255,-0.0432974733,0.3073882724,-0.2145012940,0.0355580409
0.0000000000,0.0000000000,0.3000000000,-0.0002933845,0.0336779188,0.2868662060,0.9573784474,0.0075398223,-0.0025132741,0.2000000000,-1.3000000000,0.0000000000,-0.5000000000,0.2000000000,1.3000000000,0.0000000000,0.5000000000,-0.1680399776,-0.0078202486,-0.0684748590,0.2889677286,-0.1413878798,-0.0042309421,-0.1649881750,-0.0272755008,-0.0432974733,0.3084229827,-0.2149060816,0.0364599191
0.0000000000,0.0000000000,0.3000000000,-0.0003049799,0.0336565964,0.2868196634,0.9573931383,0.0075398223,-0.0025132741,0.2000000000,-1.3000000000,0.0000000000,-0.5000000000,0.2000000000,1.3000000000,0.0000000000,0.5000000000,-0.1680399776,-0.0078202486,-0.0688563362,0.2889677286,-0.1413878798,-0.0042309421,-0.1646067053,-0.0272755008,-0.0432974733,0.3075493774,-0.2149060816,0.0364599191
0.0000000000,0.0000000000,0.3000000000,-0.0005457694,0.0338847530,0.2869443946,0.9573476067,0.0075398223,-0.0025132741,0.2000000000,-1.3000000000,0.0000000000,-0.5000000000,0.2000000000,1.3000000000,0.0000000000,0.5000000000,-0.1684214473,-0.0078202486,-0.0692378134,0.2885862589,-0.1416463405,-0.0037924810,-0.1646067053,-0.0272755008,-0.0432974733,0.3061341345,-0.2151082456,0.0369113311
0.0000000000,0.0000000000,0.3000000000,-0.0007125723,0.0342008339,0.2871160678,0.9572847846,0.0075398223,-0.0025132741,0.2000000000,-1.3000000000,0.0000000000,-0.5000000000,0.2000000000,1.3000000000,0.0000000000,0.5000000000,-0.1695658863,-0.0078202486,-0.0696192905,0.2885862589,-0.1416463405,-0.0037924810,-0.1649881750,-0.0272755008,-0.0432974733,0.3056645047,-0.2151082456,0.0369113311
0.0000000000,0.0000000000,0.3000000000,-0.0007790105,0.0343754367,0.2873588628,0.9572056239,0.0075398223,-0.0025132741,0.2000000000,-1.3000000000,0.0000000000,-0.5000000000,0.2000000000,1.3000000000,0.0000000000,0.5000000000,-0.1695658863,-0.0078202486,-0.0697054783,0.2885862589,-0.1416463405,-0.0037924810,-0.1653696448,-0.0272755008,-0.0436789505,0.3057526648,-0.2151082456,0.0369113311
0.0000000000,0.0000000000,0.3000000000,-0.0007269997,0.0341676387,0.2875267233,0.9571626964,0.0075398223,-0.0025132741,0.2000000000,-1.3000000000,0.0000000000,-0.5000000000,0.2000000000,1.3000000000,0.0000000000,0.5000000000,-0.1695658863,-0.0078202486,-0.0700007603,0.2885862589,-0.1416463405,-0.0037924810,-0.1649881750,-0.0272755008,-0.0436789505,0.3057526648,-0.2151082456,0.0369113311
0.0000000000,0.0000000000,0.3000000000,-0.0006319820,0.0339993896,0.2876157520,0.9571420069,0.0075398223,-0.0025132741,0.2000000000,-1.3000000000,0.0000000000,-0.5000000000,0.2000000000,1.3000000000,0.0000000000,0.5000000000,-0.1695658863,-0.0078202486,-0.0703822374,0.2885862589,-0.1416463405,-0.0037924810,-0.1649881750,-0.0272755008,-0.0440604240,0.3057526648,-0.2151082456,0.0369113311
0.0000000000,0.0000000000,0.3000000000,-0.0005682461,0.0337787807,0.2876585344,0.9571370010,0.0075398223,-0.0025132741,0.2000000000,-1.3000000000,0.0000000000,-0.5000000000,0.2000000000,1.3000000000,0.0000000000,0.5000000000,-0.1695658863,-0.0078202486,-0.0707637146,0.2885862589,-0.1416463405,-0.0037924810,-0.1646067053,-0.0272755008,-0.0440604240,0.3057526648,-0.2151082456,0.0369113311
0.0000000000,0.0000000000,0.3000000000,-0.0004658108,0.0335968643,0.2877415542,0.9571185045,0.0075398223,-0.0025132741,0.2000000000,-1.3000000000,0.0000000000,-0.5000000000,0.2000000000,1.3000000000,0.0000000000,0.5000000000,-0.1695658863,-0.0078202486,-0.0708207622,0.2885862589,-0.1416463405,-0.0037924810,-0.1646067053,-0.0272755008,-0.0440604240,0.3057526648,-0.2153103203,0.0373629630
0.0000000000,0.0000000000,0.3000000000,-0.0004357369,0.0333791093,0.2879027899,0.9570776503,0.0075398223,-0.0025132741,0.2000000000,-1.3000000000,0.0000000000,-0.5000000000,0.2000000000,1.3000000000,0.0000000000,0.5000000000,-0.1695658863,-0.0078202486,-0.0715820475,0.2885862589,-0.1416463405,-0.0037924810,-0.1646067053,-0.0272755008,-0.0444419011,0.3057526648,-0.2153103203,0.0373629630
0.0000000000,0.0000000000,0.3000000000,-0.0004067664,0.0331680160,0.2881685639,0.9570050136,0.0075398223,-0.0025132741,0.2000000000,-1.3000000000,0.0000000000,-0.5000000000,0.2000000000,1.3000000000,0.0000000000,0.5000000000,-0.1695658863,-0.0078202486,-0.0722896159,0.2885862589,-0.1416463405,-0.0037924810,-0.1646067053,-0.0272755008,-0.0444419011,0.3057526648,-0.2153103203,0.0373629630
0.0000000000,0.0000000000,0.3000000000,-0.0003827220,0.0329698366,0.2883605516,0.9569540405,0.0075398223,-0.0025132741,0.2000000000,-1.3000000000,0.0000000000,-0.5000000000,0.2000000000,1.3000000000,0.0000000000,0.5000000000,-0.1695658863,-0.0078202486,-0.0727079068,0.2885862589,-0.1416463405,-0.0037924810,-0.1646067053,-0.0272755008,-0.0448233783,0.3057526648,-0.2153103203,0.0373629630
0.0000000000,0.0000000000,0.3000000000,-0.0003867301,0.0327829375,0.2884974398,0.9569192007,0.0075398223,-0.0025132741,0.2000000000,-1.3000000000,0.0000000000,-0.5000000000,0.2000000000,1.3000000000,0.0000000000,0.5000000000,-0.1695658863,-0.0078202486,-0.0734340400,0.2885862589,-0.1416463405,-0.0037924810,-0.1646067053,-0.0272755008,-0.0448233783,0.3057526648,-0.2153103203,0.0373629630
0.0000000000,0.0000000000,0.3000000000,-0.0004045799,0.0325787540,0.2886765191,0.9568721589,0.0075398223,-0.0025132741,0.2000000000,-1.3000000000,0.0000000000,-0.5000000000,0.2000000000,1.3000000000,0.0000000000,0.5000000000,-0.1695658863,-0.0078202486,-0.0745575216,0.2885862589,-0.1416463405,-0.0037924810,-0.1642252207,-0.0272755008,-0.0452048518,0.3057526648,-0.2153103203,0.0373629630
0.0000000000,0.0000000000,0.3000000000,-0.0004438092,0.0323486997,0.2889520462,0.9567967808,0.0075398223,-0.0025132741,0.2000000000,-1.3000000000,0.0000000000,-0.5000000000,0.2000000000,1.3000000000,0.0000000000,0.5000000000,-0.1699473560,-0.0078202486,-0.0768900659,0.2885862589,-0.1416463405,-0.0037924810,-0.1642252207,-0.0272755008,-0.0455863290,0.3057526648,-0.2153103203,0.0373629630
0.0000000000,0.0000000000,0.3000000000,-0.0004971175,0.0322021758,0.2894443738,0.9566528771,0.0075398223,-0.0025132741,0.2000000000,-1.3000000000,0.0000000000,-0.5000000000,0.2000000000,1.3000000000,0.0000000000,0.5000000000,-0.1707103103,-0.0078202486,-0.0795501630,0.2885862589,-0.1416463405,-0.0037924810,-0.1642252207,-0.0272755008,-0.0459803130,0.3057526648,-0.2153103203,0.0373629630
0.0000000000,0.0000000000,0.3000000000,-0.0006239556,0.0321800378,0.2901492459,0.9564399986,0.0075398223,-0.0025132741,0.2000000000,-1.3000000000,0.0000000000,-0.5000000000,0.2000000000,1.3000000000,0.0000000000,0.5000000000,-0.1710917801,-0.0078202486,-0.0799191296,0.2885862589,-0.1416463405,-0.0037924810,-0.1642252207,-0.0272755008,-0.0471122302,0.3057526648,-0.2155123055,0.0378148295
0.0000000000,0.0000000000,0.3000000000,-0.0006708860,0.0320388403,0.2907021438,0.9562768042,0.0075398223,-0.0025132741,0.2000000000,-1.3000000000,0.0000000000,-0.5000000000,0.2000000000,1.3000000000,0.0000000000,0.5000000000,-0.1714732647,-0.0078202486,-0.0803005993,0.2885862589,-0.1416463405,-0.0037924810,-0.1642252207,-0.0272755008,-0.0482566580,0.3057526648,-0.2157143558,0.0382673148
0.0000000000,0.0000000000,0.3000000000,-0.0006880418,0.0318481126,0.2910432081,0.9561794159,0.0075398223,-0.0025132741,0.2000000000,-1.3000000000,0.0000000000,-0.5000000000,0.2000000000,1.3000000000,0.0000000000,0.5000000000,-0.1714732647,-0.0078202486,-0.0806820765,0.2885862589,-0.1416463405,-0.0037924810,-0.1642252207,-0.0272755008,-0.0494010821,0.3057526648,-0.2159159482,0.0387192033
0.0000000000,0.0000000000,0.3000000000,-0.0007201163,0.0317938905,0.2914125357,0.9560687026,0.0075398223,-0.0025132741,0.2000000000,-1.3000000000,0.0000000000,-0.5000000000,0.2000000000,1.3000000000,0.0000000000,0.5000000000,-0.1726176888,-0.0078202486,-0.0806820765,0.2885862589,-0.1416463405,-0.0037924810,-0.1642252207,-0.0272755008,-0.0512884769,0.3057526648,-0.2159159482,0.0387192033
0.0000000000,0.0000000000,0.3000000000,-0.0008099948,0.0317866413,0.2919892417,0.9558928999,0.0075398223,-0.0025132741,0.2000000000,-1.3000000000,0.0000000000,-0.5000000000,0.2000000000,1.3000000000,0.0000000000,0.5000000000,-0.1729991585,-0.0078202486,-0.0810635537,0.2885862589,-0.1416463405,-0.0037924810,-0.1642252207,-0.0272755008,-0.0528343618,0.3057526648,-0.2159159482,0.0387192033
0.0000000000,0.0000000000,0.3000000000,-0.0008082124,0.0316595578,0.2924255091,0.9557637474,0.0075398223,-0.0025132741,0.2000000000,-1.3000000000,0.0000000000,-0.5000000000,0.2000000000,1.3000000000,0.0000000000,0.5000000000,-0.1729991585,-0.0078202486,-0.0814450309,0.2885862589,-0.1416463405,-0.0037924810,-0.1642252207,-0.0272755008,-0.0531820253,0.3061341345,-0.2159159482,0.0387192033
0.0000000000,0.0000000000,0.3000000000,-0.0007208670,0.0315812173,0.2924631653,0.9557548870,0.0075398223,-0.0025132741,0.2000000000,-1.3000000000,0.0000000000,-0.5000000000,0.2000000000,1.3000000000,0.0000000000,0.5000000000,-0.1730496183,-0.0078202486,-0.0814450309,0.2885862589,-0.1416463405,-0.0037924810,-0.1642252207,-0.0272755008,-0.0532158390,0.3061341345,-0.2159159482,0.0387192033
0.0000000000,0.0000000000,0.3000000000,-0.0006693462,0.0315166599,0.2924581059,0.9557586036,0.0075398223,-0.0025132741,0.2000000000,-1.3000000000,0.0000000000,-0.5000000000,0.2000000000,1.3000000000,0.0000000000,0.5000000000,-0.1733170086,-0.0078202486,-0.0814450309,0.2885862589,-0.1416463405,-0.0037924810,-0.1642252207,-0.0272755008,-0.0532158390,0.3061341345,-0.2159159482,0.0387192033
0.0000000000,0.0000000000,0.3000000000,-0.0006156538,0.0314618036,0.2925413300,0.9557349769,0.0075398223,-0.0025132741,0.2000000000,-1.3000000000,0.0000000000,-0.5000000000,0.2000000000,1.3000000000,0.0000000000,0.5000000000,-0.1733806431,-0.0077300264,-0.0818265080,0.2885862589,-0.1416463405,-0.0037924810,-0.1642252207,-0.0272755008,-0.0532158390,0.3065156043,-0.2159159482,0.0387192033
0.0000000000,0.0000000000,0.3000000000,-0.0005648475,0.0314284766,0.2925789150,0.9557245996,0.0075398223,-0.0025132741,0.2000000000,-1.3000000000,0.0000000000,-0.5000000000,0.2000000000,1.3000000000,0.0000000000,0.5000000000,-0.1733806431,-0.0077433947,-0.0818265080,0.2885862589,-0.1416463405,-0.0037924810,-0.1642252207,-0.0272755008,-0.0532158390,0.3072016909,-0.2159159482,0.0387192033
0.0000000000,0.0000000000,0.3000000000,-0.0004821192,0.0313562526,0.2925844666,0.9557253177,0.0075398223,-0.0025132741,0.2000000000,-1.3000000000,0.0000000000,-0.5000000000,0.2000000000,1.3000000000,0.0000000000,0.5000000000,-0.1729991585,-0.0074387733,-0.0822079778,0.2888614702,-0.1416463405,-0.0037924810,-0.1642252207,-0.0272755008,-0.0534910557,0.3072785437,-0.2159159482,0.0387192033
0.0000000000,0.0000000000,0.3000000000,-0.0005026294,0.0314005669,0.2926002156,0.9557190307,0.0075398223,-0.0025132741,0.2000000000,-1.3000000000,0.0000000000,-0.5000000000,0.2000000000,1.3000000000,0.0000000000,0.5000000000,-0.1733806431,-0.0078202486,-0.0822079778,0.2889677286,-0.1416463405,-0.0037924810,-0.1642252207,-0.0272755008,-0.0535973161,0.3072785437,-0.2159159482,0.0387192033
0.0000000000,0.0000000000,0.3000000000,-0.0005068904,0.0314457894,0.2927060787,0.9556851243,0.0075398223,-0.0025132741,0.2000000000,-1.3000000000,0.0000000000,-0.5000000000,0.2000000000,1.3000000000,0.0000000000,0.5000000000,-0.1733806431,-0.0078202486,-0.0825894549,0.2889677286,-0.1416463405,-0.0037924810,-0.1642252207,-0.0272755008,-0.0538283573,0.3072785437,-0.2159159482,0.0387192033
0.0000000000,0.0000000000,0.3000000000,-0.0005291906,0.0315174655,0.2929184077,0.9556176933,0.0075398223,-0.0025132741,0.2000000000,-1.3000000000,0.0000000000,-0.5000000000,0.2000000000,1.3000000000,0.0000000000,0.5000000000,-0.1737621129,-0.0078202486,-0.0825894549,0.2889677286,-0.1416463405,-0.0037924810,-0.1642252207,-0.0272755008,-0.0539787896,0.3072785437,-0.2159159482,0.0387192033
0.0000000000,0.0000000000,0.3000000000,-0.0005655080,0.0316131241,0.2930334545,0.9555792406,0.0075398223,-0.0025132741,0.2000000000,-1.3000000000,0.0000000000,-0.5000000000,0.2000000000,1.3000000000,0.0000000000,0.5000000000,-0.1744063329,-0.0078202486,-0.0825894549,0.2899934286,-0.1416463405,-0.0037924810,-0.1642252207,-0.0272755008,-0.0539787896,0.3072785437,-0.2159159482,0.0387192033
0.0000000000,0.0000000000,0.3000000000,-0.0005814081,0.0316545448,0.2930419557,0.9555752529,0.0075398223,-0.0025132741,0.2000000000,-1.3000000000,0.0000000000,-0.5000000000,0.2000000000,1.3000000000,0.0000000000,0.5000000000,-0.1745250672,-0.0078202486,-0.0829709321,0.2908751070,-0.1416463405,-0.0037924810,-0.1642252207,-0.0272755008,-0.0543602668,0.3072785437,-0.2159159482,0.0387192033
0.0000000000,0.0000000000,0.3000000000,-0.0005811218,0.0316560084,0.2930088641,0.9555853520,0.0075398223,-0.0025132741,0.2000000000,-1.3000000000,0.0000000000,-0.5000000000,0.2000000000,1.3000000000,0.0000000000,0.5000000000,-0.1749065369,-0.0078202486,-0.0829709321,0.2912565768,-0.1416463405,-0.0037924810,-0.1642252207,-0.0272755008,-0.0543602668,0.3072785437,-0.2159159482,0.0387192033
0.0000000000,0.0000000000,0.3000000000,-0.0005804097,0.0316941411,0.2929770614,0.9555938395,0.0075398223,-0.0025132741,0.2000000000,-1.3000000000,0.0000000000,-0.5000000000,0.2000000000,1.3000000000,0.0000000000,0.5000000000,-0.1749065369,-0.0078202486,-0.0833524093,0.2912565768,-0.1416463405,-0.0037924810,-0.1642252207,-0.0272755008,-0.0543602668,0.3072785437,-0.2159159482,0.0387192033
0.0000000000,0.0000000000,0.3000000000,-0.0006101959,0.0317829903,0.2930310085,0.9555743285,0.0075398223,-0.0025132741,0.2000000000,-1.3000000000,0.0000000000,-0.5000000000,0.2000000000,1.3000000000,0.0000000000,0.5000000000,-0.1749065369,-0.0078202486,-0.0833524093,0.2912565768,-0.1416463405,-0.0037924810,-0.1642252207,-0.0272755008,-0.0543602668,0.3072785437,-0.2159159482,0.0387192033
0.0000000000,0.0000000000,0.3000000000,-0.0005974512,0.0318230012,0.2931053116,0.9555502164,0.0075398223,-0.0025132741,0.2000000000,-1.3000000000,0.0000000000,-0.5000000000,0.2000000000,1.3000000000,0.0000000000,0.5000000000,-0.1749065369,-0.0078202486,-0.0839397119,0.2912565768,-0.1416463405,-0.0037924810,-0.1642252207,-0.0272755008,-0.0543602668,0.3072785437,-0.2159159482,0.0387192033
0.0000000000,0.0000000000,0.3000000000,-0.0006025055,0.0318778332,0.2932395790,0.9555071899,0.0075398223,-0.0025132741,0.2000000000,-1.3000000000,0.0000000000,-0.5000000000,0.2000000000,1.3000000000,0.0000000000,0.5000000000,-0.1749065369,-0.0078202486,-0.0844968334,0.2912565768,-0.1416463405,-0.0037924810,-0.1642252207,-0.0272755008,-0.0547417402,0.3072785437,-0.2159159482,0.0387192033
0.0000000000,0.0000000000,0.3000000000,-0.0006015639,0.0319279214,0.2934496559,0.9554410214,0.0075398223,-0.0025132741,0.2000000000,-1.3000000000,0.0000000000,-0.5000000000,0.2000000000,1.3000000000,0.0000000000,0.5000000000,-0.1752880067,-0.0078202486,-0.0848783106,0.2912565768,-0.1416463405,-0.0037924810,-0.1642252207,-0.0272755008,-0.0551232174,0.3072785437,-0.2159159482,0.0387192033
0.0000000000,0.0000000000,0.3000000000,-0.0006225692,0.0320466926,0.2936706839,0.9553691178,0.0075398223,-0.0025132741,0.2000000000,-1.3000000000,0.0000000000,-0.5000000000,0.2000000000,1.3000000000,0.0000000000,0.5000000000,-0.1756694913,-0.0078202486,-0.0858140362,0.2914652712,-0.1416463405,-0.0037924810,-0.1642252207,-0.0272755008,-0.0555046909,0.3072785437,-0.2159159482,0.0387192033
0.0000000000,0.0000000000,0.3000000000,-0.0006730904,0.0321271900,0.2940082866,0.9552625388,0.0075398223,-0.0025132741,0.2000000000,-1.3000000000,0.0000000000,-0.5000000000,0.2000000000,1.3000000000,0.0000000000,0.5000000000,-0.1760509610,-0.0078202486,-0.0876857232,0.2912565768,-0.1416463405,-0.0037924810,-0.1642252207,-0.0272755008,-0.0555046909,0.3072785437,-0.2159159482,0.0387192033
0.0000000000,0.0000000000,0.3000000000,-0.0006561843,0.0320907160,0.2943897816,0.9551462777,0.0075398223,-0.0025132741,0.2000000000,-1.3000000000,0.0000000000,-0.5000000000,0.2000000000,1.3000000000,0.0000000000,0.5000000000,-0.1760509610,-0.0078202486,-0.0892322404,0.2914142769,-0.1416463405,-0.0037924810,-0.1642252207,-0.0272755008,-0.0558861680,0.3072785437,-0.2159159482,0.0387192033
0.0000000000,0.0000000000,0.3000000000,-0.0006797955,0.0321078099,0.2947167730,0.9550448419,0.0075398223,-0.0025132741,0.2000000000,-1.3000000000,0.0000000000,-0.5000000000,0.2000000000,1.3000000000,0.0000000000,0.5000000000,-0.1760509610,-0.0078202486,-0.0907525575,0.2912565768,-0.1416463405,-0.0037924810,-0.1642252207,-0.0272755008,-0.0558861680,0.3072785437,-0.2161176056,0.0391717106
0.0000000000,0.0000000000,0.3000000000,-0.0006952874,0.0320924501,0.2950298838,0.9549486682,0.0075398223,-0.0025132741,0.2000000000,-1.3000000000,0.0000000000,-0.5000000000,0.2000000000,1.3000000000,0.0000000000,0.5000000000,-0.1760509610,-0.0078202486,-0.0917448699,0.2912565768,-0.1416463405,-0.0037924810,-0.1638437510,-0.0272755008,-0.0562676415,0.3072785437,-0.2163191587,0.0396244377
0.0000000000,0.0000000000,0.3000000000,-0.0007039446,0.0320552809,0.2952768524,0.9548735748,0.0075398223,-0.0025132741,0.2000000000,-1.3000000000,0.0000000000,-0.5000000000,0.2000000000,1.3000000000,0.0000000000,0.5000000000,-0.1760509610,-0.0078202486,-0.0917448699,0.2912565768,-0.1416463405,-0.0037924810,-0.1638437510,-0.0272755008,-0.0562676415,0.3072785437,-0.2165206224,0.0400774032
0.0000000000,0.0000000000,0.3000000000,-0.0006899713,0.0320276728,0.2952803857,0.9548734188,0.0075398223,-0.0025132741,0.2000000000,-1.3000000000,0.0000000000,-0.5000000000,0.2000000000,1.3000000000,0.0000000000,0.5000000000,-0.1760509610,-0.0078202486,-0.0917448699,0.2912565768,-0.1416463405,-0.0037924810,-0.1638437510,-0.0272755008,-0.0562676415,0.3072785437,-0.2165206224,0.0400774032
0.0000000000,0.0000000000,0.3000000000,-0.0006753988,0.0319942404,0.2952309703,0.9548898296,0.0075398223,-0.0025132741,0.2000000000,-1.3000000000,0.0000000000,-0.5000000000,0.2000000000,1.3000000000,0.0000000000,0.5000000000,-0.1764324456,-0.0078202486,-0.0921263471,0.2912565768,-0.1416463405,-0.0037924810,-0.1638437510,-0.0272755008,-0.0562676415,0.3072785437,-0.2167219669,0.0405305661
0.0000000000,0.0000000000,0.3000000000,-0.0006723024,0.0319641427,0.2953036397,0.9548683689,0.0075398223,-0.0025132741,0.2000000000,-1.3000000000,0.0000000000,-0.5000000000,0.2000000000,1.3000000000,0.0000000000,0.5000000000,-0.1764324456,-0.0078202486,-0.0921263471,0.2912565768,-0.1416463405,-0.0037924810,-0.1638437510,-0.0272755008,-0.0562676415,0.3072785437,-0.2167219669,0.0405305661
0.0000000000,0.0000000000,0.3000000000,-0.0006934610,0.0319635496,0.2953634272,0.9548498817,0.0075398223,-0.0025132741,0.2000000000,-1.3000000000,0.0000000000,-0.5000000000,0.2000000000,1.3000000000,0.0000000000,0.5000000000,-0.1764324456,-0.0078202486,-0.0925078169,0.2912565768,-0.1416463405,-0.0037924810,-0.1638437510,-0.0272755008,-0.0562676415,0.3072785437,-0.2167219669,0.0405305661
0.0000000000,0.0000000000,0.3000000000,-0.0007015943,0.0319930751,0.2953727573,0.9548460007,0.0075398223,-0.0025132741,0.2000000000,-1.3000000000,0.0000000000,-0.5000000000,0.2000000000,1.3000000000,0.0000000000,0.5000000000,-0.1768139154,-0.0078202486,-0.0925078169,0.2912565768,-0.1416463405,-0.0037924810,-0.1638437510,-0.0272755008,-0.0562676415,0.3072785437,-0.2167219669,0.0405305661
0.0000000000,0.0000000000,0.3000000000,-0.0007254848,0.0320417959,0.2955338538,0.9547945005,0.0075398223,-0.0025132741,0.2000000000,-1.3000000000,0.0000000000,-0.5000000000,0.2000000000,1.3000000000,0.0000000000,0.5000000000,-0.1768139154,-0.0078202486,-0.0929631188,0.2915642232,-0.1416463405,-0.0037924810,-0.1638437510,-0.0272755008,-0.0563414663,0.3072785437,-0.2167219669,0.0405305661
0.0000000000,0.0000000000,0.3000000000,-0.0007672718,0.0320522202,0.2957690157,0.9547212975,0.0075398223,-0.0025132741,0.2000000000,-1.3000000000,0.0000000000,-0.5000000000,0.2000000000,1.3000000000,0.0000000000,0.5000000000,-0.1768139154,-0.0078202486,-0.0932707712,0.2915794659,-0.1416463405,-0.0037924810,-0.1638437510,-0.0272755008,-0.0566491187,0.3072785437,-0.2167219669,0.0405305661
0.0000000000,0.0000000000,0.3000000000,-0.0007694336,0.0320409192,0.2958626987,0.9546926474,0.0075398223,-0.0025132741,0.2000000000,-1.3000000000,0.0000000000,-0.5000000000,0.2000000000,1.3000000000,0.0000000000,0.5000000000,-0.1768139154,-0.0078202486,-0.0932707712,0.2916380465,-0.1416463405,-0.0037924810,-0.1638437510,-0.0272755008,-0.0566491187,0.3072785437,-0.2167219669,0.0405305661
0.0000000000,0.0000000000,0.3000000000,-0.0007772990,0.0320639678,0.2958338582,0.9547008045,0.0075398223,-0.0025132741,0.2000000000,-1.3000000000,0.0000000000,-0.5000000000,0.2000000000,1.3000000000,0.0000000000,0.5000000000,-0.1768139154,-0.0078202486,-0.0932707712,0.2916380465,-0.1416463405,-0.0037924810,-0.1638437510,-0.0272755008,-0.0566491187,0.3072785437,-0.2167219669,0.0405305661
0.0000000000,0.0000000000,0.3000000000,-0.0007921914,0.0320728792,0.2958438863,0.9546973855,0.0075398223,-0.0025132741,0.2000000000,-1.3000000000,0.0000000000,-0.5000000000,0.2000000000,1.3000000000,0.0000000000,0.5000000000,-0.1768139154,-0.0078202486,-0.0932707712,0.2916380465,-0.1416463405,-0.0037924810,-0.1638437510,-0.0272755008,-0.0566491187,0.3072785437,-0.2167219669,0.0405305661
0.0000000000,0.0000000000,0.3000000000,-0.0007963840,0.0320967759,0.2958405995,0.9546975974,0.0075398223,-0.0025132741,0.2000000000,-1.3000000000,0.0000000000,-0.5000000000,0.2000000000,1.3000000000,0.0000000000,0.5000000000,-0.1768139154,-0.0078202486,-0.0936522484,0.2916380465,-0.1416463405,-0.0037924810,-0.1638437510,-0.0272755008,-0.0566491187,0.3072785437,-0.2167219669,0.0405305661
0.0000000000,0.0000000000,0.3000000000,-0.0007794453,0.0321189725,0.2957897425,0.9547126229,0.0075398223,-0.0025132741,0.2000000000,-1.3000000000,0.0000000000,-0.5000000000,0.2000000000,1.3000000000,0.0000000000,0.5000000000,-0.1768139154,-0.0078202486,-0.0936522484,0.2916380465,-0.1416463405,-0.0037924810,-0.1638437510,-0.0272755008,-0.0566491187,0.3072785437,-0.2167219669,0.0405305661
0.0000000000,0.0000000000,0.3000000000,-0.0007538094,0.0321548534,0.2958256329,0.9547003153,0.0075398223,-0.0025132741,0.2000000000,-1.3000000000,0.0000000000,-0.5000000000,0.2000000000,1.3000000000,0.0000000000,0.5000000000,-0.1768139154,-0.0078202486,-0.0936522484,0.2916380465,-0.1416463405,-0.0037924810,-0.1638437510,-0.0272755008,-0.0566491187,0.3072785437,-0.2169232219,0.0409839675
0.0000000000,0.0000000000,0.3000000000,-0.0007671083,0.0321711250,0.2959057720,0.9546749208,0.0075398223,-0.0025132741,0.2000000000,-1.3000000000,0.0000000000,-0.5000000000,0.2000000000,1.3000000000,0.0000000000,0.5000000000,-0.1768139154,-0.0078202486,-0.0936522484,0.2916380465,-0.1416463405,-0.0037924810,-0.1638437510,-0.0272755008,-0.0566491187,0.3072785437,-0.2171086313,0.0414028466
0.0000000000,0.0000000000,0.3000000000,-0.0007594422,0.0322154259,0.2959562842,0.9546577750,0.0075398223,-0.0025132741,0.2000000000,-1.3000000000,0.0000000000,-0.5000000000,0.2000000000,1.3000000000,0.0000000000,0.5000000000,-0.1768139154,-0.0078202486,-0.0936522484,0.2916380465,-0.1416463405,-0.0037924810,-0.1638437510,-0.0272755008,-0.0566491187,0.3072785437,-0.2171243578,0.0414375737
0.0000000000,0.0000000000,0.3000000000,-0.0007616664,0.0322379963,0.2959731405,0.9546517855,0.0075398223,-0.0025132741,0.2000000000,-1.3000000000,0.0000000000,-0.5000000000,0.2000000000,1.3000000000,0.0000000000,0.5000000000,-0.1771556182,-0.0078202486,-0.0940337256,0.2916380465,-0.1416463405,-0.0037924810,-0.1638437510,-0.0272755008,-0.0566491187,0.3072785437,-0.2171243578,0.0414375737
0.0000000000,0.0000000000,0.3000000000,-0.0007555912,0.0322987371,0.2959897171,0.9546445977,0.0075398223,-0.0025132741,0.2000000000,-1.3000000000,0.0000000000,-0.5000000000,0.2000000000,1.3000000000,0.0000000000,0.5000000000,-0.1771953851,-0.0078202486,-0.0940337256,0.2916380465,-0.1416463405,-0.0037924810,-0.1638437510,-0.0272755008,-0.0566491187,0.3072785437,-0.2173253894,0.0418913998
0.0000000000,0.0000000000,0.3000000000,-0.0007511687,0.0323392958,0.2959804109,0.9546461135,0.0075398223,-0.0025132741,0.2000000000,-1.3000000000,0.0000000000,-0.5000000000,0.2000000000,1.3000000000,0.0000000000,0.5000000000,-0.1771953851,-0.0078202486,-0.0940337256,0.2916380465,-0.1416463405,-0.0037924810,-0.1638437510,-0.0272755008,-0.0566491187,0.3072785437,-0.2173253894,0.0418913998
0.0000000000,0.0000000000,0.3000000000,-0.0007502801,0.0323934303,0.2959756500,0.9546457549,0.0075398223,-0.0025132741,0.2000000000,-1.3000000000,0.0000000000,-0.5000000000,0.2000000000,1.3000000000,0.0000000000,0.5000000000,-0.1771953851,-0.0078202486,-0.0940337256,0.2916380465,-0.1416463405,-0.0037924810,-0.1638437510,-0.0272755008,-0.0566491187,0.3072785437,-0.2173253894,0.0418913998
0.0000000000,0.0000000000,0.3000000000,-0.0007571591,0.0324506583,0.2959979788,0.9546368828,0.0075398223,-0.0025132741,0.2000000000,-1.3000000000,0.0000000000,-0.5000000000,0.2000000000,1.3000000000,0.0000000000,0.5000000000,-0.1771953851,-0.0078202486,-0.0940337256,0.2916380465,-0.1416463405,-0.0037924810,-0.1638437510,-0.0272755008,-0.0570305958,0.3072785437,-0.2173253894,0.0418913998
0.0000000000,0.0000000000,0.3000000000,-0.0007497551,0.0325113804,0.2960387306,0.9546221860,0.0075398223,-0.0025132741,0.2000000000,-1.3000000000,0.0000000000,-0.5000000000,0.2000000000,1.3000000000,0.0000000000,0.5000000000,-0.1771953851,-0.0078202486,-0.0940337256,0.2916380465,-0.1416463405,-0.0037924810,-0.1638437510,-0.0272755008,-0.0570305958,0.3072785437,-0.2173253894,0.0418913998
0.0000000000,0.0000000000,0.3000000000,-0.0007590699,0.0325680225,0.2960498996,0.9546167842,0.0075398223,-0.0025132741,0.2000000000,-1.3000000000,0.0000000000,-0.5000000000,0.2000000000,1.3000000000,0.0000000000,0.5000000000,-0.1771953851,-0.0078202486,-0.0940337256,0.2916380465,-0.1416463405,-0.0037924810,-0.1638437510,-0.0272755008,-0.0570305958,0.3072785437,-0.2173253894,0.0418913998
0.0000000000,0.0000000000,0.3000000000,-0.0007728355,0.0326053335,0.2960714377,0.9546088198,0.0075398223,-0.0025132741,0.2000000000,-1.3000000000,0.0000000000,-0.5000000000,0.2000000000,1.3000000000,0.0000000000,0.5000000000,-0.1771953851,-0.0078202486,-0.0944151953,0.2916380465,-0.1416463405,-0.0037924810,-0.1638437510,-0.0272755008,-0.0570305958,0.3072785437,-0.2173253894,0.0418913998
0.0000000000,0.0000000000,0.3000000000,-0.0007773379,0.0326388758,0.2960892234,0.9546021534,0.0075398223,-0.0025132741,0.2000000000,-1.3000000000,0.0000000000,-0.5000000000,0.2000000000,1.3000000000,0.0000000000,0.5000000000,-0.1771953851,-0.0078202486,-0.0944151953,0.2916380465,-0.1416463405,-0.0037924810,-0.1638437510,-0.0272755008,-0.0570305958,0.3072785437,-0.2173253894,0.0418913998
0.0000000000,0.0000000000,0.3000000000,-0.0007749362,0.0326816627,0.2960770857,0.9546044562,0.0075398223,-0.0025132741,0.2000000000,-1.3000000000,0.0000000000,-0.5000000000,0.2000000000,1.3000000000,0.0000000000,0.5000000000,-0.1771953851,-0.0078202486,-0.0944151953,0.2916380465,-0.1416463405,-0.0037924810,-0.1638437510,-0.0272755008,-0.0570305958,0.3072785437,-0.2173253894,0.0418913998
0.0000000000,0.0000000000,0.3000000000,-0.0007807994,0.0326978772,0.2960854473,0.9546013027,0.0075398223,-0.0025132741,0.2000000000,-1.3000000000,0.0000000000,-0.5000000000,0.2000000000,1.3000000000,0.0000000000,0.5000000000,-0.1771953851,-0.0078202486,-0.0944151953,0.2916380465,-0.1416463405,-0.0037924810,-0.1638437510,-0.0272755008,-0.0570305958,0.3072785437,-0.2173253894,0.0418913998
0.0000000000,0.0000000000,0.3000000000,-0.0007831854,0.0327286075,0.2961173260,0.9545903593,0.0075398223,-0.0025132741,0.2000000000,-1.3000000000,0.0000000000,-0.5000000000,0.2000000000,1.3000000000,0.0000000000,0.5000000000,-0.1771953851,-0.0078202486,-0.0944151953,0.2916380465,-0.1416463405,-0.0037924810,-0.1638437510,-0.0272755008,-0.0570305958,0.3072785437,-0.2173253894,0.0418913998
0.0000000000,0.0000000000,0.3000000000,-0.0007775585,0.0327315246,0.2961730347,0.9545729811,0.0075398223,-0.0025132741,0.2000000000,-1.3000000000,0.0000000000,-0.5000000000,0.2000000000,1.3000000000,0.0000000000,0.5000000000,-0.1771953851,-0.0078202486,-0.0944151953,0.2916380465,-0.1416463405,-0.0037924810,-0.1638437510,-0.0272755008,-0.0571984379,0.3072785437,-0.2173253894,0.0418913998
0.0000000000,0.0000000000,0.3000000000,-0.0007712632,0.0327344257,0.2962137860,0.9545602419,0.0075398223,-0.0025132741,0.2000000000,-1.3000000000,0.0000000000,-0.5000000000,0.2000000000,1.3000000000,0.0000000000,0.5000000000,-0.1771953851,-0.0078202486,-0.0944151953,0.2916380465,-0.1416463405,-0.0037924810,-0.1638437510,-0.0272755008,-0.0574120693,0.3072785437,-0.2173253894,0.0418913998
0.0000000000,0.0000000000,0.3000000000,-0.0007653162,0.0327355856,0.2962255885,0.9545565444,0.0075398223,-0.0025132741,0.2000000000,-1.3000000000,0.0000000000,-0.5000000000,0.2000000000,1.3000000000,0.0000000000,0.5000000000,-0.1771953851,-0.0078202486,-0.0944151953,0.2916380465,-0.1416463405,-0.0037924810,-0.1638437510,-0.0272755008,-0.0574120693,0.3072785437,-0.2173253894,0.0418913998
0.0000000000,0.0000000000,0.3000000000,-0.0007538574,0.0327330694,0.2962289909,0.9545555839,0.0075398223,-0.0025132741,0.2000000000,-1.3000000000,0.0000000000,-0.5000000000,0.2000000000,1.3000000000,0.0000000000,0.5000000000,-0.1771953851,-0.0078202486,-0.0944151953,0.2916380465,-0.1416463405,-0.0037924810,-0.1638437510,-0.0272755008,-0.0574120693,0.3072785437,-0.2173253894,0.0418913998
0.0000000000,0.0000000000,0.3000000000,-0.0007516114,0.0327085790,0.2962178083,0.9545598954,0.0075398223,-0.0025132741,0.2000000000,-1.3000000000,0.0000000000,-0.5000000000,0.2000000000,1.3000000000,0.0000000000,0.5000000000,-0.1771953851,-0.0078202486,-0.0944151953,0.2916380465,-0.1416463405,-0.0037924810,-0.1638437510,-0.0272755008,-0.0574120693,0.3072785437,-0.2174736175,0.0416396585
0.0000000000,0.0000000000,0.3000000000,-0.0007435671,0.0327094782,0.2961893634,0.9545686975,0.0075398223,-0.0025132741,0.2000000000,-1.3000000000,0.0000000000,-0.5000000000,0.2000000000,1.3000000000,0.0000000000,0.5000000000,-0.1771953851,-0.0078202486,-0.0944151953,0.2916380465,-0.1416463405,-0.0037924810,-0.1638437510,-0.0272755008,-0.0574120693,0.3072785437,-0.2173253894,0.0418913998
0.0000000000,0.0000000000,0.3000000000,-0.0007394480,0.0326885507,0.2962014360,0.9545656715,0.0075398223,-0.0025132741,0.2000000000,-1.3000000000,0.0000000000,-0.5000000000,0.2000000000,1.3000000000,0.0000000000,0.5000000000,-0.1771953851,-0.0078202486,-0.0944151953,0.2916380465,-0.1416463405,-0.0037924810,-0.1638437510,-0.0272755008,-0.0574120693,0.3072785437,-0.2174662681,0.0416522005
0.0000000000,0.0000000000,0.3000000000,-0.0007429888,0.0326762905,0.2962163233,0.9545614688,0.0075398223,-0.0025132741,0.2000000000,-1.3000000000,0.0000000000,-0.5000000000,0.2000000000,1.3000000000,0.0000000000,0.5000000000,-0.1771953851,-0.0078202486,-0.0944151953,0.2916380465,-0.1416463405,-0.0037924810,-0.1638437510,-0.0272755008,-0.0574120693,0.3072785437,-0.2173253894,0.0418913998
0.0000000000,0.0000000000,0.3000000000,-0.0007423257,0.0326476070,0.2962264416,0.9545593109,0.0075398223,-0.0025132741,0.2000000000,-1.3000000000,0.0000000000,-0.5000000000,0.2000000000,1.3000000000,0.0000000000,0.5000000000,-0.1771953851,-0.0078202486,-0.0944151953,0.2916380465,-0.1416463405,-0.0037924810,-0.1638437510,-0.0272755008,-0.0574120693,0.3072785437,-0.2173253894,0.0418913998
0.0000000000,0.0000000000,0.3000000000,-0.0007262701,0.0326320831,0.2962383567,0.9545561564,0.0075398223,-0.0025132741,0.2000000000,-1.3000000000,0.0000000000,-0.5000000000,0.2000000000,1.3000000000,0.0000000000,0.5000000000,-0.1771953851,-0.0078202486,-0.0944151953,0.2916380465,-0.1416463405,-0.0037924810,-0.1638437510,-0.0272755008,-0.0574120693,0.3072785437,-0.2173253894,0.0418913998
0.0000000000,0.0000000000,0.3000000000,-0.0007257175,0.0326209059,0.2962277359,0.9545598349,0.0075398223,-0.0025132741,0.2000000000,-1.3000000000,0.0000000000,-0.5000000000,0.2000000000,1.3000000000,0.0000000000,0.5000000000,-0.1771953851,-0.0078202486,-0.0944151953,0.2916380465,-0.1416463405,-0.0037924810,-0.1638437510,-0.0272755008,-0.0574120693,0.3072785437,-0.2173253894,0.0418913998
0.0000000000,0.0000000000,0.3000000000,-0.0007067223,0.0326195603,0.2962267754,0.9545601932,0.0075398223,-0.0025132741,0.2000000000,-1.3000000000,0.0000000000,-0.5000000000,0.2000000000,1.3000000000,0.0000000000,0.5000000000,-0.1771953851,-0.0078202486,-0.0944151953,0.2916380465,-0.1416463405,-0.0037924810,-0.1638437510,-0.0272755008,-0.0574120693,0.3072785437,-0.2173253894,0.0418913998
0.0000000000,0.0000000000,0.3000000000,-0.0006978156,0.0326155079,0.2962418420,0.9545556625,0.0075398223,-0.0025132741,0.2000000000,-1.3000000000,0.0000000000,-0.5000000000,0.2000000000,1.3000000000,0.0000000000,0.5000000000,-0.1771953851,-0.0078202486,-0.0944151953,0.2916380465,-0.1416463405,-0.0037924810,-0.1638437510,-0.0272755008,-0.0574120693,0.3072785437,-0.2173253894,0.0418913998
0.0000000000,0.0000000000,0.3000000000,-0.0007010808,0.0326122530,0.2962494127,0.9545534217,0.0075398223,-0.0025132741,0.2000000000,-1.3000000000,0.0000000000,-0.5000000000,0.2000000000,1.3000000000,0.0000000000,0.5000000000,-0.1771953851,-0.0078202486,-0.0944151953,0.2916380465,-0.1416463405,-0.0037924810,-0.1638437510,-0.0272755008,-0.0574120693,0.3072785437,-0.2175121512,0.0415742545
0.0000000000,0.0000000000,0.3000000000,-0.0006949034,0.0326109367,0.2962612413,0.9545498001,0.0075398223,-0.0025132741,0.2000000000,-1.3000000000,0.0000000000,-0.5000000000,0.2000000000,1.3000000000,0.0000000000,0.5000000000,-0.1771953851,-0.0078202486,-0.0944151953,0.2916380465,-0.1416463405,-0.0037924810,-0.1638437510,-0.0272755008,-0.0574120693,0.3072785437,-0.2173254645,0.0418913622
0.0000000000,0.0000000000,0.3000000000,-0.0006958834,0.0326169390,0.2962664072,0.9545479909,0.0075398223,-0.0025132741,0.2000000000,-1.3000000000,0.0000000000,-0.5000000000,0.2000000000,1.3000000000,0.0000000000,0.5000000000,-0.1771953851,-0.0078202486,-0.0944151953,0.2916380465,-0.1416463405,-0.0037924810,-0.1638437510,-0.0272755008,-0.0574120693,0.3072785437,-0.2173254699,0.0418913595
0.0000000000,0.0000000000,0.3000000000,-0.0006937822,0.0326454101,0.2962700535,0.9545458875,0.0075398223,-0.0025132741,0.2000000000,-1.3000000000,0.0000000000,-0.5000000000,0.2000000000,1.3000000000,0.0000000000,0.5000000000,-0.1771953851,-0.0078202486,-0.0947966725,0.2916380465,-0.1416463405,-0.0037924810,-0.1638437510,-0.0272755008,-0.0574120693,0.3072785437,-0.2175304176,0.0415432235
0.0000000000,0.0000000000,0.3000000000,-0.0006898417,0.0326435870,0.2962908249,0.9545395054,0.0075398223,-0.0025132741,0.2000000000,-1.3000000000,0.0000000000,-0.5000000000,0.2000000000,1.3000000000,0.0000000000,0.5000000000,-0.1771953851,-0.0078202486,-0.0947966725,0.2916380465,-0.1416463405,-0.0037924810,-0.1638437510,-0.0272755008,-0.0574120693,0.3072785437,-0.2173407941,0.0418653553
0.0000000000,0.0000000000,0.3000000000,-0.0006802331,0.0326579984,0.2963130786,0.9545321115,0.0075398223,-0.0025132741,0.2000000000,-1.3000000000,0.0000000000,-0.5000000000,0.2000000000,1.3000000000,0.0000000000,0.5000000000,-0.1771953851,-0.0078202486,-0.0947966725,0.2916380465,-0.1416463405,-0.0037924810,-0.1638437510,-0.0272755008,-0.0577935465,0.3072785437,-0.2175972015,0.0414296426
0.0000000000,0.0000000000,0.3000000000,-0.0006764032,0.0326799890,0.2963559885,0.9545180401,0.0075398223,-0.0025132741,0.2000000000,-1.3000000000,0.0000000000,-0.5000000000,0.2000000000,1.3000000000,0.0000000000,0.5000000000,-0.1771953851,-0.0078202486,-0.0947966725,0.2916380465,-0.1416463405,-0.0037924810,-0.1638437510,-0.0272755008,-0.0577935465,0.3072785437,-0.2175972015,0.0414296426
0.0000000000,0.0000000000,0.3000000000,-0.0006968810,0.0327042821,0.2963718575,0.9545122662,0.0075398223,-0.0025132741,0.2000000000,-1.3000000000,0.0000000000,-0.5000000000,0.2000000000,1.3000000000,0.0000000000,0.5000000000,-0.1771953851,-0.0078202486,-0.0947966725,0.2916380465,-0.1416463405,-0.0037924810,-0.1638437510,-0.0272755008,-0.0577935465,0.3072785437,-0.2175972015,0.0414296426
0.0000000000,0.0000000000,0.3000000000,-0.0006983956,0.0327262420,0.2963703954,0.9545119664,0.0075398223,-0.0025132741,0.2000000000,-1.3000000000,0.0000000000,-0.5000000000,0.2000000000,1.3000000000,0.0000000000,0.5000000000,-0.1771953851,-0.0078202486,-0.0947966725,0.2916380465,-0.1416463405,-0.0037924810,-0.1638437510,-0.0272755008,-0.0577935465,0.3072785437,-0.2175972015,0.0414296426
0.0000000000,0.0000000000,0.3000000000,-0.0006941214,0.0327604549,0.2963579283,0.9545146668,0.0075398223,-0.0025132741,0.2000000000,-1.3000000000,0.0000000000,-0.5000000000,0.2000000000,1.3000000000,0.0000000000,0.5000000000,-0.1771953851,-0.0078202486,-0.0947966725,0.2916380465,-0.1416463405,-0.0037924810,-0.1638437510,-0.0272755008,-0.0577935465,0.3072785437,-0.2175972015,0.0414296426
0.0000000000,0.0000000000,0.3000000000,-0.0006981896,0.0327843358,0.2963341145,0.9545212373,0.0075398223,-0.0025132741,0.2000000000,-1.3000000000,0.0000000000,-0.5000000000,0.2000000000,1.3000000000,0.0000000000,0.5000000000,-0.1771953851,-0.0078202486,-0.0947966725,0.2916380465,-0.1416463405,-0.0037924810,-0.1638437510,-0.0272755008,-0.0574120693,0.3072785437,-0.2175972015,0.0414296426
0.0000000000,0.0000000000,0.3000000000,-0.0006893543,0.0328138721,0.2963220200,0.9545239835,0.0075398223,-0.0025132741,0.2000000000,-1.3000000000,0.0000000000,-0.5000000000,0.2000000000,1.3000000000,0.0000000000,0.5000000000,-0.1771953851,-0.0078202486,-0.0947966725,0.2916380465,-0.1416463405,-0.0037924810,-0.1638437510,-0.0272755008,-0.0574120693,0.3072785437,-0.2175972015,0.0414296426
0.0000000000,0.0000000000,0.3000000000,-0.0006815950,0.0328330154,0.2963219783,0.9545233437,0.0075398223,-0.0025132741,0.2000000000,-1.3000000000,0.0000000000,-0.5000000000,0.2000000000,1.3000000000,0.0000000000,0.5000000000,-0.1771953851,-0.0078202486,-0.0947966725,0.2916380465,-0.1416463405,-0.0037924810,-0.1638437510,-0.0272755008,-0.0574120693,0.3072785437,-0.2175972015,0.0414296426
0.0000000000,0.0000000000,0.3000000000,-0.0006879603,0.0328508728,0.2963177291,0.9545240439,0.0075398223,-0.0025132741,0.2000000000,-1.3000000000,0.0000000000,-0.5000000000,0.2000000000,1.3000000000,0.0000000000,0.5000000000,-0.1771953851,-0.0078202486,-0.0947966725,0.2916380465,-0.1416463405,-0.0037924810,-0.1638437510,-0.0272755008,-0.0574120693,0.3072785437,-0.2175972015,0.0414296426
0.0000000000,0.0000000000,0.3000000000,-0.0006864750,0.0328785170,0.2963129880,0.9545245649,0.0075398223,-0.0025132741,0.2000000000,-1.3000000000,0.0000000000,-0.5000000000,0.2000000000,1.3000000000,0.0000000000,0.5000000000,-0.1771953851,-0.0078202486,-0.0947966725,0.2916380465,-0.1416463405,-0.0037924810,-0.1638437510,-0.0272755008,-0.0574120693,0.3072785437,-0.2175972015,0.0414296426
0.0000000000,0.0000000000,0.3000000000,-0.0006866471,0.0328835885,0.2963117916,0.9545247615,0.0075398223,-0.0025132741,0.2000000000,-1.3000000000,0.0000000000,-0.5000000000,0.2000000000,1.3000000000,0.0000000000,0.5000000000,-0.1771953851,-0.0078202486,-0.0947966725,0.2916380465,-0.1416463405,-0.0037924810,-0.1638437510,-0.0272755008,-0.0574120693,0.3072785437,-0.2175972015,0.0414296426
0.0000000000,0.0000000000,0.3000000000,-0.0006901686,0.0329017402,0.2963090548,0.9545249830,0.0075398223,-0.0025132741,0.2000000000,-1.3000000000,0.0000000000,-0.5000000000,0.2000000000,1.3000000000,0.0000000000,0.5000000000,-0.1771953851,-0.0078202486,-0.0947966725,0.2916380465,-0.1416463405,-0.0037924810,-0.1638437510,-0.0272755008,-0.0574120693,0.3072785437,-0.2175972015,0.0414296426
0.0000000000,0.0000000000,0.3000000000,-0.0006903759,0.0329049882,0.2963077485,0.9545252764,0.0075398223,-0.0025132741,0.2000000000,-1.3000000000,0.0000000000,-0.5000000000,0.2000000000,1.3000000000,0.0000000000,0.5000000000,-0.1771953851,-0.0078202486,-0.0947966725,0.2916380465,-0.1416463405,-0.0037924810,-0.1638437510,-0.0272755008,-0.0574120693,0.3072785437,-0.2175972015,0.0414296426
0.0000000000,0.0000000000,0.3000000000,-0.0006965852,0.0329218076,0.2963227437,0.9545200369,0.0075398223,-0.0025132741,0.2000000000,-1.3000000000,0.0000000000,-0.5000000000,0.2000000000,1.3000000000,0.0000000000,0.5000000000,-0.1771953851,-0.0078202486,-0.0947966725,0.2916380465,-0.1416463405,-0.0037924810,-0.1638437510,-0.0272755008,-0.0574120693,0.3072785437,-0.2175972015,0.0414296426
0.0000000000,0.0000000000,0.3000000000,-0.0006887958,0.0329218051,0.2963558520,0.9545097639,0.0075398223,-0.0025132741,0.2000000000,-1.3000000000,0.0000000000,-0.5000000000,0.2000000000,1.3000000000,0.0000000000,0.5000000000,-0.1771953851,-0.0078202486,-0.0947966725,0.2916380465,-0.1416463405,-0.0037924810,-0.1638437510,-0.0272755008,-0.0577935465,0.3072785437,-0.2175972015,0.0414296426
0.0000000000,0.0000000000,0.3000000000,-0.0006987622,0.0329351479,0.2963968428,0.9544965685,0.0075398223,-0.0025132741,0.2000000000,-1.3000000000,0.0000000000,-0.5000000000,0.2000000000,1.3000000000,0.0000000000,0.5000000000,-0.1771953851,-0.0078202486,-0.0947966725,0.2916380465,-0.1416463405,-0.0037924810,-0.1638437510,-0.0272755008,-0.0577935465,0.3072785437,-0.2175972015,0.0414296426
0.0000000000,0.0000000000,0.3000000000,-0.0006958578,0.0329383619,0.2964153952,0.9544906985,0.0075398223,-0.0025132741,0.2000000000,-1.3000000000,0.0000000000,-0.5000000000,0.2000000000,1.3000000000,0.0000000000,0.5000000000,-0.1771953851,-0.0078202486,-0.0947966725,0.2916380465,-0.1416463405,-0.0037924810,-0.1638437510,-0.0272755008,-0.0577935465,0.3072785437,-0.2175972015,0.0414296426
0.0000000000,0.0000000000,0.3000000000,-0.0006919930,0.0329329221,0.2964425775,0.9544824472,0.0075398223,-0.0025132741,0.2000000000,-1.3000000000,0.0000000000,-0.5000000000,0.2000000000,1.3000000000,0.0000000000,0.5000000000,-0.1771953851,-0.0078202486,-0.0947966725,0.2916380465,-0.1416463405,-0.0037924810,-0.1638437510,-0.0272755008,-0.0577935465,0.3072785437,-0.2175972015,0.0414296426
0.0000000000,0.0000000000,0.3000000000,-0.0006872151,0.0329329652,0.2964438749,0.9544820462,0.0075398223,-0.0025132741,0.2000000000,-1.3000000000,0.0000000000,-0.5000000000,0.2000000000,1.3000000000,0.0000000000,0.5000000000,-0.1771953851,-0.0078202486,-0.0947966725,0.2916380465,-0.1416463405,-0.0037924810,-0.1638437510,-0.0272755008,-0.0577935465,0.3072785437,-0.2175972015,0.0414296426
0.0000000000,0.0000000000,0.3000000000,-0.0006845081,0.0329203115,0.2964459681,0.9544818346,0.0075398223,-0.0025132741,0.2000000000,-1.3000000000,0.0000000000,-0.5000000000,0.2000000000,1.3000000000,0.0000000000,0.5000000000,-0.1771953851,-0.0078202486,-0.0947966725,0.2916380465,-0.1416463405,-0.0037924810,-0.1638437510,-0.0272755008,-0.0577935465,0.3072785437,-0.2175972015,0.0414296426
0.0000000000,0.0000000000,0.3000000000,-0.0006747635,0.0329254785,0.2964523104,0.9544796935,0.0075398223,-0.0025132741,0.2000000000,-1.3000000000,0.0000000000,-0.5000000000,0.2000000000,1.3000000000,0.0000000000,0.5000000000,-0.1771953851,-0.0078202486,-0.0947966725,0.2916380465,-0.1416463405,-0.0037924810,-0.1638437510,-0.0272755008,-0.0577935465,0.3072785437,-0.2175972015,0.0414296426
0.0000000000,0.0000000000,0.3000000000,-0.0006714898,0.0329312948,0.2964500094,0.9544802098,0.0075398223,-0.0025132741,0.2000000000,-1.3000000000,0.0000000000,-0.5000000000,0.2000000000,1.3000000000,0.0000000000,0.5000000000,-0.1771953851,-0.0078202486,-0.0947966725,0.2916380465,-0.1416463405,-0.0037924810,-0.1638437510,-0.0272755008,-0.0577935465,0.3072785437,-0.2175972015,0.0414296426
0.0000000000,0.0000000000,0.3000000000,-0.0006597893,0.0329225283,0.2964459138,0.9544817924,0.0075398223,-0.0025132741,0.2000000000,-1.3000000000,0.0000000000,-0.5000000000,0.2000000000,1.3000000000,0.0000000000,0.5000000000,-0.1771953851,-0.0078202486,-0.0947966725,0.2916380465,-0.1416463405,-0.0037924810,-0.1638437510,-0.0272755008,-0.0577935465,0.3072785437,-0.2175972015,0.0414296426
0.0000000000,0.0000000000,0.3000000000,-0.0006641940,0.0329228170,0.2964361758,0.9544848038,0.0075398223,-0.0025132741,0.2000000000,-1.3000000000,0.0000000000,-0.5000000000,0.2000000000,1.3000000000,0.0000000000,0.5000000000,-0.1771953851,-0.0078202486,-0.0947966725,0.2916380465,-0.1416463405,-0.0037924810,-0.1638437510,-0.0272755008,-0.0577935465,0.3072785437,-0.2175972015,0.0414296426
