0.0000000000,0.0000000000,0.3000000000,0.0047262940,-0.0199787252,-0.8472812397,0.5307475986,0.0075398223,0.0000000000,0.0000000000,-1.3000000000,0.0000000000,-0.0000000000,0.0000000000,1.3000000000,0.0000000000,0.0000000000,-0.6967650652,0.1352330744,0.2607385218,1.6035324335,-0.1619150788,0.0955599919,-0.2813382149,0.0154497596,-0.0181200877,0.5979629159,-0.3363764584,-0.0684175119
0.0000000000,0.0000000000,0.3000000000,0.0040331859,-0.0208260944,-0.8477878994,0.5299110159,0.0075398223,0.0000000000,0.0000000000,-1.3000000000,0.0000000000,-0.0000000000,0.0000000000,1.3000000000,0.0000000000,0.0000000000,-0.7546896362,0.1271362924,0.2752560593,1.5259381140,-0.2296195556,0.0961536511,-0.1934655264,0.0112535283,-0.0165727367,0.5541744160,-0.3416819240,-0.0628714876
0.0000000000,0.0000000000,0.3000000000,0.0051516735,-0.0202361012,-0.8503962791,0.5257281893,0.0075398223,-0.0025132741,0.0000000000,-1.3000000000,0.0000000000,-0.0000000000,0.0000000000,1.3000000000,0.0000000000,0.0000000000,-0.7976609848,0.1130397344,0.2744039020,1.4183561969,-0.2871420760,0.0893307333,-0.1065803395,0.0104905777,-0.0074048892,0.4985251366,-0.3542725788,-0.0542793759
0.0000000000,0.0000000000,0.3000000000,0.0074003447,-0.0176334743,-0.8531931554,0.5212444100,0.0075398223,-0.0025132741,0.0000000000,-1.3000000000,0.0000000000,-0.0000000000,0.0000000000,1.3000000000,0.0000000000,0.0000000000,-0.8367007956,0.0975035635,0.2569603530,1.2845079165,-0.3322211392,0.0863940021,-0.0175253051,0.0093461508,-0.0013351644,0.4458345985,-0.3526999455,-0.0440881111
0.0000000000,0.0000000000,0.3000000000,0.0085885869,-0.0139568489,-0.8545384642,0.5191295173,0.0075398223,-0.0025132741,0.0000000000,-1.3000000000,0.0000000000,-0.0000000000,0.0000000000,1.3000000000,0.0000000000,0.0000000000,-0.8600665605,0.0790813018,0.2297341896,1.1379297900,-0.3647344135,0.0801107362,0.0603519428,0.0074537480,-0.0105355018,0.4129023439,-0.3389579782,-0.0350277181
0.0000000000,0.0000000000,0.3000000000,0.0098279308,-0.0082483607,-0.8548035515,0.5187930847,0.0069115036,-0.0025132741,0.0000000000,-1.3000000000,0.0000000000,-0.0000000000,0.0000000000,1.3000000000,0.0000000000,0.0000000000,-0.8607041245,0.0557271214,0.2032945343,0.9892925294,-0.3855231828,0.0632771193,0.1117724566,0.0097594355,-0.0247324108,0.4135514311,-0.3172762738,-0.0281606713
0.0000000000,0.0000000000,0.3000000000,0.0096143813,-0.0045957489,-0.8552332340,0.5181337262,0.0075398223,-0.0018849556,0.0000000000,-1.3000000000,0.0000000000,-0.0000000000,0.0000000000,1.3000000000,0.0000000000,0.0000000000,-0.8463052896,0.0402468489,0.1791048251,0.8463144195,-0.3951913633,0.0456771712,0.1276035756,0.0066758222,-0.0352859008,0.4659662090,-0.2925268210,-0.0246541564
0.0000000000,0.0000000000,0.3000000000,0.0084109213,-0.0014853272,-0.8563479162,0.5163286711,0.0075398223,-0.0025132741,0.0000000000,-1.3000000000,0.0000000000,-0.0000000000,0.0000000000,1.3000000000,0.0000000000,0.0000000000,-0.8166359504,0.0225671614,0.1544270613,0.7237310528,-0.3957953338,0.0377314092,0.1112876748,0.0000927625,-0.0460331192,0.5855361592,-0.2585050233,-0.0200184086
0.0000000000,0.0000000000,0.3000000000,0.0063005564,0.0010384541,-0.8591300818,0.5117174289,0.0075398223,-0.0025132741,0.0000000000,-1.3000000000,0.0000000000,-0.0000000000,0.0000000000,1.3000000000,0.0000000000,0.0000000000,-0.7777339967,0.0077346371,0.1200416229,0.6371797710,-0.3925994423,0.0381496925,0.0642035074,-0.0113962143,-0.0532443763,0.7569106203,-0.2045074641,-0.0131387449
0.0000000000,0.0000000000,0.3000000000,0.0047581464,0.0002944612,-0.8634298925,0.5044463243,0.0075398223,0.0018849556,0.0000000000,-1.3000000000,0.0000000000,-0.0000000000,0.0000000000,1.3000000000,0.0000000000,0.0000000000,-0.7536934516,-0.0081969173,0.0942477870,0.6277084245,-0.3420289223,0.0395159966,-0.0058147463,-0.0349420565,-0.0578353983,0.9538089358,-0.1277506399,-0.0114109676
0.0000000000,0.0000000000,0.3000000000,0.0097488572,-0.0044471573,-0.8656014407,0.5006189454,0.0075398223,-0.0006283185,0.0000000000,-1.3000000000,0.0000000000,-0.0000000000,0.0000000000,1.3000000000,0.0000000000,0.0000000000,-0.7339838568,-0.0395822210,0.0816275059,0.6995846173,-0.2723335440,0.0533007707,-0.0999215824,-0.0660698694,-0.0559193348,1.1509197634,-0.0505344314,-0.0190455575
0.0000000000,0.0000000000,0.3000000000,0.0112035590,-0.0059672127,-0.8679866484,0.4964252722,0.0075398223,0.0006283185,0.0000000000,-1.3000000000,0.0000000000,-0.0000000000,0.0000000000,1.3000000000,0.0000000000,0.0000000000,-0.7038872130,-0.0444279127,0.0661580338,0.7449709100,-0.2530144583,0.0573718722,-0.2031319466,-0.0784072166,-0.0655209754,1.3406183502,-0.0005603832,-0.0336372692
0.0000000000,0.0000000000,0.3000000000,0.0080068646,-0.0026544785,-0.8698291036,0.4932810298,0.0075398223,0.0012552830,0.0000000000,-1.3000000000,0.0000000000,-0.0000000000,0.0000000000,1.3000000000,0.0000000000,0.0000000000,-0.6773155656,-0.0452048518,0.0631358450,0.7871641339,-0.2238478463,0.0832693114,-0.3026794736,-0.0783924063,-0.0951707510,1.5138520316,0.0119799973,-0.0509852943
0.0000000000,0.0000000000,0.3000000000,0.0035234347,0.0013320523,-0.8713243656,0.4906930415,0.0075398223,0.0000730269,0.0000000000,-1.3000000000,0.0000000000,-0.0000000000,0.0000000000,1.3000000000,0.0000000000,0.0000000000,-0.6428264813,-0.0496227691,0.0488865964,0.8303877439,-0.1985264278,0.1044587052,-0.4035074108,-0.0901478527,-0.1384797930,1.6470733932,-0.0075180878,-0.0639488258
0.0000000000,0.0000000000,0.3000000000,0.0016209330,0.0029389687,-0.8697198606,0.4935342938,0.0069115036,0.0000000000,0.0000000000,-1.3000000000,0.0000000000,-0.0000000000,0.0000000000,1.3000000000,0.0000000000,0.0000000000,-0.6005000465,-0.0651999449,0.0196315519,0.8542749152,-0.2194214523,0.1094362881,-0.5022162675,-0.1144894753,-0.1802616323,1.7268426950,-0.0528379391,-0.0750174448
0.0000000000,0.0000000000,0.3000000000,0.0012449397,0.0046760899,-0.8674368380,0.4975237847,0.0075398223,0.0000000000,0.0000000000,-1.3000000000,0.0000000000,-0.0000000000,0.0000000000,1.3000000000,0.0000000000,0.0000000000,-0.5375870776,-0.0796743362,-0.0164860793,0.8371650547,-0.2390262379,0.0969552247,-0.6076766497,-0.1311735316,-0.2106571273,1.7503094219,-0.1185865773,-0.0846313263
0.0000000000,0.0000000000,0.3000000000,0.0014880531,0.0069899333,-0.8662321676,0.4995905907,0.0075398223,0.0012566370,0.0000000000,-1.3000000000,0.0000000000,-0.0000000000,0.0000000000,1.3000000000,0.0000000000,0.0000000000,-0.4641601494,-0.0805821461,-0.0288513694,0.7956306916,-0.2503632339,0.1008553975,-0.7133731640,-0.1368089479,-0.2277000600,1.7206089313,-0.1974026440,-0.0939659886
0.0000000000,0.0000000000,0.3000000000,0.0016451711,0.0092352690,-0.8650591884,0.5015821007,0.0075398223,0.0006283185,0.0000000000,-1.3000000000,0.0000000000,-0.0000000000,0.0000000000,1.3000000000,0.0000000000,0.0000000000,-0.3865189105,-0.0764463271,-0.0287618813,0.7403839034,-0.2479024228,0.0978194831,-0.8051711727,-0.1394688380,-0.2313253987,1.6425202428,-0.2699818807,-0.1040967687
0.0000000000,0.0000000000,0.3000000000,0.0013918374,0.0104149304,-0.8635333626,0.5041822326,0.0075398223,0.0006283185,0.0000000000,-1.3000000000,0.0000000000,-0.0000000000,0.0000000000,1.3000000000,0.0000000000,0.0000000000,-0.3054886541,-0.0710962892,-0.0232651363,0.6799606641,-0.2313621042,0.0972593504,-0.8740240196,-0.1397618840,-0.2220628044,1.5246649800,-0.3160775567,-0.1127062837
0.0000000000,0.0000000000,0.3000000000,0.0006994663,0.0110383073,-0.8621406657,0.5065482594,0.0075398223,0.0011892781,0.0000000000,-1.3000000000,0.0000000000,-0.0000000000,0.0000000000,1.3000000000,0.0000000000,0.0000000000,-0.2274542994,-0.0661860108,-0.0017300503,0.6190527068,-0.2102522027,0.0863599799,-0.9104731814,-0.1370586618,-0.2056424763,1.3716215117,-0.3227258268,-0.1013465808
0.0000000000,0.0000000000,0.3000000000,0.0000019734,0.0099561999,-0.8615550007,0.5075666013,0.0075398223,0.0012566370,0.0000000000,-1.3000000000,0.0000000000,-0.0000000000,0.0000000000,1.3000000000,0.0000000000,0.0000000000,-0.1509274285,-0.0646601021,0.0299798141,0.5634403179,-0.1827794295,0.0762328612,-0.9117614744,-0.1234252913,-0.1911541916,1.1885087963,-0.3040961112,-0.0844634594
0.0000000000,0.0000000000,0.3000000000,-0.0029462140,0.0075668677,-0.8617458781,0.5072751757,0.0075398223,0.0012566370,0.0000000000,-1.3000000000,0.0000000000,-0.0000000000,0.0000000000,1.3000000000,0.0000000000,0.0000000000,-0.0804860747,-0.0642786324,0.0580822859,0.5337100503,-0.1493443056,0.0688048920,-0.8878533035,-0.1005702964,-0.1731744006,0.9941197169,-0.2739699989,-0.0711873766
0.0000000000,0.0000000000,0.3000000000,-0.0067814863,0.0056177534,-0.8625907881,0.5058256464,0.0075398223,0.0012566370,0.0000000000,-1.3000000000,0.0000000000,-0.0000000000,0.0000000000,1.3000000000,0.0000000000,0.0000000000,-0.0321872250,-0.0605533116,0.0823448753,0.5368611454,-0.1093305766,0.0586150408,-0.8439197427,-0.0708951261,-0.1583004895,0.8140879558,-0.2408212445,-0.0626371558
0.0000000000,0.0000000000,0.3000000000,-0.0106080760,0.0025451943,-0.8641251145,0.5031587991,0.0075398223,0.0006283185,0.0000000000,-1.3000000000,0.0000000000,-0.0000000000,0.0000000000,1.3000000000,0.0000000000,0.0000000000,-0.0029644873,-0.0558861680,0.1021373944,0.5765787971,-0.0487464906,0.0429066509,-0.7814277777,-0.0332971601,-0.1504457601,0.6516085349,-0.2038871367,-0.0604546222
0.0000000000,0.0000000000,0.3000000000,-0.0128743930,-0.0020457333,-0.8658369126,0.5001564812,0.0075398223,0.0006283185,0.0000000000,-1.3000000000,0.0000000000,-0.0000000000,0.0000000000,1.3000000000,0.0000000000,0.0000000000,0.0003723435,-0.0558861680,0.1007004153,0.6519556889,0.0293725668,0.0362788129,-0.7137950243,0.0013034611,-0.1476718671,0.5352961534,-0.1646921986,-0.0714512605
0.0000000000,0.0000000000,0.3000000000,-0.0129533524,-0.0092385361,-0.8662213502,0.4994070810,0.0075398223,0.0006283185,0.0000000000,-1.3000000000,0.0000000000,-0.0000000000,0.0000000000,1.3000000000,0.0000000000,0.0000000000,-0.0304966758,-0.0554045371,0.0768481819,0.7664705134,0.1165421769,0.0394521070,-0.6416441271,0.0136734729,-0.1322622939,0.4563972113,-0.1114804613,-0.0931737925
0.0000000000,0.0000000000,0.3000000000,-0.0113313157,-0.0182924856,-0.8616072470,0.5071192544,0.0050265482,0.0006283185,0.0000000000,-1.3000000000,0.0000000000,-0.0000000000,0.0000000000,1.3000000000,0.0000000000,0.0000000000,-0.0945862582,-0.0527090773,0.0549352904,0.9203330496,0.1751891748,0.0456695397,-0.5731838722,0.0065561594,-0.1127316485,0.4160047017,-0.0451387654,-0.1215040202
0.0000000000,0.0000000000,0.3000000000,-0.0087740292,-0.0286850304,-0.8519953900,0.5226892393,0.0063232546,0.0006283185,0.0000000000,-1.3000000000,0.0000000000,-0.0000000000,0.0000000000,1.3000000000,0.0000000000,0.0000000000,-0.1731528935,-0.0359278029,0.0502370153,1.0885150895,0.1768063398,0.0519498537,-0.5129104143,-0.0272102831,-0.1027346805,0.4118515124,0.0309872449,-0.1457829807
0.0000000000,0.0000000000,0.3000000000,-0.0047611038,-0.0409866466,-0.8413703673,0.5388815562,0.0069115036,0.0000000000,0.0000000000,-1.3000000000,0.0000000000,-0.0000000000,0.0000000000,1.3000000000,0.0000000000,0.0000000000,-0.2582600658,-0.0138758906,0.0650179708,1.2606118132,0.1266295148,0.0544710454,-0.4600827372,-0.0760571557,-0.0871191947,0.4278012240,0.1282055693,-0.1570106497
0.0000000000,0.0000000000,0.3000000000,-0.0020330053,-0.0440719878,-0.8406937895,0.5397105512,0.0100530963,0.0038818225,0.0000000000,-1.3000000000,0.0000000000,-0.0000000000,0.0000000000,1.3000000000,0.0000000000,0.0000000000,-0.3452435766,0.0371365696,0.0828350404,1.3984713768,0.0447027365,0.0440956507,-0.4985598892,-0.0529596064,-0.0810373570,0.4692386787,0.1168277364,-0.0867932426
0.0000000000,0.0000000000,0.3000000000,-0.0043800949,-0.0315306707,-0.8541438934,0.5190615001,0.0093003343,0.0050265482,0.0000000000,-1.3000000000,0.0000000000,-0.0000000000,0.0000000000,1.3000000000,0.0000000000,0.0000000000,-0.4555029031,0.0688563362,0.0815242900,1.4793906689,-0.0496638803,0.0282401182,-0.4846721057,-0.0131609067,-0.0587905684,0.5332557578,0.1328261350,-0.0478264116
0.0000000000,0.0000000000,0.3000000000,-0.0084911550,-0.0302387264,-0.8596871343,0.5098544408,0.0069115036,0.0100530963,0.0000000000,-1.3000000000,0.0000000000,-0.0000000000,0.0000000000,1.3000000000,0.0000000000,0.0000000000,-0.5339196957,0.0540299573,0.0789579901,1.5102542071,-0.1420313786,0.0228202287,-0.4583279794,-0.0165281246,-0.0444419011,0.5458840756,0.1592777138,-0.0846428972
0.0000000000,0.0000000000,0.3000000000,-0.0152867141,-0.0329156460,-0.8591360625,0.5104587180,0.0069115036,0.0103295522,0.0000000000,-1.3000000000,0.0000000000,-0.0000000000,0.0000000000,1.3000000000,0.0000000000,0.0000000000,-0.5934615136,0.0304188712,0.0592813082,1.4619821349,-0.2208858508,0.0323949875,-0.4204165948,-0.0204928647,-0.0471961539,0.5376058830,0.1569125592,-0.0990019640
0.0000000000,0.0000000000,0.3000000000,-0.0221658750,-0.0362142169,-0.8569464157,0.5136536236,0.0081681414,0.0092986214,0.0000000000,-1.3000000000,0.0000000000,-0.0000000000,0.0000000000,1.3000000000,0.0000000000,0.0000000000,-0.6107032863,0.0004175295,0.0468824474,1.3476270143,-0.2649371272,0.0343929750,-0.3826560244,-0.0252915301,-0.0515382433,0.5290675608,0.1550151185,-0.1000848729
0.0000000000,0.0000000000,0.3000000000,-0.0285348764,-0.0410800353,-0.8579251238,0.5113342093,0.0081681414,0.0069115036,0.0000000000,-1.3000000000,0.0000000000,-0.0000000000,0.0000000000,1.3000000000,0.0000000000,0.0000000000,-0.5938460695,-0.0181943177,0.0386438184,1.1798821936,-0.2650696929,0.0182870963,-0.3518369527,-0.0261310749,-0.0611491523,0.5228122473,0.1549610943,-0.1022099114
0.0000000000,0.0000000000,0.3000000000,-0.0325599874,-0.0449378771,-0.8618137833,0.5041799652,0.0081681414,0.0043982295,0.0000000000,-1.3000000000,0.0000000000,-0.0000000000,0.0000000000,1.3000000000,0.0000000000,0.0000000000,-0.5574832639,-0.0375521776,0.0334918513,1.0004953042,-0.2374324661,0.0120040157,-0.3307740497,-0.0288909820,-0.0707637146,0.5268957343,0.1461519961,-0.1073967203
0.0000000000,0.0000000000,0.3000000000,-0.0351767077,-0.0472064623,-0.8656245454,0.4972205702,0.0075398223,0.0031415927,0.0000000000,-1.3000000000,0.0000000000,-0.0000000000,0.0000000000,1.3000000000,0.0000000000,0.0000000000,-0.5154522639,-0.0470247420,0.0247241851,0.8422159949,-0.1883703019,0.0149278996,-0.3113313371,-0.0291828793,-0.0683873708,0.5470761472,0.1130947336,-0.1062723730
0.0000000000,0.0000000000,0.3000000000,-0.0371757600,-0.0463309232,-0.8691885794,0.4908998084,0.0075398223,0.0023684280,0.0000000000,-1.3000000000,0.0000000000,-0.0000000000,0.0000000000,1.3000000000,0.0000000000,0.0000000000,-0.4845185007,-0.0385735946,0.0147165184,0.7149024234,-0.1307790740,0.0165580349,-0.2953945656,-0.0263366674,-0.0689442780,0.5730196674,0.0494596848,-0.0941688963
0.0000000000,0.0000000000,0.3000000000,-0.0398087987,-0.0407440913,-0.8722807885,0.4856762344,0.0075398223,0.0006283185,0.0000000000,-1.3000000000,0.0000000000,-0.0000000000,0.0000000000,1.3000000000,0.0000000000,0.0000000000,-0.4739833772,-0.0176546991,-0.0074204443,0.6208041732,-0.0754363142,0.0164931446,-0.2810589785,-0.0208926589,-0.0741878280,0.6061417380,-0.0225630229,-0.0865620693
0.0000000000,0.0000000000,0.3000000000,-0.0431247905,-0.0309740107,-0.8751111272,0.4810003930,0.0075398223,0.0012566370,0.0000000000,-1.3000000000,0.0000000000,-0.0000000000,0.0000000000,1.3000000000,0.0000000000,0.0000000000,-0.4757944180,0.0083057572,-0.0474127763,0.5521704605,-0.0236695929,0.0159625782,-0.2764753789,-0.0027608845,-0.0909857719,0.6511922249,-0.0968248803,-0.0820111743
0.0000000000,0.0000000000,0.3000000000,-0.0488313283,-0.0184683305,-0.8772224435,0.4772370551,0.0075398223,0.0018849556,0.0000000000,-1.3000000000,0.0000000000,-0.0000000000,0.0000000000,1.3000000000,0.0000000000,0.0000000000,-0.4723714974,0.0450061209,-0.1085513928,0.5007993951,0.0268084859,0.0176967286,-0.2871087425,0.0223647062,-0.1049729526,0.7084404907,-0.1826425927,-0.0721209191
0.0000000000,0.0000000000,0.3000000000,-0.0573037305,-0.0089558294,-0.8786901496,0.4738561982,0.0075398223,0.0094247777,0.0000000000,-1.3000000000,0.0000000000,-0.0000000000,0.0000000000,1.3000000000,0.0000000000,0.0000000000,-0.4915308946,0.0453964301,-0.1388569322,0.5071703767,0.0770848065,-0.0215864881,-0.3004119992,0.0284202640,-0.1071947965,0.7734403437,-0.2632490149,-0.0656170503
0.0000000000,0.0000000000,0.3000000000,-0.0532959611,-0.0129305227,-0.8749118952,0.4811668295,0.0081681414,-0.0010296609,0.0000000000,-1.3000000000,0.0000000000,-0.0000000000,0.0000000000,1.3000000000,0.0000000000,0.0000000000,-0.4858460730,0.0189889040,-0.1677223883,0.5399786234,0.0775873986,-0.0287607580,-0.3179229194,0.0057061626,-0.0955965836,0.8280565704,-0.3115601465,-0.0795463189
0.0000000000,0.0000000000,0.3000000000,-0.0521347473,-0.0174579678,-0.8752338778,0.4805651326,0.0081681414,0.0032461161,0.0000000000,-1.3000000000,0.0000000000,-0.0000000000,0.0000000000,1.3000000000,0.0000000000,0.0000000000,-0.4680492265,0.0208538768,-0.2087943984,0.5230451690,0.0731548568,-0.0076997564,-0.3312689712,-0.0041540435,-0.0829074697,0.8574722840,-0.3389524380,-0.0842091252
0.0000000000,0.0000000000,0.3000000000,-0.0504416238,-0.0202821060,-0.8771669532,0.4770979092,0.0062831854,-0.0018849556,0.0000000000,-1.3000000000,0.0000000000,-0.0000000000,0.0000000000,1.3000000000,0.0000000000,0.0000000000,-0.4703228840,0.0088575289,-0.1924673393,0.5211191458,0.0307564036,-0.0200008299,-0.3009735861,-0.0388139889,-0.1101499182,0.8281856895,-0.3296971858,-0.0602837528
0.0000000000,0.0000000000,0.3000000000,-0.0467104534,-0.0231945914,-0.8780924622,0.4756403813,0.0075398223,-0.0025132741,0.0000000000,-1.3000000000,0.0000000000,-0.0000000000,0.0000000000,1.3000000000,0.0000000000,0.0000000000,-0.4851630836,0.0050399361,-0.1698888926,0.5366622716,-0.0334634139,-0.0455459418,-0.2691240603,-0.0698977152,-0.1297893755,0.7591962892,-0.3133693190,-0.0401703584
0.0000000000,0.0000000000,0.3000000000,-0.0397123897,-0.0254143038,-0.8775104189,0.4772342235,0.0069115036,-0.0023382773,0.0000000000,-1.3000000000,0.0000000000,-0.0000000000,0.0000000000,1.3000000000,0.0000000000,0.0000000000,-0.5188720234,-0.0009536889,-0.1506175755,0.5936027528,-0.0854461273,-0.0563988346,-0.2519838122,-0.0821452484,-0.1536936701,0.6919940996,-0.3480096350,-0.0091243949
0.0000000000,0.0000000000,0.3000000000,-0.0384540210,-0.0206121944,-0.8737787237,0.4843626407,0.0064387512,-0.0018849556,0.0000000000,-1.3000000000,0.0000000000,-0.0000000000,0.0000000000,1.3000000000,0.0000000000,0.0000000000,-0.5370175927,-0.0004777635,-0.1252276189,0.6687101090,-0.1334494702,-0.0510622220,-0.2210724307,-0.0926967172,-0.1785213679,0.6528119569,-0.3699690445,-0.0154193973
0.0000000000,0.0000000000,0.3000000000,-0.0381142479,-0.0190123035,-0.8711598058,0.4891486780,0.0075398223,-0.0018849556,0.0000000000,-1.3000000000,0.0000000000,-0.0000000000,0.0000000000,1.3000000000,0.0000000000,0.0000000000,-0.5505905294,0.0006416395,-0.0887617518,0.7262783095,-0.1724201380,-0.0399212463,-0.1822926858,-0.1038483150,-0.2099679498,0.6060425763,-0.3609098915,-0.0131744883
0.0000000000,0.0000000000,0.3000000000,-0.0376678836,-0.0205980611,-0.8698347258,0.4914716678,0.0075398223,-0.0020423765,0.0000000000,-1.3000000000,0.0000000000,-0.0000000000,0.0000000000,1.3000000000,0.0000000000,0.0000000000,-0.5410266739,0.0048640204,-0.0507341765,0.7640967433,-0.1929186479,-0.0347224701,-0.1559266771,-0.1138704494,-0.2197303334,0.5779342141,-0.3379630392,-0.0101795564
0.0000000000,0.0000000000,0.3000000000,-0.0374330918,-0.0219016325,-0.8687525317,0.4933438161,0.0075398223,-0.0031415927,0.0000000000,-1.3000000000,0.0000000000,-0.0000000000,0.0000000000,1.3000000000,0.0000000000,0.0000000000,-0.5261712098,0.0070572975,-0.0197021063,0.7717390871,-0.1981901722,-0.0356071980,-0.1299485350,-0.1160569213,-0.2265824421,0.5536655044,-0.3211048636,-0.0062169376
0.0000000000,0.0000000000,0.3000000000,-0.0372397891,-0.0207632156,-0.8664791263,0.4973891943,0.0074001204,-0.0034209963,0.0000000000,-1.3000000000,0.0000000000,-0.0000000000,0.0000000000,1.3000000000,0.0000000000,0.0000000000,-0.4994569939,0.0076084095,0.0110843048,0.7508071694,-0.1969864157,-0.0264617837,-0.1031465194,-0.1202707147,-0.2313649207,0.5284917382,-0.3129852810,0.0032834179
0.0000000000,0.0000000000,0.3000000000,-0.0365551299,-0.0175601480,-0.8640991029,0.5016852639,0.0075398223,-0.0043982295,0.0000000000,-1.3000000000,0.0000000000,-0.0000000000,0.0000000000,1.3000000000,0.0000000000,0.0000000000,-0.4544608927,0.0192292241,0.0337252954,0.7199326145,-0.1941348773,-0.0185283297,-0.0883115903,-0.1188296303,-0.2317463905,0.5063575432,-0.3045541177,0.0140403510
0.0000000000,0.0000000000,0.3000000000,-0.0364561407,-0.0126868246,-0.8639779556,0.5020478927,0.0080216377,-0.0043982295,0.0000000000,-1.3000000000,0.0000000000,-0.0000000000,0.0000000000,1.3000000000,0.0000000000,0.0000000000,-0.4029913431,0.0297422500,0.0456752762,0.6717793745,-0.1876837820,-0.0165687522,-0.0879301131,-0.1148369846,-0.2273722676,0.5019200150,-0.2990205567,0.0234108359
0.0000000000,0.0000000000,0.3000000000,-0.0353932783,-0.0073935780,-0.8650490498,0.5003826459,0.0075398223,-0.0025132741,0.0000000000,-1.3000000000,0.0000000000,-0.0000000000,0.0000000000,1.3000000000,0.0000000000,0.0000000000,-0.3877699077,0.0219853643,0.0501640327,0.6121785548,-0.2018978049,0.0105378068,-0.0893372754,-0.1131075025,-0.2111972375,0.5011868519,-0.2994927054,0.0219993080
0.0000000000,0.0000000000,0.3000000000,-0.0328652970,-0.0058388467,-0.8666482965,0.4978016777,0.0075398223,-0.0043982295,0.0000000000,-1.3000000000,0.0000000000,-0.0000000000,0.0000000000,1.3000000000,0.0000000000,0.0000000000,-0.3693812490,0.0080816130,0.0463704208,0.5773065512,-0.1957417651,0.0195623221,-0.0893147602,-0.1156577163,-0.1890634153,0.5104426437,-0.2910216456,0.0053351679
0.0000000000,0.0000000000,0.3000000000,-0.0289748434,-0.0041033920,-0.8660694206,0.4990665080,0.0075398223,-0.0056548668,0.0000000000,-1.3000000000,0.0000000000,-0.0000000000,0.0000000000,1.3000000000,0.0000000000,0.0000000000,-0.3565041750,-0.0027237272,0.0417715721,0.5384985392,-0.1885453927,0.0082649066,-0.1008697394,-0.1091706771,-0.1713664603,0.5405584307,-0.2822878723,-0.0052666830
0.0000000000,0.0000000000,0.3000000000,-0.0252762254,-0.0019581121,-0.8642669963,0.5023941056,0.0075398223,-0.0043982295,0.0000000000,-1.3000000000,0.0000000000,-0.0000000000,0.0000000000,1.3000000000,0.0000000000,0.0000000000,-0.3389154568,-0.0105719877,0.0358052100,0.5080463455,-0.1783058516,0.0159539926,-0.1327767242,-0.1061595326,-0.1522924907,0.5899472597,-0.2756143721,-0.0003240766
0.0000000000,0.0000000000,0.3000000000,-0.0215715581,0.0015216230,-0.8628937822,0.5049224427,0.0075398223,-0.0050265482,0.0000000000,-1.3000000000,0.0000000000,-0.0000000000,0.0000000000,1.3000000000,0.0000000000,0.0000000000,-0.3276451086,-0.0179717355,0.0250184399,0.4786564584,-0.1705294482,0.0206770645,-0.1770682286,-0.0987597829,-0.1267876451,0.6514436526,-0.2715639770,0.0071887653
0.0000000000,0.0000000000,0.3000000000,-0.0185706158,0.0044587789,-0.8622504727,0.5061218963,0.0075398223,-0.0050265482,0.0000000000,-1.3000000000,0.0000000000,-0.0000000000,0.0000000000,1.3000000000,0.0000000000,0.0000000000,-0.3173701783,-0.0220389554,0.0140971110,0.4526549107,-0.1634981362,0.0187799806,-0.2193317525,-0.0883807333,-0.1049574339,0.7162560966,-0.2725769386,0.0072788752
0.0000000000,0.0000000000,0.3000000000,-0.0167413552,0.0066820869,-0.8613776443,0.5076451818,0.0075398223,-0.0050265482,0.0000000000,-1.3000000000,0.0000000000,-0.0000000000,0.0000000000,1.3000000000,0.0000000000,0.0000000000,-0.3142177340,-0.0241510794,0.0042233445,0.4336011923,-0.1561355717,0.0169312028,-0.2504754852,-0.0752504169,-0.0905094370,0.7667029201,-0.2758829660,0.0085434329
0.0000000000,0.0000000000,0.3000000000,-0.0138188887,0.0098405002,-0.8586761723,0.5122376734,0.0075398223,-0.0050265482,0.0000000000,-1.3000000000,0.0000000000,-0.0000000000,0.0000000000,1.3000000000,0.0000000000,0.0000000000,-0.3075580755,-0.0266145115,-0.0103130249,0.4125394281,-0.1412633727,0.0178774025,-0.2854852286,-0.0563432343,-0.0734076719,0.8118195301,-0.2820362997,0.0099235621
0.0000000000,0.0000000000,0.3000000000,-0.0114186833,0.0113128389,-0.8555124985,0.5175326060,0.0075398223,-0.0043982295,0.0000000000,-1.3000000000,0.0000000000,-0.0000000000,0.0000000000,1.3000000000,0.0000000000,0.0000000000,-0.3016737622,-0.0302099698,-0.0230940041,0.3947390429,-0.1268927585,0.0205837965,-0.3055179766,-0.0448086423,-0.0596861888,0.8204804983,-0.2840127706,0.0176441285
0.0000000000,0.0000000000,0.3000000000,-0.0092548586,0.0118466635,-0.8525022794,0.5225072897,0.0075398223,-0.0050265482,0.0000000000,-1.3000000000,0.0000000000,-0.0000000000,0.0000000000,1.3000000000,0.0000000000,0.0000000000,-0.2941840860,-0.0327404605,-0.0347721373,0.3753226452,-0.1137320881,0.0206527424,-0.3109690021,-0.0358008399,-0.0475022793,0.8036039610,-0.2814253572,0.0129043519
0.0000000000,0.0000000000,0.3000000000,-0.0074018005,0.0115429419,-0.8495974810,0.5272533491,0.0075398223,-0.0050265482,0.0000000000,-1.3000000000,0.0000000000,-0.0000000000,0.0000000000,1.3000000000,0.0000000000,0.0000000000,-0.2875604427,-0.0341420621,-0.0424159001,0.3573576645,-0.1030019453,0.0191242356,-0.3023065667,-0.0293015037,-0.0373124909,0.7613018616,-0.2800588012,0.0131069431
0.0000000000,0.0000000000,0.3000000000,-0.0050460152,0.0114876283,-0.8473216424,0.5309318284,0.0075398223,-0.0050265482,0.0000000000,-1.3000000000,0.0000000000,-0.0000000000,0.0000000000,1.3000000000,0.0000000000,0.0000000000,-0.2834891357,-0.0340041320,-0.0483945867,0.3414411051,-0.0944343544,0.0172670973,-0.2878966113,-0.0237042917,-0.0273811186,0.7009053616,-0.2785498214,0.0086586941
0.0000000000,0.0000000000,0.3000000000,-0.0029247662,0.0105724316,-0.8454202851,0.5339889615,0.0075398223,-0.0050265482,0.0000000000,-1.3000000000,0.0000000000,-0.0000000000,0.0000000000,1.3000000000,0.0000000000,0.0000000000,-0.2799322096,-0.0337605849,-0.0569106888,0.3286302965,-0.0918027926,0.0123188582,-0.2713980833,-0.0215533692,-0.0229484854,0.6301922766,-0.2732989090,-0.0003713516
0.0000000000,0.0000000000,0.3000000000,-0.0005652778,0.0091640591,-0.8433945033,0.5372163552,0.0075398223,-0.0050265482,0.0000000000,-1.3000000000,0.0000000000,-0.0000000000,0.0000000000,1.3000000000,0.0000000000,0.0000000000,-0.2763790488,-0.0337605849,-0.0621094480,0.3220364314,-0.0881606558,0.0021111573,-0.2512465691,-0.0211718921,-0.0154722200,0.5568983089,-0.2644167351,-0.0079630594
0.0000000000,0.0000000000,0.3000000000,0.0019951361,0.0067634150,-0.8415051008,0.5402031479,0.0075398223,-0.0050265482,0.0000000000,-1.3000000000,0.0000000000,-0.0000000000,0.0000000000,1.3000000000,0.0000000000,0.0000000000,-0.2781805904,-0.0351806687,-0.0677119121,0.3243391318,-0.0903527230,-0.0020949268,-0.2283869319,-0.0246371811,-0.0045986077,0.4831903810,-0.2468637500,-0.0077842681
0.0000000000,0.0000000000,0.3000000000,0.0051653644,0.0027838770,-0.8399491868,0.5426333317,0.0075398223,-0.0050265482,0.0000000000,-1.3000000000,0.0000000000,-0.0000000000,0.0000000000,1.3000000000,0.0000000000,0.0000000000,-0.2889028386,-0.0436464992,-0.0670977503,0.3458265619,-0.1003855120,-0.0137245518,-0.2070153861,-0.0363660139,0.0103093355,0.4121138980,-0.2184468019,-0.0044526046
0.0000000000,0.0000000000,0.3000000000,0.0091539531,-0.0038176949,-0.8385356117,0.5447565128,0.0075398223,-0.0050265482,0.0000000000,-1.3000000000,0.0000000000,-0.0000000000,0.0000000000,1.3000000000,0.0000000000,0.0000000000,-0.3129426214,-0.0507717927,-0.0586986733,0.3985743718,-0.1181207062,-0.0289290321,-0.1899262627,-0.0489355020,0.0219348446,0.3541740063,-0.1907925196,0.0131022751
0.0000000000,0.0000000000,0.3000000000,0.0096768921,-0.0044822382,-0.8371904778,0.5468074352,0.0075398223,-0.0050265482,0.0000000000,-1.3000000000,0.0000000000,-0.0000000000,0.0000000000,1.3000000000,0.0000000000,0.0000000000,-0.3477130113,-0.0367440908,-0.0449277681,0.4720721003,-0.1382724027,-0.0484605151,-0.1723064487,-0.0350094049,0.0205474833,0.3354394403,-0.1792704023,0.0277060832
0.0000000000,0.0000000000,0.3000000000,0.0093061833,-0.0039389516,-0.8367165127,0.5475430184,0.0081681414,-0.0050265482,0.0000000000,-1.3000000000,0.0000000000,-0.0000000000,0.0000000000,1.3000000000,0.0000000000,0.0000000000,-0.3946572444,-0.0181701291,-0.0335896695,0.5638322470,-0.1535085257,-0.0563730798,-0.1577901810,-0.0310902577,0.0230792705,0.3090650598,-0.1704376541,0.0190235586
0.0000000000,0.0000000000,0.3000000000,0.0095686897,-0.0053602222,-0.8369779733,0.5471266585,0.0075398223,-0.0050265482,0.0000000000,-1.3000000000,0.0000000000,-0.0000000000,0.0000000000,1.3000000000,0.0000000000,0.0000000000,-0.4380124211,-0.0084934579,-0.0191747736,0.6586398605,-0.1637803741,-0.0514274006,-0.1400127768,-0.0239095516,0.0242236964,0.2864320575,-0.1619345271,0.0151751915
0.0000000000,0.0000000000,0.3000000000,0.0081119668,-0.0042851440,-0.8366964902,0.5475900080,0.0075398223,-0.0056548668,0.0000000000,-1.3000000000,0.0000000000,-0.0000000000,0.0000000000,1.3000000000,0.0000000000,0.0000000000,-0.4717185070,0.0095942330,-0.0143053327,0.7394289498,-0.1662675357,-0.0478223676,-0.1216333528,-0.0164367971,0.0221589306,0.2681866706,-0.1496846398,0.0189790097
0.0000000000,0.0000000000,0.3000000000,0.0070387096,-0.0050735487,-0.8361007878,0.5485072364,0.0075398223,-0.0050265482,0.0000000000,-1.3000000000,0.0000000000,-0.0000000000,0.0000000000,1.3000000000,0.0000000000,0.0000000000,-0.4932243074,0.0231092772,-0.0102162560,0.8016837434,-0.1643879348,-0.0508837164,-0.1032662834,-0.0145496479,0.0202717808,0.2438936017,-0.1394837675,0.0155018333
0.0000000000,0.0000000000,0.3000000000,0.0057120150,-0.0052893601,-0.8354106882,0.5495710852,0.0075398223,-0.0056548668,0.0000000000,-1.3000000000,0.0000000000,-0.0000000000,0.0000000000,1.3000000000,0.0000000000,0.0000000000,-0.5029755235,0.0348428507,-0.0015569830,0.8381060222,-0.1639345699,-0.0501139704,-0.0846211573,-0.0135423820,0.0168160049,0.2194063499,-0.1316869723,0.0138519769
0.0000000000,0.0000000000,0.3000000000,0.0049681683,-0.0061629939,-0.8351727253,0.5499307717,0.0075398223,-0.0056548668,0.0000000000,-1.3000000000,0.0000000000,-0.0000000000,0.0000000000,1.3000000000,0.0000000000,0.0000000000,-0.4974621337,0.0438174977,0.0027566870,0.8452634320,-0.1652718198,-0.0479360866,-0.0707295463,-0.0154497596,0.0121208596,0.1950564088,-0.1244705899,0.0164649300
0.0000000000,0.0000000000,0.3000000000,0.0047858771,-0.0057426262,-0.8344493707,0.5510339058,0.0075398223,-0.0056548668,0.0000000000,-1.3000000000,0.0000000000,-0.0000000000,0.0000000000,1.3000000000,0.0000000000,0.0000000000,-0.4785264019,0.0457993602,0.0106590207,0.8247377446,-0.1681861615,-0.0480489651,-0.0567382970,-0.0171441048,0.0034555746,0.1750403042,-0.1184299146,0.0101369195
0.0000000000,0.0000000000,0.3000000000,0.0050319928,-0.0043969099,-0.8328309276,0.5534871203,0.0075398223,-0.0056548668,0.0000000000,-1.3000000000,0.0000000000,-0.0000000000,0.0000000000,1.3000000000,0.0000000000,0.0000000000,-0.4495720891,0.0432974733,0.0146515545,0.7796189460,-0.1765951343,-0.0479616725,-0.0469743745,-0.0190561509,-0.0012999104,0.1570476998,-0.1144542427,0.0139844901
0.0000000000,0.0000000000,0.3000000000,0.0051728652,-0.0020664179,-0.8312303856,0.5559001866,0.0075398223,-0.0056548668,0.0000000000,-1.3000000000,0.0000000000,-0.0000000000,0.0000000000,1.3000000000,0.0000000000,0.0000000000,-0.4120349735,0.0465168049,0.0215069452,0.7124883235,-0.1858484507,-0.0392012386,-0.0370263393,-0.0200274661,-0.0059128711,0.1474867218,-0.1120921224,0.0178620722
0.0000000000,0.0000000000,0.3000000000,0.0044689569,0.0010192042,-0.8294828680,0.5585133493,0.0075398223,-0.0056548668,0.0000000000,-1.3000000000,0.0000000000,-0.0000000000,0.0000000000,1.3000000000,0.0000000000,0.0000000000,-0.3662176143,0.0463492796,0.0291445116,0.6338621814,-0.1879703975,-0.0321836653,-0.0369839441,-0.0190929617,-0.0060844249,0.1443501215,-0.1127878283,0.0192597800
0.0000000000,0.0000000000,0.3000000000,0.0040125944,0.0059926838,-0.8285845171,0.5598175461,0.0075398223,-0.0056548668,0.0000000000,-1.3000000000,0.0000000000,-0.0000000000,0.0000000000,1.3000000000,0.0000000000,0.0000000000,-0.3219382454,0.0472635967,0.0345235355,0.5552621512,-0.1820142573,-0.0326186780,-0.0433700963,-0.0149169185,-0.0066758222,0.1578853843,-0.1162185524,0.0219966017
0.0000000000,0.0000000000,0.3000000000,0.0029425939,0.0131259372,-0.8277367610,0.5609553507,0.0075398223,-0.0056548668,0.0000000000,-1.3000000000,0.0000000000,-0.0000000000,0.0000000000,1.3000000000,0.0000000000,0.0000000000,-0.2816561964,0.0499167724,0.0296774024,0.4830117936,-0.1810976707,-0.0257364406,-0.0583515663,-0.0086962476,-0.0070572975,0.1898687485,-0.1231102140,0.0242024058
0.0000000000,0.0000000000,0.3000000000,0.0042216249,0.0196449971,-0.8266279552,0.5623899677,0.0075398223,-0.0022529742,0.0000000000,-1.3000000000,0.0000000000,-0.0000000000,0.0000000000,1.3000000000,0.0000000000,0.0000000000,-0.2642372080,0.0540441915,0.0229212329,0.4207457461,-0.2047359722,-0.0079502915,-0.0940227989,-0.0127140308,-0.0053733577,0.2432069721,-0.1344044609,0.0230114640
0.0000000000,0.0000000000,0.3000000000,0.0066736723,0.0202471338,-0.8254211329,0.5641147659,0.0081681414,-0.0018849556,0.0000000000,-1.3000000000,0.0000000000,-0.0000000000,0.0000000000,1.3000000000,0.0000000000,0.0000000000,-0.2467905001,0.0375234021,0.0194830129,0.3868475478,-0.1974560461,-0.0153035826,-0.1468331679,-0.0258570580,-0.0019351376,0.3173491606,-0.1345184708,0.0192009994
0.0000000000,0.0000000000,0.3000000000,0.0088051854,0.0188543857,-0.8255446083,0.5639530837,0.0075398223,-0.0018849556,0.0000000000,-1.3000000000,0.0000000000,-0.0000000000,0.0000000000,1.3000000000,0.0000000000,0.0000000000,-0.2300859553,0.0248521115,0.0181200877,0.3587181471,-0.1788060423,-0.0097161712,-0.2052968461,-0.0339325897,-0.0015071685,0.4080919779,-0.1325764381,0.0152494450
0.0000000000,0.0000000000,0.3000000000,0.0088660113,0.0172230912,-0.8259228704,0.5634502384,0.0075398223,-0.0018849556,0.0000000000,-1.3000000000,0.0000000000,-0.0000000000,0.0000000000,1.3000000000,0.0000000000,0.0000000000,-0.2198883005,0.0142729791,0.0179821445,0.3376262930,-0.1644690680,0.0119474389,-0.2605188232,-0.0400021375,-0.0032425423,0.5039972977,-0.1325764288,0.0152494768
0.0000000000,0.0000000000,0.3000000000,0.0082100636,0.0156706810,-0.8248887309,0.5650182354,0.0075398223,-0.0018849556,0.0000000000,-1.3000000000,0.0000000000,-0.0000000000,0.0000000000,1.3000000000,0.0000000000,0.0000000000,-0.2096541460,0.0067091567,0.0164201161,0.3250671718,-0.1591706277,0.0223162578,-0.3125932688,-0.0457603984,-0.0032425423,0.5962444226,-0.1339456113,0.0170655396
0.0000000000,0.0000000000,0.3000000000,0.0072235977,0.0147229852,-0.8227703180,0.5681373577,0.0075398223,-0.0018849556,0.0000000000,-1.3000000000,0.0000000000,-0.0000000000,0.0000000000,1.3000000000,0.0000000000,0.0000000000,-0.2056349799,0.0034529402,0.0105298980,0.3170258306,-0.1567307826,0.0270192265,-0.3629091416,-0.0524528883,-0.0034136199,0.6788240159,-0.1377472514,0.0152402479
0.0000000000,0.0000000000,0.3000000000,0.0071071281,0.0145675472,-0.8202784600,0.5717346616,0.0075398223,-0.0025132741,0.0000000000,-1.3000000000,0.0000000000,-0.0000000000,0.0000000000,1.3000000000,0.0000000000,0.0000000000,-0.2046616375,0.0005722133,0.0049761386,0.3149080575,-0.1542203711,0.0308906464,-0.4110441157,-0.0515161557,-0.0049761386,0.7476115103,-0.1448173831,0.0169630418
0.0000000000,0.0000000000,0.3000000000,0.0064997082,0.0142906990,-0.8184749893,0.5743276257,0.0075398223,-0.0025132741,0.0000000000,-1.3000000000,0.0000000000,-0.0000000000,0.0000000000,1.3000000000,0.0000000000,0.0000000000,-0.2058060616,0.0005722133,0.0040054931,0.3141451180,-0.1515259986,0.0359954999,-0.4479031877,-0.0499907767,-0.0043869689,0.7897402257,-0.1480672484,0.0270803809
0.0000000000,0.0000000000,0.3000000000,0.0060606644,0.0134899454,-0.8174773669,0.5757708263,0.0075398223,-0.0025132741,0.0000000000,-1.3000000000,0.0000000000,-0.0000000000,0.0000000000,1.3000000000,0.0000000000,0.0000000000,-0.2100022882,0.0009536889,0.0034495745,0.3126192093,-0.1513107219,0.0364011722,-0.4653838651,-0.0488451646,-0.0036240178,0.7986516527,-0.1508947612,0.0311172477
0.0000000000,0.0000000000,0.3000000000,0.0063434134,0.0128639598,-0.8167062469,0.5768753642,0.0075398223,-0.0025132741,0.0000000000,-1.3000000000,0.0000000000,-0.0000000000,0.0000000000,1.3000000000,0.0000000000,0.0000000000,-0.2092393339,0.0017166400,0.0028610667,0.3105268572,-0.1520337811,0.0373183301,-0.4637065759,-0.0482566580,-0.0036240178,0.7765510728,-0.1520862454,0.0325779310
0.0000000000,0.0000000000,0.3000000000,0.0071442091,0.0117831020,-0.8163571375,0.5773830123,0.0075398223,-0.0025132741,0.0000000000,-1.3000000000,0.0000000000,-0.0000000000,0.0000000000,1.3000000000,0.0000000000,0.0000000000,-0.2041086163,0.0024795912,0.0068601605,0.3030951156,-0.1567935303,0.0439409623,-0.4444638066,-0.0492039461,-0.0049527828,0.7180585801,-0.1514174394,0.0336795473
0.0000000000,0.0000000000,0.3000000000,0.0080506724,0.0096409818,-0.8172096221,0.5762036721,0.0075398223,-0.0025132741,0.0000000000,-1.3000000000,0.0000000000,-0.0000000000,0.0000000000,1.3000000000,0.0000000000,0.0000000000,-0.1934154501,0.0017166400,0.0083900126,0.2956459876,-0.1606966416,0.0462561679,-0.4097316881,-0.0513084605,-0.0064826349,0.6392161886,-0.1520835608,0.0340898521
0.0000000000,0.0000000000,0.3000000000,0.0090906453,0.0063383350,-0.8186930513,0.5741244407,0.0075398223,-0.0025132741,0.0000000000,-1.3000000000,0.0000000000,-0.0000000000,0.0000000000,1.3000000000,0.0000000000,0.0000000000,-0.1840546872,-0.0005794781,0.0103034724,0.2895363009,-0.1625025729,0.0414891450,-0.3665580541,-0.0520714112,-0.0089646755,0.5561150455,-0.1520835608,0.0340898521
0.0000000000,0.0000000000,0.3000000000,0.0114154709,0.0022973842,-0.8198991056,0.5723896100,0.0075398223,-0.0025132741,0.0000000000,-1.3000000000,0.0000000000,-0.0000000000,0.0000000000,1.3000000000,0.0000000000,0.0000000000,-0.1771953851,-0.0074580189,0.0104905777,0.2885862589,-0.1653480706,0.0309984594,-0.3212776715,-0.0543795108,-0.0118353651,0.4760797668,-0.1516834646,0.0332414992
0.0000000000,0.0000000000,0.3000000000,0.0154293044,-0.0027473801,-0.8205257149,0.5713947319,0.0075398223,-0.0025132741,0.0000000000,-1.3000000000,0.0000000000,-0.0000000000,0.0000000000,1.3000000000,0.0000000000,0.0000000000,-0.1777803101,-0.0156786147,0.0108720530,0.2945372316,-0.1657118013,0.0260549592,-0.2791003393,-0.0603112539,-0.0146868089,0.4037665984,-0.1514175087,0.0336793587
0.0000000000,0.0000000000,0.3000000000,0.0194893346,-0.0069957752,-0.8201249478,0.5718096668,0.0069115036,-0.0002863012,0.0000000000,-1.3000000000,0.0000000000,-0.0000000000,0.0000000000,1.3000000000,0.0000000000,0.0000000000,-0.1860031579,-0.0174971337,0.0081678970,0.3111947974,-0.1670245957,0.0144496921,-0.2602894119,-0.0638633277,-0.0158650627,0.3533356126,-0.1468821344,0.0347074800
0.0000000000,0.0000000000,0.3000000000,0.0189213571,-0.0058785619,-0.8177027048,0.5752996709,0.0069115036,0.0000000000,0.0000000000,-1.3000000000,0.0000000000,-0.0000000000,0.0000000000,1.3000000000,0.0000000000,0.0000000000,-0.2030916139,-0.0053737437,0.0040054931,0.3358009905,-0.1630180271,0.0086370109,-0.2394200191,-0.0559082235,-0.0192645155,0.3366962895,-0.1426105464,0.0350200340
0.0000000000,0.0000000000,0.3000000000,0.0186606056,-0.0049205948,-0.8149428728,0.5792198923,0.0075398223,0.0000000000,0.0000000000,-1.3000000000,0.0000000000,-0.0000000000,0.0000000000,1.3000000000,0.0000000000,0.0000000000,-0.2147849980,-0.0020981156,0.0061178727,0.3693967037,-0.1610905676,0.0076153256,-0.2330958211,-0.0493725561,-0.0167706602,0.3209831488,-0.1396896647,0.0333742935
0.0000000000,0.0000000000,0.3000000000,0.0189130782,-0.0049024370,-0.8134732458,0.5812740661,0.0075398223,0.0000000000,0.0000000000,-1.3000000000,0.0000000000,-0.0000000000,0.0000000000,1.3000000000,0.0000000000,0.0000000000,-0.2172253310,-0.0030643013,0.0057346300,0.3970535659,-0.1631706514,0.0034694725,-0.2353829091,-0.0385665196,-0.0154497596,0.3221311082,-0.1305129834,0.0283974167
0.0000000000,0.0000000000,0.3000000000,0.0171748980,-0.0042545999,-0.8148054722,0.5794643766,0.0075398223,0.0000000000,0.0000000000,-1.3000000000,0.0000000000,-0.0000000000,0.0000000000,1.3000000000,0.0000000000,0.0000000000,-0.2198677013,0.0009536889,0.0040054931,0.4076066315,-0.1681446071,0.0042107030,-0.2315291780,-0.0323989441,-0.0100561458,0.3240634799,-0.1269443638,0.0248666044
0.0000000000,0.0000000000,0.3000000000,0.0164427272,-0.0038375138,-0.8169608043,0.5764459684,0.0075398223,0.0000000000,0.0000000000,-1.3000000000,0.0000000000,-0.0000000000,0.0000000000,1.3000000000,0.0000000000,0.0000000000,-0.2074343403,0.0045953782,0.0043869689,0.4002879021,-0.1743786743,-0.0046440116,-0.2278962977,-0.0238068779,-0.0005368701,0.3233005404,-0.1287768334,0.0200481191
0.0000000000,0.0000000000,0.3000000000,0.0150211119,-0.0032175091,-0.8185743350,0.5741951514,0.0075398223,0.0000000000,0.0000000000,-1.3000000000,0.0000000000,-0.0000000000,0.0000000000,1.3000000000,0.0000000000,0.0000000000,-0.1919174007,0.0076554347,0.0038406792,0.3764997159,-0.1790558638,-0.0153412934,-0.2150744404,-0.0195941433,0.0052017673,0.3209598286,-0.1284022375,0.0206657497
0.0000000000,0.0000000000,0.3000000000,0.0127331881,-0.0033566579,-0.8199642184,0.5722632955,0.0075398223,0.0018849556,0.0000000000,-1.3000000000,0.0000000000,-0.0000000000,0.0000000000,1.3000000000,0.0000000000,0.0000000000,-0.1679016008,0.0093461508,0.0046007694,0.3438833725,-0.1768094246,-0.0186416483,-0.2097884909,-0.0143053327,0.0099414271,0.3156248850,-0.1292404157,0.0200284734
0.0000000000,0.0000000000,0.3000000000,0.0112343983,-0.0026413720,-0.8213649844,0.5702862210,0.0075398223,0.0006283185,0.0000000000,-1.3000000000,0.0000000000,-0.0000000000,0.0000000000,1.3000000000,0.0000000000,0.0000000000,-0.1399187072,0.0126052555,0.0084090247,0.3136311328,-0.1748446479,-0.0189685519,-0.2025138289,-0.0135423820,0.0097276261,0.3062751822,-0.1299062222,0.0204205718
0.0000000000,0.0000000000,0.3000000000,0.0103868846,-0.0025846448,-0.8225835199,0.5685435648,0.0075398223,0.0000000000,0.0000000000,-1.3000000000,0.0000000000,-0.0000000000,0.0000000000,1.3000000000,0.0000000000,0.0000000000,-0.1187743520,0.0187415066,0.0099675684,0.2872881424,-0.1730863672,-0.0199146115,-0.1905901645,-0.0150682842,0.0098691600,0.2951144585,-0.1307739024,0.0212260920
0.0000000000,0.0000000000,0.3000000000,0.0099844527,-0.0023315403,-0.8229046573,0.5680869648,0.0075398223,0.0006283185,0.0000000000,-1.3000000000,0.0000000000,-0.0000000000,0.0000000000,1.3000000000,0.0000000000,0.0000000000,-0.1098682183,0.0171696601,0.0108720530,0.2668551845,-0.1653806508,-0.0211036858,-0.1762514853,-0.0158312358,0.0083957227,0.2845905344,-0.1309757978,0.0216387548
0.0000000000,0.0000000000,0.3000000000,0.0093981434,-0.0023715115,-0.8224661801,0.5687314247,0.0075398223,0.0006283185,0.0000000000,-1.3000000000,0.0000000000,-0.0000000000,0.0000000000,1.3000000000,0.0000000000,0.0000000000,-0.1052438418,0.0154497596,0.0112535283,0.2535510201,-0.1579447504,-0.0116460994,-0.1671902140,-0.0175912828,0.0041528229,0.2741506948,-0.1311169402,0.0228969757
0.0000000000,0.0000000000,0.3000000000,0.0094764439,-0.0023270529,-0.8214636589,0.5701773750,0.0075398223,0.0006283185,0.0000000000,-1.3000000000,0.0000000000,-0.0000000000,0.0000000000,1.3000000000,0.0000000000,0.0000000000,-0.1021812515,0.0140603991,0.0120164799,0.2467604880,-0.1555226698,-0.0057380444,-0.1611734182,-0.0204089414,-0.0004356715,0.2634370191,-0.1331188074,0.0260435058
0.0000000000,0.0000000000,0.3000000000,0.0096657590,-0.0015906034,-0.8212674904,0.5704592468,0.0075398223,0.0006283185,0.0000000000,-1.3000000000,0.0000000000,-0.0000000000,0.0000000000,1.3000000000,0.0000000000,0.0000000000,-0.0997558534,0.0106318346,0.0130196494,0.2464826878,-0.1559149921,-0.0055625103,-0.1637024905,-0.0247041343,-0.0098265881,0.2549174376,-0.1375089416,0.0342048945
0.0000000000,0.0000000000,0.3000000000,0.0108295529,-0.0004517126,-0.8211898558,0.5705521338,0.0075398223,0.0006283185,0.0000000000,-1.3000000000,0.0000000000,-0.0000000000,0.0000000000,1.3000000000,0.0000000000,0.0000000000,-0.1007748316,0.0060383238,0.0153243068,0.2473868877,-0.1561418405,-0.0044029620,-0.1626993269,-0.0265125502,-0.0164687337,0.2501826713,-0.1383209284,0.0349190095
0.0000000000,0.0000000000,0.3000000000,0.0121004654,0.0009084187,-0.8204802753,0.5715460360,0.0075398223,0.0006283185,0.0000000000,-1.3000000000,0.0000000000,-0.0000000000,0.0000000000,1.3000000000,0.0000000000,0.0000000000,-0.1031891331,0.0048980277,0.0181200877,0.2473868877,-0.1565382835,-0.0029509434,-0.1634622663,-0.0276569780,-0.0192645155,0.2496757507,-0.1377898162,0.0357840567
0.0000000000,0.0000000000,0.3000000000,0.0132988124,0.0020374408,-0.8196564313,0.5726974114,0.0075398223,0.0012566370,0.0000000000,-1.3000000000,0.0000000000,-0.0000000000,0.0000000000,1.3000000000,0.0000000000,0.0000000000,-0.1035706103,0.0036240178,0.0177386124,0.2489127964,-0.1565898359,-0.0020890047,-0.1648629793,-0.0291828793,-0.0192645155,0.2508201599,-0.1370594651,0.0362294726
0.0000000000,0.0000000000,0.3000000000,0.0141583400,0.0025343245,-0.8191496985,0.5733994158,0.0075398223,0.0012566370,0.0000000000,-1.3000000000,0.0000000000,-0.0000000000,0.0000000000,1.3000000000,0.0000000000,0.0000000000,-0.1039520875,0.0024795912,0.0181200877,0.2496757507,-0.1563824266,-0.0016714711,-0.1668955535,-0.0307087824,-0.0192645155,0.2508201599,-0.1367936879,0.0366614796
0.0000000000,0.0000000000,0.3000000000,0.0137371526,0.0023012816,-0.8192647336,0.5732462743,0.0075398223,0.0012566370,0.0000000000,-1.3000000000,0.0000000000,-0.0000000000,0.0000000000,1.3000000000,0.0000000000,0.0000000000,-0.1025648653,0.0009536889,0.0188830402,0.2514444528,-0.1559673995,-0.0008370104,-0.1670342298,-0.0307087824,-0.0192645155,0.2508201599,-0.1363959922,0.0358238487
0.0000000000,0.0000000000,0.3000000000,0.0132270157,0.0017954682,-0.8193783376,0.5730976899,0.0075398223,0.0008380818,0.0000000000,-1.3000000000,0.0000000000,-0.0000000000,0.0000000000,1.3000000000,0.0000000000,0.0000000000,-0.1035706103,-0.0001907378,0.0196459908,0.2562875889,-0.1559673995,-0.0008370104,-0.1658784826,-0.0307087824,-0.0192645155,0.2519645989,-0.1363295335,0.0356842070
0.0000000000,0.0000000000,0.3000000000,0.0129396029,0.0014829241,-0.8192593385,0.5732752427,0.0075398223,0.0006283185,0.0000000000,-1.3000000000,0.0000000000,-0.0000000000,0.0000000000,1.3000000000,0.0000000000,0.0000000000,-0.1057352492,-0.0009536889,0.0192645155,0.2616345323,-0.1562257409,-0.0003926762,-0.1661325991,-0.0307087824,-0.0192645155,0.2548921924,-0.1363960356,0.0358237214
0.0000000000,0.0000000000,0.3000000000,0.0128562220,0.0011953187,-0.8188675365,0.5738372996,0.0075398223,0.0006283185,0.0000000000,-1.3000000000,0.0000000000,-0.0000000000,0.0000000000,1.3000000000,0.0000000000,0.0000000000,-0.1077668443,-0.0023432593,0.0192645155,0.2682317058,-0.1564840078,0.0000518357,-0.1668955535,-0.0307087824,-0.0196459908,0.2576867342,-0.1363960356,0.0358237214
0.0000000000,0.0000000000,0.3000000000,0.0127040525,0.0006237628,-0.8187954831,0.5739444005,0.0075398223,0.0012566370,0.0000000000,-1.3000000000,0.0000000000,-0.0000000000,0.0000000000,1.3000000000,0.0000000000,0.0000000000,-0.1085297912,-0.0036240178,0.0192645155,0.2704057861,-0.1567421556,0.0004964905,-0.1668955535,-0.0307087824,-0.0193948793,0.2595941126,-0.1368605644,0.0358105041
0.0000000000,0.0000000000,0.3000000000,0.0126159525,0.0002769182,-0.8189893522,0.5736699418,0.0075398223,0.0006283185,0.0000000000,-1.3000000000,0.0000000000,-0.0000000000,0.0000000000,1.3000000000,0.0000000000,0.0000000000,-0.1076029335,-0.0047684442,0.0192645155,0.2698939443,-0.1567421556,0.0004964905,-0.1676585078,-0.0309263476,-0.0192645155,0.2615014911,-0.1375240684,0.0362164266
0.0000000000,0.0000000000,0.3000000000,0.0124488984,0.0001635013,-0.8188456584,0.5738787205,0.0075398223,0.0006283185,0.0000000000,-1.3000000000,0.0000000000,-0.0000000000,0.0000000000,1.3000000000,0.0000000000,0.0000000000,-0.1085297912,-0.0047684442,0.0188830402,0.2698939443,-0.1567421556,0.0004964905,-0.1676585078,-0.0310902577,-0.0192645155,0.2626459002,-0.1385849768,0.0374625691
0.0000000000,0.0000000000,0.3000000000,0.0121740078,-0.0000660552,-0.8185838412,0.5742580292,0.0075398223,0.0006283185,0.0000000000,-1.3000000000,0.0000000000,-0.0000000000,0.0000000000,1.3000000000,0.0000000000,0.0000000000,-0.1081483141,-0.0047684442,0.0185015649,0.2698939443,-0.1567421556,0.0004964905,-0.1684214473,-0.0322346836,-0.0192645155,0.2654965232,-0.1408227355,0.0412173609
0.0000000000,0.0000000000,0.3000000000,0.0121096342,-0.0004173180,-0.8184020583,0.5745182795,0.0075398223,0.0006283185,0.0000000000,-1.3000000000,0.0000000000,-0.0000000000,0.0000000000,1.3000000000,0.0000000000,0.0000000000,-0.1081483141,-0.0051499200,0.0178406769,0.2698939443,-0.1576684898,0.0015257191,-0.1721341411,-0.0354638343,-0.0192645155,0.2705548425,-0.1457442859,0.0449810348
0.0000000000,0.0000000000,0.3000000000,0.0124958728,-0.0008956920,-0.8182909213,0.5746677467,0.0075398223,0.0006283185,0.0000000000,-1.3000000000,0.0000000000,-0.0000000000,0.0000000000,1.3000000000,0.0000000000,0.0000000000,-0.1085297912,-0.0055313953,0.0173571371,0.2698939443,-0.1584976166,0.0027508363,-0.1781220206,-0.0382293906,-0.0192645155,0.2755071799,-0.1521969955,0.0369144043
0.0000000000,0.0000000000,0.3000000000,0.0135508262,-0.0006630671,-0.8182952462,0.5746379952,0.0075398223,0.0006283185,0.0000000000,-1.3000000000,0.0000000000,-0.0000000000,0.0000000000,1.3000000000,0.0000000000,0.0000000000,-0.1126224148,-0.0059128711,0.0173571371,0.2698939443,-0.1584976166,0.0027508363,-0.1842362082,-0.0383382924,-0.0192645155,0.2811309980,-0.1566241265,0.0377297987
0.0000000000,0.0000000000,0.3000000000,0.0139631891,-0.0005255922,-0.8180066776,0.5750389799,0.0075398223,0.0006283185,0.0000000000,-1.3000000000,0.0000000000,-0.0000000000,0.0000000000,1.3000000000,0.0000000000,0.0000000000,-0.1157778278,-0.0062943464,0.0169756617,0.2698939443,-0.1584976166,0.0027508363,-0.1867322773,-0.0383382924,-0.0192645155,0.2854278330,-0.1601954370,0.0433969216
0.0000000000,0.0000000000,0.3000000000,0.0139425057,-0.0006159837,-0.8172368802,0.5761328916,0.0075398223,0.0012566370,0.0000000000,-1.3000000000,0.0000000000,-0.0000000000,0.0000000000,1.3000000000,0.0000000000,0.0000000000,-0.1176852062,-0.0062943464,0.0158312358,0.2698939443,-0.1584976166,0.0027508363,-0.1862419915,-0.0389924302,-0.0192645155,0.2889677286,-0.1613397151,0.0407668304
0.0000000000,0.0000000000,0.3000000000,0.0138026312,-0.0007255085,-0.8164566735,0.5772412506,0.0075398223,0.0006283185,0.0000000000,-1.3000000000,0.0000000000,-0.0000000000,0.0000000000,1.3000000000,0.0000000000,0.0000000000,-0.1169222519,-0.0062943464,0.0139238574,0.2698939443,-0.1586025458,0.0035012521,-0.1877741554,-0.0391012430,-0.0192645155,0.2893491983,-0.1640781697,0.0377750405
0.0000000000,0.0000000000,0.3000000000,0.0131994715,-0.0011056149,-0.8160184255,0.5778741046,0.0075398223,0.0006283185,0.0000000000,-1.3000000000,0.0000000000,-0.0000000000,0.0000000000,1.3000000000,0.0000000000,0.0000000000,-0.1161593050,-0.0062943464,0.0105923750,0.2698939443,-0.1585465372,0.0036136126,-0.1882581860,-0.0391012430,-0.0192645155,0.2897306681,-0.1652312297,0.0379487104
0.0000000000,0.0000000000,0.3000000000,0.0131508303,-0.0012221850,-0.8159645943,0.5779509865,0.0075398223,0.0006283185,0.0000000000,-1.3000000000,0.0000000000,-0.0000000000,0.0000000000,1.3000000000,0.0000000000,0.0000000000,-0.1169222519,-0.0065489449,0.0068026994,0.2698939443,-0.1586857188,0.0033350785,-0.1886396557,-0.0391012430,-0.0192645155,0.2897306681,-0.1652846187,0.0380633585
0.0000000000,0.0000000000,0.3000000000,0.0132151561,-0.0010467904,-0.8156075115,0.5784536724,0.0075398223,0.0006283185,0.0000000000,-1.3000000000,0.0000000000,-0.0000000000,0.0000000000,1.3000000000,0.0000000000,0.0000000000,-0.1184481606,-0.0062943464,0.0067922191,0.2698939443,-0.1585465372,0.0036136126,-0.1889047406,-0.0387197696,-0.0192645155,0.2897306681,-0.1652846187,0.0380633585
0.0000000000,0.0000000000,0.3000000000,0.0133925776,-0.0008828441,-0.8152510213,0.5789521843,0.0075398223,0.0006283185,0.0000000000,-1.3000000000,0.0000000000,-0.0000000000,0.0000000000,1.3000000000,0.0000000000,0.0000000000,-0.1192111075,-0.0062943464,0.0062943464,0.2698939443,-0.1585465372,0.0036136126,-0.1904523111,-0.0391012430,-0.0192645155,0.2901121676,-0.1654841751,0.0384942032
0.0000000000,0.0000000000,0.3000000000,0.0139060353,-0.0005282027,-0.8154085904,0.5787185619,0.0075398223,0.0006283185,0.0000000000,-1.3000000000,0.0000000000,-0.0000000000,0.0000000000,1.3000000000,0.0000000000,0.0000000000,-0.1199740618,-0.0066758222,0.0062943464,0.2698939443,-0.1585465372,0.0036136126,-0.1938793148,-0.0391012430,-0.0192645155,0.2915370440,-0.1654841751,0.0384942032
0.0000000000,0.0000000000,0.3000000000,0.0149224451,0.0000425387,-0.8159555512,0.5779220166,0.0075398223,0.0006283185,0.0000000000,-1.3000000000,0.0000000000,-0.0000000000,0.0000000000,1.3000000000,0.0000000000,0.0000000000,-0.1229355608,-0.0066758222,0.0062943464,0.2698939443,-0.1585465372,0.0036136126,-0.1992306702,-0.0394827202,-0.0185015649,0.2935454249,-0.1657521278,0.0380517989
0.0000000000,0.0000000000,0.3000000000,0.0158839920,0.0006305550,-0.8163953970,0.5772745075,0.0075398223,0.0006283185,0.0000000000,-1.3000000000,0.0000000000,-0.0000000000,0.0000000000,1.3000000000,0.0000000000,0.0000000000,-0.1253147125,-0.0066758222,0.0062943464,0.2698939443,-0.1581662374,0.0037332155,-0.2012283504,-0.0394827202,-0.0187559145,0.2943083942,-0.1657521278,0.0380517989
0.0000000000,0.0000000000,0.3000000000,0.0161144519,0.0009098960,-0.8162855942,0.5774230037,0.0075398223,0.0012566370,0.0000000000,-1.3000000000,0.0000000000,-0.0000000000,0.0000000000,1.3000000000,0.0000000000,0.0000000000,-0.1254086575,-0.0066758222,0.0055313953,0.2702754140,-0.1576628834,0.0044176346,-0.2012283504,-0.0394827202,-0.0188830402,0.2946898639,-0.1657521278,0.0380517989
0.0000000000,0.0000000000,0.3000000000,0.0160846211,0.0008761075,-0.8158683379,0.5780132979,0.0075398223,0.0007662603,0.0000000000,-1.3000000000,0.0000000000,-0.0000000000,0.0000000000,1.3000000000,0.0000000000,0.0000000000,-0.1250169911,-0.0066758222,0.0044707184,0.2702754140,-0.1574539840,0.0048338687,-0.2008468807,-0.0394827202,-0.0196459908,0.2958342731,-0.1657521278,0.0380517989
0.0000000000,0.0000000000,0.3000000000,0.0159688478,0.0005870957,-0.8156924857,0.5782650084,0.0075398223,0.0006283185,0.0000000000,-1.3000000000,0.0000000000,-0.0000000000,0.0000000000,1.3000000000,0.0000000000,0.0000000000,-0.1241702884,-0.0070572975,0.0040054931,0.2702754140,-0.1574539840,0.0048338687,-0.2012283504,-0.0398641936,-0.0196459908,0.2988016593,-0.1660199761,0.0376092345
0.0000000000,0.0000000000,0.3000000000,0.0160245625,0.0002017271,-0.8157844189,0.5781340282,0.0075398223,0.0006283185,0.0000000000,-1.3000000000,0.0000000000,-0.0000000000,0.0000000000,1.3000000000,0.0000000000,0.0000000000,-0.1241702884,-0.0074387733,0.0025652086,0.2706569135,-0.1574539840,0.0048338687,-0.2023727745,-0.0398641936,-0.0196459908,0.3029967010,-0.1667553484,0.0371545888
0.0000000000,0.0000000000,0.3000000000,0.0160362356,-0.0002116356,-0.8155121377,0.5785177159,0.0075398223,0.0012566370,0.0000000000,-1.3000000000,0.0000000000,-0.0000000000,0.0000000000,1.3000000000,0.0000000000,0.0000000000,-0.1241702884,-0.0078202486,-0.0004958169,0.2724878908,-0.1574539840,0.0048338687,-0.2030593336,-0.0398641936,-0.0204089414,0.3064392090,-0.1674228758,0.0375740938
0.0000000000,0.0000000000,0.3000000000,0.0160011665,-0.0004670472,-0.8147017560,0.5796592044,0.0075398223,0.0012566370,0.0000000000,-1.3000000000,0.0000000000,-0.0000000000,0.0000000000,1.3000000000,0.0000000000,0.0000000000,-0.1249332428,-0.0078202486,-0.0061079903,0.2762858649,-0.1574539840,0.0048338687,-0.2027542591,-0.0402456708,-0.0210787140,0.3080415130,-0.1686437593,0.0384174228
0.0000000000,0.0000000000,0.3000000000,0.0156853668,-0.0007550495,-0.8136623473,0.5811256179,0.0075398223,0.0012566370,0.0000000000,-1.3000000000,0.0000000000,-0.0000000000,0.0000000000,1.3000000000,0.0000000000,0.0000000000,-0.1267626715,-0.0074387733,-0.0074387733,0.2823267544,-0.1574539840,0.0048338687,-0.2013062971,-0.0398641936,-0.0223163199,0.3088044524,-0.1695558571,0.0401456052
0.0000000000,0.0000000000,0.3000000000,0.0154080521,-0.0011639175,-0.8130986017,0.5819208720,0.0075398223,0.0011309022,0.0000000000,-1.3000000000,0.0000000000,-0.0000000000,0.0000000000,1.3000000000,0.0000000000,0.0000000000,-0.1290531323,-0.0074387733,-0.0074387733,0.2869840131,-0.1576628834,0.0044176346,-0.2012283504,-0.0398641936,-0.0237658829,0.3095673919,-0.1716862887,0.0427286938
0.0000000000,0.0000000000,0.3000000000,0.0153451583,-0.0014226974,-0.8131265602,0.5818828912,0.0075398223,0.0006283185,0.0000000000,-1.3000000000,0.0000000000,-0.0000000000,0.0000000000,1.3000000000,0.0000000000,0.0000000000,-0.1295109540,-0.0073639772,-0.0074387733,0.2882047892,-0.1576628834,0.0044176346,-0.2016098201,-0.0398641936,-0.0252933283,0.3110933006,-0.1725518703,0.0435894728
0.0000000000,0.0000000000,0.3000000000,0.0153122201,-0.0015610152,-0.8130500756,0.5819902695,0.0075398223,0.0006283185,0.0000000000,-1.3000000000,0.0000000000,-0.0000000000,0.0000000000,1.3000000000,0.0000000000,0.0000000000,-0.1295109540,-0.0070572975,-0.0078202486,0.2878232896,-0.1576628834,0.0044176346,-0.2016098201,-0.0398641936,-0.0268940255,0.3118562698,-0.1728214622,0.0431451574
0.0000000000,0.0000000000,0.3000000000,0.0153265268,-0.0016210406,-0.8124260986,0.5828604500,0.0075398223,0.0012566370,0.0000000000,-1.3000000000,0.0000000000,-0.0000000000,0.0000000000,1.3000000000,0.0000000000,0.0000000000,-0.1298924237,-0.0070572975,-0.0078202486,0.2878232896,-0.1576628834,0.0044176346,-0.2012283504,-0.0398641936,-0.0280384533,0.3118562698,-0.1729752345,0.0434826222
0.0000000000,0.0000000000,0.3000000000,0.0153664777,-0.0016791853,-0.8117925081,0.5837413600,0.0075398223,0.0007412556,0.0000000000,-1.3000000000,0.0000000000,-0.0000000000,0.0000000000,1.3000000000,0.0000000000,0.0000000000,-0.1298924237,-0.0070572975,-0.0082017239,0.2878232896,-0.1576628834,0.0044176346,-0.2012283504,-0.0395512881,-0.0280384533,0.3118562698,-0.1732187420,0.0440160222
0.0000000000,0.0000000000,0.3000000000,0.0153397188,-0.0017507036,-0.8116451474,0.5839467295,0.0075398223,0.0011334323,0.0000000000,-1.3000000000,0.0000000000,-0.0000000000,0.0000000000,1.3000000000,0.0000000000,0.0000000000,-0.1298924237,-0.0070572975,-0.0085832002,0.2878232896,-0.1576628834,0.0044176346,-0.2012283504,-0.0395575220,-0.0280384533,0.3118562698,-0.1732187420,0.0440160222
0.0000000000,0.0000000000,0.3000000000,0.0152129752,-0.0017876118,-0.8118010720,0.5837331491,0.0075398223,0.0006283185,0.0000000000,-1.3000000000,0.0000000000,-0.0000000000,0.0000000000,1.3000000000,0.0000000000,0.0000000000,-0.1298924237,-0.0070572975,-0.0085832002,0.2878232896,-0.1576628834,0.0044176346,-0.2012283504,-0.0398641936,-0.0280384533,0.3118562698,-0.1732187420,0.0440160222
0.0000000000,0.0000000000,0.3000000000,0.0150668542,-0.0018008876,-0.8117586439,0.5837958982,0.0075398223,0.0011530239,0.0000000000,-1.3000000000,0.0000000000,-0.0000000000,0.0000000000,1.3000000000,0.0000000000,0.0000000000,-0.1302738935,-0.0070572975,-0.0089017681,0.2878232896,-0.1576628834,0.0044176346,-0.2005283049,-0.0398641936,-0.0280384533,0.3118562698,-0.1732187420,0.0440160222
0.0000000000,0.0000000000,0.3000000000,0.0148122996,-0.0018210304,-0.8115686604,0.5840664252,0.0075398223,0.0007450084,0.0000000000,-1.3000000000,0.0000000000,-0.0000000000,0.0000000000,1.3000000000,0.0000000000,0.0000000000,-0.1302738935,-0.0070572975,-0.0097276261,0.2878232896,-0.1576628834,0.0044176346,-0.2004653960,-0.0398641936,-0.0280384533,0.3118562698,-0.1732187420,0.0440160222
0.0000000000,0.0000000000,0.3000000000,0.0146698121,-0.0018134650,-0.8115289636,0.5841252000,0.0075398223,0.0007015880,0.0000000000,-1.3000000000,0.0000000000,-0.0000000000,0.0000000000,1.3000000000,0.0000000000,0.0000000000,-0.1302738935,-0.0074387733,-0.0115905198,0.2878232896,-0.1578716646,0.0040011827,-0.2004653960,-0.0402456708,-0.0280384533,0.3118562698,-0.1732187420,0.0440160222
0.0000000000,0.0000000000,0.3000000000,0.0144711194,-0.0017829906,-0.8117292496,0.5838518931,0.0075398223,0.0012566370,0.0000000000,-1.3000000000,0.0000000000,-0.0000000000,0.0000000000,1.3000000000,0.0000000000,0.0000000000,-0.1302738935,-0.0074387733,-0.0165417613,0.2878232896,-0.1578716785,0.0040012263,-0.2004653960,-0.0406271443,-0.0280384533,0.3118562698,-0.1732187420,0.0440160222
0.0000000000,0.0000000000,0.3000000000,0.0142687962,-0.0016543258,-0.8116248924,0.5840023105,0.0075398223,0.0006283185,0.0000000000,-1.3000000000,0.0000000000,-0.0000000000,0.0000000000,1.3000000000,0.0000000000,0.0000000000,-0.1317525489,-0.0074387733,-0.0181673419,0.2882047892,-0.1579036492,0.0040564963,-0.2004653960,-0.0406271443,-0.0284199286,0.3118562698,-0.1732187420,0.0440160222
0.0000000000,0.0000000000,0.3000000000,0.0142733165,-0.0014465685,-0.8110861772,0.5847507101,0.0075398223,0.0011729720,0.0000000000,-1.3000000000,0.0000000000,-0.0000000000,0.0000000000,1.3000000000,0.0000000000,0.0000000000,-0.1329442263,-0.0074387733,-0.0188830402,0.2882047892,-0.1581289321,0.0044469852,-0.2004653960,-0.0406271443,-0.0295643546,0.3118562698,-0.1731472909,0.0448961221
0.0000000000,0.0000000000,0.3000000000,0.0142813127,-0.0012916672,-0.8106868889,0.5853043173,0.0075398223,0.0012566370,0.0000000000,-1.3000000000,0.0000000000,-0.0000000000,0.0000000000,1.3000000000,0.0000000000,0.0000000000,-0.1333257109,-0.0078202486,-0.0196459908,0.2882047892,-0.1580743422,0.0043522659,-0.2008468807,-0.0406271443,-0.0299458299,0.3114747703,-0.1731472909,0.0448961221
0.0000000000,0.0000000000,0.3000000000,0.0141057837,-0.0013767789,-0.8105388204,0.5855134089,0.0075398223,0.0012566370,0.0000000000,-1.3000000000,0.0000000000,-0.0000000000,0.0000000000,1.3000000000,0.0000000000,0.0000000000,-0.1333257109,-0.0078202486,-0.0200274661,0.2882047892,-0.1579737259,0.0041779995,-0.2008468807,-0.0406271443,-0.0299458299,0.3114747703,-0.1731472909,0.0448961221
0.0000000000,0.0000000000,0.3000000000,0.0138511454,-0.0015099352,-0.8105218267,0.5855426836,0.0075398223,0.0007978724,0.0000000000,-1.3000000000,0.0000000000,-0.0000000000,0.0000000000,1.3000000000,0.0000000000,0.0000000000,-0.1333257109,-0.0074387733,-0.0200274661,0.2885862589,-0.1578717546,0.0040012647,-0.2004653960,-0.0406271443,-0.0303273052,0.3114747703,-0.1731472909,0.0448961221
0.0000000000,0.0000000000,0.3000000000,0.0135939042,-0.0017103812,-0.8103489654,0.5857873630,0.0075398223,0.0006283185,0.0000000000,-1.3000000000,0.0000000000,-0.0000000000,0.0000000000,1.3000000000,0.0000000000,0.0000000000,-0.1337071806,-0.0074387733,-0.0207904167,0.2888896205,-0.1578716785,0.0040012263,-0.2004653960,-0.0406271443,-0.0307087824,0.3114747703,-0.1731472909,0.0448961221
0.0000000000,0.0000000000,0.3000000000,0.0134407121,-0.0018426460,-0.8101261714,0.5860985739,0.0075398223,0.0011092973,0.0000000000,-1.3000000000,0.0000000000,-0.0000000000,0.0000000000,1.3000000000,0.0000000000,0.0000000000,-0.1337071806,-0.0074387733,-0.0211718921,0.2892597443,-0.1578716785,0.0040012263,-0.2004653960,-0.0406271443,-0.0307087824,0.3118562698,-0.1731472909,0.0448961221
0.0000000000,0.0000000000,0.3000000000,0.0132222395,-0.0019913718,-0.8100844397,0.5861607351,0.0075398223,0.0007121998,0.0000000000,-1.3000000000,0.0000000000,-0.0000000000,0.0000000000,1.3000000000,0.0000000000,0.0000000000,-0.1337071806,-0.0074387733,-0.0211718921,0.2904936373,-0.1578716785,0.0040012263,-0.2004653960,-0.0402456708,-0.0310902577,0.3118562698,-0.1731472909,0.0448961221
0.0000000000,0.0000000000,0.3000000000,0.0129910848,-0.0021715632,-0.8102125810,0.5859881309,0.0075398223,0.0011216025,0.0000000000,-1.3000000000,0.0000000000,-0.0000000000,0.0000000000,1.3000000000,0.0000000000,0.0000000000,-0.1344701350,-0.0074387733,-0.0211718921,0.2916380465,-0.1578716785,0.0040012263,-0.2001659096,-0.0402456708,-0.0310902577,0.3118562698,-0.1729489118,0.0444603562
0.0000000000,0.0000000000,0.3000000000,0.0128499756,-0.0022492517,-0.8102248813,0.5859739420,0.0075398223,0.0006283185,0.0000000000,-1.3000000000,0.0000000000,-0.0000000000,0.0000000000,1.3000000000,0.0000000000,0.0000000000,-0.1356145591,-0.0070572975,-0.0215533692,0.2916380465,-0.1578716785,0.0040012263,-0.2004653960,-0.0402456708,-0.0310902577,0.3118562698,-0.1729489118,0.0444603562
0.0000000000,0.0000000000,0.3000000000,0.0128426210,-0.0022410054,-0.8101383952,0.5860937003,0.0075398223,0.0006283185,0.0000000000,-1.3000000000,0.0000000000,-0.0000000000,0.0000000000,1.3000000000,0.0000000000,0.0000000000,-0.1352330744,-0.0070572975,-0.0223163199,0.2916380465,-0.1578716785,0.0040012263,-0.2004653960,-0.0402456708,-0.0310902577,0.3118562698,-0.1729489118,0.0444603562
0.0000000000,0.0000000000,0.3000000000,0.0127076097,-0.0022913379,-0.8099769401,0.5863195570,0.0075398223,0.0011668699,0.0000000000,-1.3000000000,0.0000000000,-0.0000000000,0.0000000000,1.3000000000,0.0000000000,0.0000000000,-0.1352330744,-0.0074387733,-0.0226977952,0.2916380465,-0.1578716785,0.0040012263,-0.2000839263,-0.0402456708,-0.0314717330,0.3118562698,-0.1729489118,0.0444603562
0.0000000000,0.0000000000,0.3000000000,0.0126408751,-0.0022890325,-0.8098332276,0.5865194899,0.0075398223,0.0011037929,0.0000000000,-1.3000000000,0.0000000000,-0.0000000000,0.0000000000,1.3000000000,0.0000000000,0.0000000000,-0.1356145591,-0.0074387733,-0.0233679485,0.2916380465,-0.1578716785,0.0040012263,-0.2000839263,-0.0402456708,-0.0314717330,0.3118562698,-0.1729489118,0.0444603562
0.0000000000,0.0000000000,0.3000000000,0.0126105095,-0.0022625480,-0.8096694751,0.5867462799,0.0075398223,0.0006283185,0.0000000000,-1.3000000000,0.0000000000,-0.0000000000,0.0000000000,1.3000000000,0.0000000000,0.0000000000,-0.1359960288,-0.0074387733,-0.0249420823,0.2920195460,-0.1578716785,0.0040012263,-0.2000839263,-0.0402456708,-0.0318532065,0.3118562698,-0.1726789922,0.0449045338
0.0000000000,0.0000000000,0.3000000000,0.0125832478,-0.0021587093,-0.8093851697,0.5871393778,0.0075398223,0.0006283185,0.0000000000,-1.3000000000,0.0000000000,-0.0000000000,0.0000000000,1.3000000000,0.0000000000,0.0000000000,-0.1371404529,-0.0074387733,-0.0272581255,0.2924010158,-0.1578716785,0.0040012263,-0.2000839263,-0.0406271443,-0.0318532065,0.3118562698,-0.1726789922,0.0449045338
0.0000000000,0.0000000000,0.3000000000,0.0126170587,-0.0019816534,-0.8089842946,0.5876914956,0.0075398223,0.0006283185,0.0000000000,-1.3000000000,0.0000000000,-0.0000000000,0.0000000000,1.3000000000,0.0000000000,0.0000000000,-0.1386663616,-0.0074387733,-0.0295567212,0.2954451701,-0.1578716785,0.0040012263,-0.2000839263,-0.0406271443,-0.0322346836,0.3118562698,-0.1726789922,0.0449045338
0.0000000000,0.0000000000,0.3000000000,0.0124378700,-0.0019755516,-0.8086491702,0.5881563704,0.0075398223,0.0012566370,0.0000000000,-1.3000000000,0.0000000000,-0.0000000000,0.0000000000,1.3000000000,0.0000000000,0.0000000000,-0.1405737400,-0.0074387733,-0.0299458299,0.3004004530,-0.1578716785,0.0040012263,-0.1997139884,-0.0402456708,-0.0326161608,0.3118562698,-0.1726789922,0.0449045338
0.0000000000,0.0000000000,0.3000000000,0.0120996360,-0.0021255742,-0.8086136600,0.5882117217,0.0075398223,0.0012566370,0.0000000000,-1.3000000000,0.0000000000,-0.0000000000,0.0000000000,1.3000000000,0.0000000000,0.0000000000,-0.1420996487,-0.0074387733,-0.0299458299,0.3045926031,-0.1578716785,0.0040012263,-0.1989395022,-0.0402456708,-0.0329976343,0.3118562698,-0.1726789922,0.0449045338
0.0000000000,0.0000000000,0.3000000000,0.0117192542,-0.0023744157,-0.8087085357,0.5880880254,0.0075398223,0.0006465035,0.0000000000,-1.3000000000,0.0000000000,-0.0000000000,0.0000000000,1.3000000000,0.0000000000,0.0000000000,-0.1420996487,-0.0074387733,-0.0299458299,0.3053711653,-0.1578716785,0.0040012263,-0.1985580176,-0.0402456708,-0.0329976343,0.3122377396,-0.1726789922,0.0449045338
0.0000000000,0.0000000000,0.3000000000,0.0118100350,-0.0023561186,-0.8086886719,0.5881135977,0.0075398223,0.0006283185,0.0000000000,-1.3000000000,0.0000000000,-0.0000000000,0.0000000000,1.3000000000,0.0000000000,0.0000000000,-0.1420996487,-0.0074387733,-0.0303148763,0.3049896955,-0.1578716785,0.0040012263,-0.1989395022,-0.0402456708,-0.0329976343,0.3126192093,-0.1726789922,0.0449045338
0.0000000000,0.0000000000,0.3000000000,0.0117068952,-0.0023880910,-0.8084916222,0.5883863887,0.0075398223,0.0006283185,0.0000000000,-1.3000000000,0.0000000000,-0.0000000000,0.0000000000,1.3000000000,0.0000000000,0.0000000000,-0.1420996487,-0.0074387733,-0.0307087824,0.3049896955,-0.1578716785,0.0040012263,-0.1989395022,-0.0402456708,-0.0337605849,0.3130006790,-0.1726789922,0.0449045338
0.0000000000,0.0000000000,0.3000000000,0.0115247919,-0.0025555806,-0.8083868082,0.5885332756,0.0075398223,0.0006388485,0.0000000000,-1.3000000000,0.0000000000,-0.0000000000,0.0000000000,1.3000000000,0.0000000000,0.0000000000,-0.1420996487,-0.0074387733,-0.0310838646,0.3049896955,-0.1578716785,0.0040012263,-0.1989395022,-0.0402520639,-0.0341420621,0.3133821487,-0.1726789922,0.0449045338
0.0000000000,0.0000000000,0.3000000000,0.0113803030,-0.0026429447,-0.8083969544,0.5885217648,0.0075398223,0.0006283185,0.0000000000,-1.3000000000,0.0000000000,-0.0000000000,0.0000000000,1.3000000000,0.0000000000,0.0000000000,-0.1420996487,-0.0074387733,-0.0310902577,0.3049896955,-0.1578716785,0.0040012263,-0.1989395022,-0.0402456708,-0.0341420621,0.3133821487,-0.1726789922,0.0449045338
